index,question,ground_truth,predicted,correct,raw_response
0,Which of the following is derived from fibroblast cells ?,A,C,False,C
1,"In Alleged history of gun shot injury.there is burning, blackening, tattooing around the wound Di collar, the injury is",A,A,True,A
2,Which macrolide is active against Mycobaterium leprae?,A,A,True,A
3,Xanthenuric acid is produced in metabolism of?,A,D,False,D
4,Most common site of direct hernia,A,A,True,A
5,Resistance to lateral shifting or anteroposterior shifting is called as:,A,B,False,B
6,Marker of endoplasmic reticulum?,A,B,False,B
7,"A 10 years old male presents a smooth swelling near superficial inguinal ring, which moves downwards when the testicle is pulled downwards. Diagnosis -",A,A,True,A
8,Pain and temperature sensation are transmitted by?,A,B,False,B
9,All are derived from ectoderm except ?,A,A,True,A
10,Tannerella forsythia is a ?,A,A,True,A
11,On which day LH & FSH should be measured ?,A,A,True,A
12,Lepra cell are?,A,A,True,A
13,FDA approved drug for refractory schizophrenia ?,A,C,False,C
14,Which of the following bacteria is not a primary colonizer:,A,A,True,A
15,True of umbilical hernia -,A,B,False,B
16,Failure rate of Pomeroy's method of tubal ligation is ?,A,A,True,A
17,Tumor NOT commonly seen in first decade of life?,A,C,False,C
18,Straight sinus is formed by?,A,A,True,A
19,Fenthion is ?,A,A,True,A
20,Feilization usually occurs in which pa of fallopian tube?,A,B,False,B
21,Behavioral surveillance survey is done in ?,A,C,False,C
22,True about alkaptonuria ?,A,B,False,B
23,24 hours wearing is possible by which functional appliances:,A,A,True,A.
24,Afferents for stretch reflexes are carried by which fibers?,A,A,True,A
25,False about MgSo4 is ?,A,B,False,B
26,Green colour of triage is for which patient ?,A,D,False,D
27,Prognosis of treatment in case of Class II malocclusion is favorable when?,A,A,True,A
28,The most common cause of death in SLE in children,A,A,True,A
29,Most common site of ectopic pregnancy is ?,A,B,False,B
30,"In comparison with the permanent mandibular canine, the permanent maxillary canine:",A,C,False,C
31,Which of these drugs is a glucagon-like peptide-1 (GLP-1)agonist?,A,B,False,B
32,Absorbed fluoride is eliminated by:,A,A,True,A
33,"All are true of opioid withdrawal, except:NIMHANS 10; PGI 14",A,B,False,B
34,Orange sweat is seen in:,A,A,True,A
35,Which is the main function of reverse-pull headgear?,A,B,False,B
36,Palpable femur head on per rectal exam is a feature of which of the following conditions?,A,A,True,A
37,Prognosis is better in?,A,C,False,C
38,Haemophilia A is :,A,B,False,B
39,Treatment of choice for squamous cell carcinoma of anus below dentate line is?,A,C,False,C
40,In porphyria all the following drugs are safe EXCEPT:,A,D,False,D
41,Corneal ulcer resembling fungal ulcer is seen in infection with which of the agents?,A,A,True,A
42,Multi-unit smooth muscle present at all except ?,A,D,False,D
43,Which ACE inhibitor in safe in renal failure ?,A,B,False,B
44,Abuse of which of the following is the most common cause of seizures:,A,C,False,C
45,Cause of bilateral optic atrophy ?,A,B,False,B
46,Mosaic pattern of coment line is characteristically seen in -,A,C,False,C
47,Proteins which are present in attached plaque:,A,C,False,C
48,Most common influenza virus causing disease?,A,A,True,A
49,Not associated with endometrial hyperplasia ?,A,A,True,A
50,Maximum oral structures are having their origin from,A,C,False,C
51,Longitudinal studies:,A,D,False,D
52,Yawning is a common feature of ?,A,B,False,B
53,Most common route of nosocomial infection ?,A,B,False,B
54,Which is increased in plasma of chronic hea disease pts,A,A,True,A
55,Increase in Duration of expiration is due to?,A,C,False,C
56,Uhthoff's sign is seen in:,A,C,False,C
57,Fluoroquinolones with maximum bioavailability is?,A,A,True,A
58,"In type la maple syrup urine disease, gene mutation seen is ?",A,A,True,A
59,"After periodontal surgery, epithelial reattachment to root by hemidesmosomes occurs within?",A,A,True,A
60,Onion peel appearanace on Xray is seen in which of the following conditions ?,A,A,True,A
61,Fastest acting anti malarial drug is ?,A,B,False,B
62,Rolled leaf tobacco is used inside a leaf of jack fruit tree is?,A,B,False,B
63,Fair bank’s triangle is seen in?,A,D,False,D
64,Definitive treatment of adenomyosis is ?,A,D,False,D
65,True about heparin induced thrombocytopenia ?,A,B,False,B
66,SARS infection case fatality rate of >50% is observed in patients of which age group?,A,D,False,D
67,Which of these steps is followed first for the management of shoulder dystocia after McRobes maneuver?,A,B,False,B
68,Which of the following drug can be given in patients of primary pulmonary hypeension?,A,B,False,B
69,Loeffer's serum is an example of,A,D,False,D
70,"Mother of a Aggressive, demanding child could be:",A,A,True,A
71,Respiratory bronchioles are formed from ?,A,A,True,A
72,Mission Indradhanush was launched in 2014 for?,A,A,True,A
73,A seasamoid bone is present in the tendon of?,A,A,True,A
74,Most commonly used drug for prophylaxis of migraine is?,A,B,False,B
75,Permission from DCGI is needed before which phase of drug trial?,A,A,True,A
76,Fresh water swimming leads to infection by -,A,D,False,D
77,Maximum concentration for epidural block ?,A,A,True,A
78,Featherless preparation is also known as:,A,C,False,C
79,hL/h blood group-,A,A,True,A
80,Toronto Automated Probe is made up of,A,C,False,C
81,Most commonly affected in ormond's disease,A,D,False,D
82,"As per the bone bending theory, the convex surface:",A,A,True,A
83,Mechanism of heat loss in modern X-ray tube is,A,A,True,A
84,Which of the following fractures of the neck of femur are associated with maximal compromise in blood supply ?,A,B,False,B
85,Key Etiological agent in localized Aggressive periodontitis is :,A,A,True,A.
86,Man-made dentin is:,A,A,True,A
87,Health center in remotest area for planning and management of schemes:,A,C,False,C
88,All of the following is true about hea transplantation except -,A,D,False,D
89,Motilin secretion decreased in ?,A,B,False,B
90,Which of the following is most specific for arsenic poisoning ?,A,B,False,B
91,occlusal rest seats can be prepared on:,A,A,True,A
92,Limiting structures in the maxilla:,A,D,False,D
93,Which tendon is lodged in the groove on posterior surface of lateral malleolus?,A,A,True,A
94,Which type of aery is most commonly involved in PAN?,A,A,True,A
95,Scaling is not feature of which of the following?,A,B,False,B
96,Endothelial molecule paicipating in rolling is,A,A,True,A
97,Lecithine hydrolysis yeilds ?,A,A,True,A
98,Opiates cause all of the following except:,A,D,False,D
99,Rectal prolapse surgery is,A,D,False,D
100,which of the following is not Ribozyme?,A,D,False,D
101,Which of these drugs used for glaucoma is free of systemic side-effects / complications and can be used as once-a-day instillation?,A,C,False,C
102,Oblique popliteal ligament is derived from ?,A,D,False,D
103,All of the following are true about neutron contrast study except -,A,B,False,B
104,Treatment of choice in patient with infeility & endometriosis ?,A,B,False,B
105,Which test is suitable to elicit mouth breathers?,A,C,False,C
106,Decreased orthodontic tooth movement is associated with all of the following except,A,B,False,B
107,Triad of symptoms of endometriosis are all except ?,A,B,False,B
108,Presenting diameter of full flexed head:,A,A,True,A
109,"Which increases affinity of hemoglobin for 0,-",A,A,True,A
110,"After surveying the cast in horizontal direction, the main purpose of tilting the cast is to determine:",A,A,True,A
111,Mother does not transmit what antibody to the baby -,A,B,False,B
112,The most common site of endometriosis is?,A,A,True,A
113,"When we say that “the difference is significant”, it means that?",A,C,False,C
114,First sign of Volkman ischemia is?,A,D,False,D
115,All of the following are roles of T helper cells except:,A,D,False,D
116,Most common cause of shock in child,A,A,True,A
117,Which of the following is not a soft tissue marker of Down syndrome on USG ?,A,D,False,D
118,Rolled up omentum is seen in cases of -,A,A,True,A
119,Thrombosis of posterior inferior cerebellar aery causes:,A,A,True,A
120,"The distance b/w apical extent of calculus and alveolar crest in human periodontal pockets is most constant, having a mean length of?",A,A,True,A
121,Which of these is a type of scleroderma:,A,C,False,C
122,"DCDA twins, 38wks, first twin breech mother has BP 140/96, 1+ proteinuria what's the management",A,A,True,A
123,"After injecting testosterone in a hypoandrogenic male, which of the following occurs ?",A,A,True,A
124,"A patient has day care surgery, what we will advise for:",A,C,False,C
125,"Normally, the left adrenal venous drainage is into which of the following?",A,A,True,A
126,Postion in surgery for pilonidal sinus,A,C,False,C
127,Not a primary air pollutant?,A,B,False,B
128,Relative contraindication of neuraxial/regional anesthesia is?,A,B,False,B
129,Which of the following is the requisite of ideal study model?,A,D,False,D
130,Tdap vaccine is give in between which weeks of pregnancy?,A,D,False,D
131,"In phenylketonuria, diet restriction is advised for -",A,B,False,B
132,Caloric requirement in an adult male for heavy work?,A,C,False,C
133,Vibrations are detected by which types of receptors?,A,A,True,A
134,Eales disease is ?,A,C,False,C
135,Which of the following is a resorbable bioceramic?,A,D,False,D
136,Which of the following is not true about Galeazzi fracture dislocation?,A,A,True,A
137,Temperol association is best established by?,A,A,True,A
138,Cemental spurts is the name given to:,A,A,True,A
139,Which of the following lipoproteins is the fastest migrating on electrophoresis and has the lowest triacylglycerolcontent?,A,D,False,D
140,Euphemism used for Alginate is:,A,A,True,A.
141,Hydrolysis occurs at which step of urea cycle ?,A,A,True,A
142,The pattern of inheritance seen in cases of ABO blood groups and HLA antigens is–,A,C,False,C
143,All of the following are features of enlarged adenoids except?,A,B,False,B
144,Chylomicrons core is formed by ?,A,B,False,B
145,Half life of Ra-226 -,A,B,False,B
146,Frankel 1c is used for:,A,A,True,A
147,Best study for definitive cause of disease ?,A,B,False,B
148,Battle door inseion of placenta ?,A,A,True,A
149,"In acute angle closure glaucoma, primary mechanism of pathogenesis is ?",A,C,False,C
150,Andresen appliance is:,A,A,True,A.
151,This Strip is used for measuring ?,A,A,True,A
152,Cardiac output in pregnancy increases from which week of gestation,A,C,False,C
153,Homer rosette is seen in -,A,D,False,D
154,PERT is a technique for?,A,A,True,A
155,Ultrasonographic finding of autosomal recessive polycystic kidney disease are all except,A,A,True,A
156,Drug transport across the cell membrane is mainly by?,A,A,True,A
157,"After death, blood is taken from ?",A,A,True,A
158,Which wall of hea enlargement can be seen on barium swallow in patient with mitral stenosis-,A,A,True,A
159,Which interleukin is required fordifferentiation of eosinophils?,A,D,False,D
160,The cement filling material which has the most severe injurious effect on pulp is:,A,B,False,B
161,Treatment of IBI ca cervix ?,A,D,False,D
162,Treatment of choice for fracture neck femur in a 40 years old female,A,A,True,A
163,Bacteria implicated in association with puberty gingivitis?,A,B,False,B
164,Susceptible person developed disease within range of IP after coming in contact with primary case -,A,A,True,A
165,A problem village is defined as if water source is ?,A,A,True,A
166,Vital statistics in a population are ?,A,D,False,D
167,Normally squamo-columnar junction is usually located at,A,A,True,A
168,We administer hexamethonium to a subject. He is in the supine position. Which of the following responses would you expect in response to this drug?,A,A,True,A
169,‘Blackouts’ in a person of alcohol consumption is seen in which of the following conditions?,A,A,True,A
170,Resistance to the occlusal forces in vertical direction is called:,A,C,False,C
171,Osteonerosis is seen in all except,A,B,False,B
172,Milwaukee Brace is used in -,A,C,False,C
173,The two molecules of Aminosalicylate coupled azo bond form?,A,D,False,D
174,Standardized death rates are used because health?,A,A,True,A
175,Prolactin secreted maximum at-,A,B,False,B
176,"Hypodontia is mainly found in all, except:",A,D,False,D
177,Best parameter for estimation of fetal age by ultrasound in 3rd trimester is ?,A,A,True,A
178,Aspergillus fumigatus is differentiated by other fungi by ?,A,A,True,A
179,Mandible of verticle growers rotates in?,A,A,True,A
180,When is folic acid staed in pregnancy ?,A,C,False,C
181,Last point where reproductive and child health programme are include :,A,C,False,C
182,Snow storm appearance on chest X-ray is seen in -,A,C,False,C
183,Receptive area of stomach?,A,D,False,D
184,"Defects produced by loss of interdental bone, including the facial plates and lingual plates, without concomitant loss of radicular bone known as?",A,C,False,C
185,Hypophosphatemic rickets is,A,A,True,A
186,Constant presence of a disease or infectious agent at high incidence/prevalence and affects all age groups equally?,A,B,False,B
187,The gap in time b/w the onset of the primary case and the secondary case is called?,A,A,True,A
188,Enzymes that degrade collagen and other matrix macromolecules into small peptides are called?,A,A,True,A
189,Mainpuri tobacco is used mostly in?,A,A,True,A
190,Periportal necrosis is caused by?,A,C,False,C
191,Primary teeth differ from permanent teeth in having:,A,A,True,A
192,In zero gravity V/Q ratio is ?,A,A,True,A
193,Gammaglobulins are formed by?,A,C,False,C
194,Which of the following is not a diagnostic periodontal instrument?,A,D,False,D
195,Range of flight of Aedes mosquito is ?,A,B,False,B
196,"""Prosopagnosia"" is characterized by :",A,B,False,B
197,What is the choice of treatment for idiopathic thrombocytopenia purpura (ITP)?,A,D,False,D
198,Wahin finkeldey cells are seen in,A,A,True,A
199,Skeletal fluorosis occurs with fluoride level in water?,A,D,False,D
200,Rizatriptan is an drug used for?,A,B,False,B
201,Tubuloglomerular feedback is for regulation of?,A,D,False,D
202,Occurrence of a disease in a haphazard and irregular pattern is known as?,A,C,False,C
203,"Subconjunctival hemorrhage with periorbital ecchymosis and edema suggests a fracture of zygoma, nasal bone or frontal bone. Sublingual hematoma is diagnostic of mandibular fracture.",A,A,True,A
204,Which of the following passes posterior to the hilum of the lung?,A,A,True,A
205,Enucleation is indicated in ?,A,C,False,C
206,Criteria for bility of muscle are all except,A,A,True,A
207,The most common cause of pedal botyromycosis is–,A,B,False,B
208,Which of the following is an absolute indication for caesarian section?,A,C,False,C
209,Infraspinous fossa of scapula contains which of the following muscles?,A,B,False,B
210,Spontaneous esophageal rupture is most common in,A,A,True,A
211,Percuteneous chemical lumbar sympathectomy is practised using -,A,A,True,A
212,Organ sensing angular movement is:,A,A,True,A
213,Function of myenteric plexus is to regulate ?,A,C,False,C
214,“Orphan Annie eye nuclei” is seen in?,A,A,True,A
215,Ashley Howe considered the crowding of teeth to be the result of deficiency in:,A,B,False,B
216,Abbes flap is used for,A,A,True,A
217,Which is the most common manifestation of recurrent HSVl infection:,A,B,False,B
218,The Placement and direction of Proximal grooves on 3/4th crown on molar teeth:,A,A,True,A
219,Earliest sign after IUFD is ?,A,A,True,A
220,"In Cystinuria all of the following amino-acids reabsorption defect is present, except",A,C,False,C
221,Commonest cause of midline diastema is:,A,B,False,B
222,All of the following are true about Down syndrome except,A,A,True,A
223,All of the following veins drain into the IVC except–,A,B,False,B
224,Betamethasone given to preterm patient for all except ?,A,A,True,A
225,Oculoorogenital ulcers are a feature of ?,A,A,True,A
226,KHN value of amalgam is:,A,A,True,A
227,True about aquaporins are all except ?,A,A,True,A
228,"In Subtotal Thyroidectomy, What is true",A,D,False,D
229,Leydig cells of fetus testis secretes,A,C,False,C
230,Spindle and epitheloid cells are seen in?,A,A,True,A
231,In chronic gingivitis changes that occur in the consistency of the gingival area:,A,B,False,B.
232,Watson crick model is for which DNA ?,A,A,True,A
233,Normal interstitial pressure is ?,A,B,False,B
234,The lesion which is observed during pregnancy as a single gingival enlargement is known as :,A,C,False,C
235,"According to Casper's dictum, decomposition is the fastest when the body is in which of the following?",A,A,True,A
236,"In the heart, the repolarisation wave first starts from which of the following areas?",A,D,False,D
237,White fibers are present in which muscle?,A,A,True,A
238,After chronic use of steroids severe pain in right hip with immobility is due to,A,A,True,A
239,Pyruvate is synthesized from,A,B,False,B
240,Treatment of hypercalcemia includes all except,A,B,False,B
241,Keyhole sign on ultrasound is seen in -,A,A,True,A
242,Calcified pulmonary metastasis is seen in which carcinoma -,A,B,False,B
243,Thyroid hormone binds to which receptor ?,A,C,False,C
244,Adder head appearance is seen in:March 2011,A,A,True,A
245,Breast surgery is considered under what category of cardiac risk?,A,C,False,C
246,Aggressive periodontitis previously was known as :,A,A,True,A.
247,Cerebellar damage causes all except ?,A,B,False,B
248,Which of the following is true about divergent squint,A,A,True,A
249,"For an appeal against disciplinary action, final verdict is given by–",A,D,False,D
250,True about cephalhematoma is :,A,A,True,A
251,Retromolar pad gives:,A,A,True,A
252,A drug which mimics “low-grade” aspirin toxicity (salicylism) is?,A,D,False,D
253,Ophitoxemia is ?,A,A,True,A
254,"In orthodontic treament, rapid tooth movement will cause all except",A,B,False,B
255,Avidin has affinity for ?,A,C,False,C
256,Boot shape of hea in TOF is due to:,A,C,False,C
257,Ideal thickness of free gingival graft is:,A,A,True,A
258,Culture media containing potassium tellurite,A,B,False,B
259,"2-5 year old child with DM, target HbA, C is -",A,A,True,A
260,"""Delta cells"" of stomach secrete ?",A,C,False,C
261,Recent Influenza Pandemic was due to:,A,A,True,A
262,Salts of Gontrez is :,A,B,False,B
263,Osborn J waves is seen in-,A,A,True,A
264,Pure word deafness is associated with,A,B,False,B
265,Which of the following cell components produced by Neisseria gonorrhoeae is responsible for attachment to host cells?,A,B,False,B
266,Anteroposterior change in length of eye is called ?,A,A,True,A
267,RNA with highest proportion of modified bases in cell:,A,A,True,A
268,What percentage of Multiple myeloma patients have veebral involvement?,A,B,False,B
269,Topically  applied antigingivitis agents are all except:,A,B,False,B
270,"Statement 1:  Avulsion injuries are more common in children of 7 to 9 years of age when the  incisors are erupting. 
 Statement 2:  This is because of the loosely structured periodontal ligament  around the erupting teeth which favors complete avulsion.",A,A,True,A
271,"Characteristically, the linear dental polymers are predominantly:",A,A,True,A
272,High velocity blows cause the greatest damage to the supporting structures of the dentition but tooth fractures are less frequent. Low velocity impacts result in crown fractures and are usually not associated with damage to the supporting structures.,A,A,True,A
273,False regarding trigone of bladder ?,A,D,False,D
274,The Magistrate can detain the maximum number of days for a mentally ill person as per mental health care is,A,A,True,A
275,Organized group of people with social relationship?,A,A,True,A
276,Most common malignant tumor of hea in adults,A,A,True,A
277,The nodules A on nasal septum are seen in:,A,B,False,B
278,"Glass ionomer cement that is reinforced with filler particles, prepared by fusing silver particles to glass is known as?",A,B,False,B
279,Li-Fraumeni syndrome is due to mutation of which gene -,A,B,False,B
280,"A 35 year-old female presented to the emergency depament with the sudden onset of severe epigastric pain. She had a history of hea burn and dyspeptic symptoms for past 10 years. On physical exam, she had a temperature of 101.4degF, a pulse of 118 and a blood pressure of 128/72. Abdomen was tender & ",A,A,True,A
281,Tuberculous meningitis what is not seen:,A,D,False,D
282,Sensory nerve supply of gall bladder is through -,A,A,True,A
283,The following are suitable for simple mastectomy except-,A,C,False,C
284,"Addition silicone is hydrophobic in nature. In order to make it hydrophilic, what should be added?",A,C,False,C
285,Lymphatic drainage of testis is?,A,C,False,C
286,Established stage seen in:,A,B,False,B
287,In electromyograply transient response at the time of inseion of eloctrode indicates ?,A,C,False,C
288,Most impoant factor in causation of Ingrown toe nail is?,A,B,False,B
289,Parathyroid hormone (PTH) exerts its effect soncalcium metabolism by acting on receptors present on the–,A,B,False,B
290,Which is not a epidemiological indicator?,A,D,False,D
291,Libman-Sacks endocarditis is seen in–,A,B,False,B
292,A patient comes with a complaint of shoulder pain after laparoscopic surgery. What should be the next step in management?,A,A,True,A
293,Bite is first raised physiologically at an age of ?,A,B,False,B
294,The no. of school children with dental caries at a certain time/the total no. of children in the school at that time x 100?,A,C,False,C
295,Which of the following receptor is stimulated by sustained pressure?,A,A,True,A
296,An aggregate of surfactant molecules or ions in solution known as?,A,A,True,A
297,TEL-AML 1 fusion is associated with?,A,C,False,C
298,"While  applying a chi-square  test  to  a  contingency  table of 4 rows and 4 columns, the degree of freedom would be:",A,C,False,C
299,"Triad of skin lesions, mononeuritis multiplex, eosinophils seen in",A,B,False,B
300,First cement developed with a potential for adhesion to the tooth structure is:,A,A,True,A
301,Rhaditiform larvae is seen in ?,A,B,False,B
302,"Which of the following explains uptake of 0, in fetal circulation ?",A,C,False,C
303,Pilonidal sinus contains:,A,A,True,A
304,Maximum density of muscle spindle is found in ?,A,A,True,A
305,Which of these is a noradrenergic and specific serotonergic antidepressant (NaSSA)?,A,D,False,D
306,Symptoms of menopause are all except ?,A,A,True,A
307,Earliest muscle to involve in thyroid ophthalmopathy?,A,A,True,A
308,Intestinal perforation in Typhoid occurs commonly in?,A,B,False,B
309,True about ANUG is:,A,A,True,A
310,Carpet track sign is seen in?,A,A,True,A
311,Which is not a sexual perversion:,A,D,False,D
312,"Oral hairy leukoplakia (OHL), all are true except?",A,B,False,B
313,Mee’s line is seen which poisoning?,A,A,True,A
314,Primory T-cell deficiency is -,A,C,False,C
315,Ghrelin false is ?,A,A,True,A
316,Which of the following drug is marketed as periostat:,A,A,True,A
317,Grayish discoloration of flank seen in Acute Pancreatitis is referred to as?,A,B,False,B
318,Which of the following drug is more potent in inducing gingival enlargement:,A,A,True,A
319,All of the following are complications of maxillary sinus lavage and insufflation except?,A,D,False,D
320,Selective pressure impression technique was proposed by:,A,B,False,B
321,This subgingival delivery  consists of 2% minocycline hydrochloride in the form of an ointment is:,A,C,False,C
322,Firstly in which year WHO approved the programme & stressed on optimising the fluoride concentration in water supply?,A,A,True,A
323,Alien limb syndrome seen in,A,A,True,A
324,Which of the following congenital anomalies leads to hea failure at bih?,A,D,False,D
325,In glycogen synthesis the active form of glucose used is-,A,C,False,C
326,2-PAM (Pralidoxime) is useful in treatment of?,A,A,True,A
327,"In a 3 x 4 contingency tables, the number of degree of freedom equals to :",A,B,False,B
328,For polycythemia vera all is true Except:,A,B,False,B
329,Sequence of lochia ?,A,A,True,A
330,Retention of an inlay is influenced primarily by:,A,A,True,A
331,On imagning diffuse axonal injury is characterized by -,A,B,False,B
332,Which of these organisms is the cause of white piedra?,A,A,True,A
333,A unilateral ovarian tumor spreads to peritoneum but not to uterus.  Its stage would be?,A,B,False,B
334,Small posterior fossa seen in ?,A,A,True,A
335,"On the application of heavy force, pain is felt after:",A,A,True,A
336,Lambe Eaton syndrome true is,A,A,True,A
337,"At what angle, the minor connector should be connected to the major connector?",A,A,True,A.
338,Which of the following type of functional regulator can incorporate headgears:,A,A,True,A
339,Extraction of second premolar is indicated when arch length discrepancy is:,A,C,False,C
340,Most common location of breast cancer is,A,D,False,D
341,Astigmatism is defined as ?,A,A,True,A
342,‘Relative risk’ is:,A,A,True,A
343,All are seen after splenectomy Except:,A,D,False,D
344,70 yr old female with bleeding from proximal colon,A,B,False,B
345,Early stage of non small cell lung cancer can be treated by,A,A,True,A
346,Which of the following is not a NEVUS of melanocyte?,A,D,False,D
347,Which of the following stage of gingivitis seems like am ideal condition:,A,A,True,A
348,W.H.O modified partogram  charting starts at cervical dilatation of?,A,B,False,B
349,Drug of choice for pneumocystis carinii in pregnancy?,A,A,True,A
350,Integration center of tonic labyrinthine reflex is?,A,B,False,B
351,Bilateral ptosis is seen in all except ?,A,A,True,A
352,Hematuria in previous LSCS patient indicates -,A,A,True,A
353,On USG a mass was found in abdomen which was displacing the kidney laterally in 1 year old child -,A,B,False,B
354,In hypovolemic shock there is -,A,B,False,B
355,"Duration of 2"" hea sound is ?",A,A,True,A
356,Nocturnal enuresis best t/t is,A,D,False,D
357,"In human body, serotonin is formed from",A,B,False,B
358,Anterior relation to upper pa of rectum in male is-,A,A,True,A
359,What is the first sign of injury?,A,D,False,D
360,Most common site for bone marrow aspiration in neonates is -,A,A,True,A
361,Polycythemia is seen in?,A,A,True,A
362,Earliest hematological change following spleenectomy is,A,C,False,C
363,Diagnosis of adenomyosis is made by ?,A,B,False,B
364,Mechanism of action of ticgrelor ?,A,A,True,A
365,Substance that can cause Anaphylactic shock is?,A,A,True,A
366,Glycogen storage disease which presents as lysosomal storage disease ?,A,A,True,A
367,Critical closing pressure is ?,A,C,False,C
368,"Change in colour, size and texture of gingiva is noticed in:",A,C,False,C
369,Most prevalent symptom in patients of leiomyoma of esophagus is,A,C,False,C
370,"Hemorrhagic pancreatitis, bluish discoloration of flank",A,A,True,A
371,Keratinization and pearl formation is characteristic of,A,A,True,A
372,Which pa of scaphoid fracture is most susceptible to avascular necrosis?,A,C,False,C
373,"Less-than-adequate remaining bone support, some tooth mobility, acceptable patient cooperation, presence of limited systemic or environmental factors comes under?",A,B,False,B
374,"Blunt trauma exploratory laparotomy done nonexpansile swelling found on mesenteric border of intestine, management",A,B,False,B
375,"Cancer patient undergoes radiotherapy, pick the true statement for radiosensitivity of tissues?",A,C,False,C
376,Isocapenic buffering is ?,A,A,True,A
377,Free fatty acid is transported in blood by?,A,A,True,A
378,What will happen to the ratio of fibroblast to the collagen in phenytoin induced gingival enlargement as compared to normal gingiva:,A,A,True,A.
379,The center of rotation in bodily tooth movement is located,A,D,False,D
380,Termination codon is ?,A,B,False,B
381,Barium meal follow through is helpful in diagnosing -,A,D,False,D
382,Fox Fordyce disease is a disorder of?,A,D,False,D
383,"Following a deep cut overlying the hypothenar eminence, it is observed that the patient cannot hold a sheet of paper between the 2nd and 3rd digits. Which of the following nerves is most likely damaged?",A,A,True,A
384,Following is true regarding the management of intrauterine fetal death except ?,A,D,False,D
385,Sinus bradycardia with MI treatment,A,A,True,A
386,The gelatinous deposit adherent on the tooth surface is called as:,A,A,True,A
387,D Shaped pupil is seen in ?,A,A,True,A
388,Glucose-6-phosphate is the initial substrate for all of the following reactions except–,A,A,True,A
389,Phospholipid is the most important lipid in which of the following lipo proteins?,A,D,False,D
390,Stain for melanocytes:,A,D,False,D
391,Antiboiotic of choice for severe pneumonia in 1 year all child?,A,C,False,C
392,Radiotherapy induced radiation pneumonitis mediated by all of the following except -,A,D,False,D
393,Which of the following is not an estrogen-dependent pubeal change?,A,B,False,B
394,Which is the most common manifestation of recurrent HSV1 infection:,A,B,False,B
395,A pathfinder survey for oral health needs to be done at 12 sites for 4 index age groups at each site. What should be the sample size for the survey?,A,C,False,C
396,The simplest mode that demonstrates the viscoelastic behaviour is:,A,C,False,C
397,3 beta hydroxysteroid dehydrogenase deficiency causes increase production of -,A,A,True,A
398,Polysulphides show high polymerization shrinkage due to:,A,B,False,B
399,Which of the following is longest extraocular muscle?,A,A,True,A
400,Absolute contraindication for IUD (Intra Uterine Contraceptive Device) are all except -,A,D,False,D
401,Chronic atrophy of adrenal gland will result in which hormone deficiency ?,A,C,False,C
402,The terminal edge or border of the gingiva surrounding the teeth in collar like fashion is?,A,A,True,A
403,Cystic medial necrosis is seen in-,A,A,True,A
404,1st generation cephalosporin is,A,A,True,A
405,Glomerular filtration rate would be decreased by which of the following?,A,A,True,A
406,Glucose – 6- phosphatase enzyme is absent in?,A,A,True,A
407,The distance by which two touch stimuli must be separated to be perceived as two separate stimuli is greatest at ?,A,D,False,D
408,BANA test is most appropriately is an,A,B,False,B
409,The linkage which links individual nucleotides in a polynucleotide chain is -,A,C,False,C
410,PDL has the inherent capacity to withstand how much amount of force:,A,A,True,A
411,Which of the following explains delivery of 02 in fetal circulation?,A,A,True,A
412,Which of the following microbial cell is most resistant to antiseptics & disinfectants?,A,C,False,C
413,Definitive indication of LSCS ?,A,D,False,D
414,When mandibular midline does not coincide with facial midline both at rest and occlusion this condition is known as?,A,A,True,A
415,Following is given to a patient with pre term labour exept -,A,B,False,B
416,Cryptomenorrhoea is a feature of ?,A,D,False,D
417,Broca’s aphasia is seen due to leasion in?,A,B,False,B
418,Invalueable tool in the diagnosis of chronic pelvic pain is ?,A,C,False,C
419,Chemicals that have an effect on plaque sufficient to benefit gingivitis and/or caries?,A,A,True,A
420,Which of the following is a good dye is used for lens in cataract surgery?,A,A,True,A
421,Best finish line for the all-ceramic crown is:,A,B,False,B
422,Which of the following characteristics of an axon is most dependent on its diameter?,A,C,False,C
423,Sign seen in USG in monochorionic diamniotic twins is?,A,A,True,A
424,Primer function is in ?,A,A,True,A
425,Upper two -third anterior vaginal wall prolapse is ?,A,A,True,A
426,Action of pineal gland is?,A,A,True,A
427,MVA syringe is used for ?,A,C,False,C
428,Pancreatic lipase hydrolyses ester linkage of triacid glycerides at position?,A,B,False,B
429,"The major role of 2, 3 bisphosphoglycerate in RBCs is -",A,C,False,C
430,Most common view used for X-ray chest -,A,A,True,A
431,Chylomicrons are synthesized in,A,B,False,B
432,A researcher wanted to prove the relation between COPD and smoking. He collected patients records from government hospitals and records of cigarette sales from the finance and taxation depament. This is an example of which study design:,A,C,False,C
433,"From the histologic point of view, all of the following are the characteristics of using optimum orthodontic force except:",A,A,True,A
434,A middle aged male complains of ache and mumbness and sensated of fatigus over his calf muscles that develops on exercise and is relieved on rest; this condition is not associated with,A,A,True,A
435,Degree of Eustachian tube from horizontal line is?,A,A,True,A
436,All of the following are paraneoplastic syndromes for renal cell carcinoma except -,A,B,False,B
437,ST Segment of ECG corresponds to which phase of action potential ?,A,D,False,D
438,Gout is a disorder associated with?,A,B,False,B
439,Drug of choice of benzodiazepine poisoning is?,A,A,True,A
440,Most common initial involvement of tetanus is seen in?,A,A,True,A
441,"52 years female patient presents with 4 cm diameter diagnosed breast cancer lesion with ipsilateral axillary and contralateral supraclavicular lymphadenopathy. As per AJCC system, patient belongs to which stage of breast cancer?",A,D,False,D
442,Which of the following enzyme is needed for the synthesis of a short nucleotide sequence of RNA from DNA:,A,A,True,A
443,Most common risk factor for rupture of scarred uterus is,A,B,False,B
444,Obtuse angle of mandible is seen in,A,A,True,A
445,Which of the following stage of gingivitis can be called as chronic gingivitis:,A,C,False,C
446,This scientist is also known as Father of Modern Surgery is ?,A,C,False,C
447,True statement regarding Huntington's chorea is,A,C,False,C
448,Cepacia syndrome fulminant illness seen in,A,B,False,B
449,When does the rudimentary cochlea develop in the fetus?,A,B,False,B
450,Which of the following crystal form is found in the highest percentage in calculus:,A,A,True,A
451,Maximum life of transfused RBCs is,A,A,True,A
452,All are true about Niemann- Pick disease except -,A,A,True,A
453,Kidney responds to shock by,A,A,True,A
454,Least penetrating power among following mentioned rays is in -,A,A,True,A
455,Regarding MSUD which is not true,A,A,True,A
456,The portion of a tooth that is located apical to the cemento-enamel junction (CEJ) is?,A,A,True,A
457,Free association is?,A,A,True,A
458,Which of the following tumors most commonly presents with upper gastrointestinal bleeding?,A,A,True,A
459,Deep mentolabial sulcus characteristic feature of?,A,B,False,B
460,"For uterine prolapse in pregnancy, Ring pessary can be inseed upto ?",A,B,False,B
461,"Statement 1:   The maxilla is the ﬁnal facial bone to complete normal growth and development. 
Statement 2:   The condylar head is an important growth center of the mandible.",A,A,True,A
462,NK cell activator is?,A,D,False,D
463,Azoospermia with normal FSH would indicate ?,A,C,False,C
464,Na+ -K+-C1- cotranspoer contains ?,A,A,True,A
465,Bacteria of orange complex is/are:,A,D,False,D
466,Investigation of choice in post menopausal bleeding?,A,D,False,D
467,Fastest receptor mediated action is through ?,A,A,True,A
468,Which of the following is a late severe adverse effect of radiation therapy,A,D,False,D
469,Which of the following is not a branch of third part of maxillary artery:,A,D,False,D
470,Second phase of occlusal adjustment concentrates on following except:,A,A,True,A
471,"A 70 year old man present with chest pain on evaluation ,he was diagnosed from coronary disease . on doing ultrasonography gall stone was detected . what should be the most appropriate management of gall stones in this case",A,B,False,B
472,Closing volume is related to which of the following?,A,B,False,B
473,Waldeyer's fascia lies ?,A,C,False,C
474,Treatment of large omphalocele defect can be done by,A,D,False,D
475,CEA is,A,B,False,B
476,Pregnancy is contraindicated in which cardiac disease -,A,A,True,A
477,All are used for secondary prevention of MI except,A,A,True,A
478,Name the probe which is having a simple wire of nickel of 0.5mm and a mercury sensor:,A,B,False,B
479,Which of the following is first line drug for acute CHF?,A,B,False,B
480,"It waste contain toxic substances, organic load is measured by ?",A,A,True,A
481,PTH acts directly on which cells ?,A,C,False,C
482,Which of the following is a ligand –gated ion channel ?,A,C,False,C
483,Ionotropic effect of thyroid hormone is by ?,A,B,False,B
484,Minimum floor space recommended for worker according to Factories Act?,A,A,True,A
485,Most common tumor of salivary gland:,A,A,True,A
486,Cytochrome CYP3A4 are induced by all of the following anti-epileptics except–,A,B,False,B
487,Which of the following includes mortality rate in it?,A,D,False,D
488,Wald’s visual cycle is influenced by,A,D,False,D
489,DNA fragments are separated by ?,A,B,False,B
490,Which of the following is not true about benzodiazepines?,A,B,False,B
491,Interceptive orthodontics includes all EXCEPT?,A,A,True,A
492,Viscera in toxicology stored in,A,C,False,C
493,Sezary cells show which tlpe of nucleus -,A,D,False,D
494,Oncogenic osteomalacia is mediated by,A,A,True,A
495,Which is the critical temperature of N20 ?,A,D,False,D
496,Optic tract lesion causes ?,A,A,True,A
497,A tooth receiving an injury that causes coronal fracture may have a better pulpal prognosis than a tooth that sustains a severe blow without fracturing the crown. This is because a part of the energy of the blow dissipates as the crown fractures rather than all the energy being absorbed by the tooth,A,A,True,A
498,"A 27-year primigravida presents with PIH with BP of 150/100 mm of Hg at 32 weeks of gestation.If there are no complications, the pregnancy should be best terminatedat:",A,B,False,B
499,Embolisation of tumors is done using,A,D,False,D
500,A complete keratinization process leads to the production of?,A,B,False,B
501,The concentration of mercury will be higher:,A,B,False,B
502,"In a mechanically ventilated patient in ICU, which of the following does not show improvement in prognosis:",A,B,False,B
503,Which of the following causes maximum damage?,A,B,False,B
504,From 6 weeks to 12 weeks... Infant weight increases at rate of -,A,B,False,B
505,Gangrene not caused by,A,D,False,D
506,Maximum buffering capacity of a buffer is maximum at pH,A,C,False,C
507,Intracellular destruction enzymes that are possible markers of active periodontal destruction are all except?,A,D,False,D
508,The most common cause of bone destruction in periodontal disease is the extension of inflammation from the?,A,A,True,A
509,"In Rideal walker method, plates are incubated for ?",A,C,False,C
510,CEAP score indicates-,A,B,False,B
511,"In case of death due to police firing, the inquest shall be ordered by which of the following?",A,C,False,C
512,Halden Effect is ?,A,C,False,C
513,Which of the following sites of Ca larynx has the best prognosis?,A,A,True,A
514,Barr body is NOT seen in:PGI 07; WB 08,A,B,False,B
515,All the following are characteristics of oculomotor nerve except:,A,B,False,B
516,There is overlapping of skull sutures which can be reduced with gental pressure. What is the grade of moulding ?,A,A,True,A
517,Which of these is Anti-inflammatory:,A,A,True,A
518,The drug induced gingival engagement is usually more severe in the:,A,A,True,A
519,Mean output of breast milk per day is maximum during the following months of lactation:,A,A,True,A
520,Subgingival calculus is brown-black in colour due:,A,C,False,C
521,Most common site for hydatid cyst,A,B,False,B
522,Type of clasp used for teeth with low survey line:,A,D,False,D
523,Osmolarity of Milk F-100 is,A,A,True,A
524,Which anaesthetic agent is neither metabolised by liver nor by kidney ?,A,A,True,A
525,Who is the father of microbiology?,A,D,False,D
526,Zewellger syndrone is due to absence of,A,C,False,C
527,Oxidation in biotransformation is ?,A,A,True,A
528,Treatment for verrucous carcinoma is,A,A,True,A
529,Association of high altitude areas with goiter is example of?,A,A,True,A
530,Specific colour produced by a specific wavelength of light is called as:,A,C,False,C.
531,Rapid detection of meningococal meningitis is,A,C,False,C
532,"In, the primary survey which is not included-",A,A,True,A
533,Head light in fog appearance is seen in ?,A,A,True,A
534,Occlusal dovetail in Class II inlay preparation:,A,B,False,B
535,Effect of positive G?,A,B,False,B
536,Rockall score is used for prognosis of patients of,A,A,True,A
537,Spinal cord has how many synapses in golgi tendon reflex?,A,A,True,A
538,"In  a  standard normal curve, mean +  2 standard deviations covers:",A,C,False,C
539,Replication of mitochondrial DNA is caused by which type of DNA polymerase ?,A,A,True,A
540,"Blunt trauma chest, first step in management after initial resuscitation is",A,C,False,C
541,The most common local cause of malocclusion is:,A,B,False,B
542,The best drug to lower prolactin level in a female with infeility is,A,A,True,A
543,Adherence of E. histolytica to colonic mucosa is mediated by ?,A,B,False,B
544,The active disinfectant propey of bleaching powder is due to:,A,C,False,C
545,A 10-yrs-old boy displays hyperactivity and is unable to focus on his schoolwork because of an inability to focus on the activity. Which of the following drugs might prove effective for relieving the boy's main symptoms?,A,A,True,A
546,Institute with this symbol is located at?,A,A,True,A
547,Burr hole is done for -,A,A,True,A
548,RDA of iodine in lactation in microgram-,A,B,False,B
549,In which of the following thyroid cancers is deposition of amyloid due to altered calciton in seen?,A,C,False,C
550,Radiation used most commonly for pain management due to bone metastasis is -,A,D,False,D
551,Aneurysmal dilation of the small bowel is seen in,A,A,True,A
552,Diagnostic modality used for assessing pathology of major salivary glands:,A,D,False,D
553,Which delivers highest dose of radiation -,A,B,False,B
554,True about Glomus jugulare all are Except:,A,B,False,B
555,Drugs used in ALL in child are all except -,A,D,False,D
556,Calculate BMI if weight in kilograms is 98 andheight in centimeters is 175:,A,B,False,B
557,Transformation toughening of zirconia occurs due to change in phase from:,A,A,True,A
558,Dental fluorosis occurs if fluoride level is more than,A,B,False,B
559,A person who assists the dentist in the clinic but is not allowed to treat patients independently is known as:,A,C,False,C
560,"Drug which substitutes phenytoin, so that gingival enlargement does not occur:",A,A,True,A
561,Which is the investigation of choice for staging of a lower limb sarcoma ?,A,A,True,A
562,Candidal infection in HIV resistant to fluconazole is treated with?,A,B,False,B
563,Which carpal bone appears at 2 years of age?,A,B,False,B
564,"In cervical spine injury, first to be done",A,B,False,B
565,Amino acid with aliphatic side chain is?,A,B,False,B
566,Bacteria commonly associated with localized Aggressive periodontitis is / are:,A,D,False,D
567,The colour plate is showing:,A,A,True,A
568,Role of ion channels on vascular endothelium is ?,A,A,True,A
569,"After IUFD, when does the mother develop DIC -",A,B,False,B
570,Pyrimidine synthesis rate limiting enzyme is?,A,D,False,D
571,What is the purpose of randomization in a clinical trial:,A,A,True,A
572,Calculus embedded deeply into the cementum is known as:,A,C,False,C.
573,"In classification of Obstructive sleep apnoea (OSA), a severe case is defined as when the number of episodes of apnoea during sleep exceed:",A,C,False,C
574,Amblyopia is caused by ?,A,A,True,A
575,Which thalamic nuclei can produce basal ganglia symptoms ?,A,D,False,D
576,AVN following transcervical neck femur fractures occurs due to damage to which of the following blood vessels ?,A,B,False,B
577,Call Exner bodies seen in ?,A,A,True,A
578,Voilet marginal line over gingiva suggests exposure to:,A,C,False,C
579,True about cross-sectional epidemiology study is:,A,B,False,B
580,Which of the following is a X linked metabolic disorder?,A,A,True,A
581,Which of the following is a nucleoside?,A,B,False,B
582,B-Lynch suture is applied on ?,A,B,False,B
583,Not an essential amino acid ?,A,D,False,D
584,Most lateral nucleus of cerebellum is ?,A,C,False,C
585,Caput succedeum is said to occur in baby?,A,A,True,A
586,Mechanism of action of Basiliximab is ?,A,C,False,C
587,The PIRO classification scheme is used for :,A,C,False,C
588,Most common cause of cellulitis is ?,A,A,True,A
589,Neuropraxia is ?,A,D,False,D
590,"In EMG/NCV study, H. reflex correlates with",A,A,True,A
591,Most common cause of early aboion -,A,B,False,B
592,Hyperglycemia in Neonate if blood sugar is above –,A,A,True,A
593,NSAID given in once daily dose is?,A,C,False,C
594,According to Grossman Debridement instrument is:,A,A,True,A.
595,All of the following are causes Crystal keratopathy except?,A,D,False,D
596,Adductor canal has:,A,C,False,C
597,Which of the following stoma is formed in Haman's procedure ?,A,A,True,A
598,True about hymen in Child rape is-,A,D,False,D
599,Side chain linkage in proteoglycons -,A,A,True,A
600,A 47-year-old woman  with generalized  tiredness and weight gain especially around waist. Patient is also intolerant to the room temperature. The next investigation to be done?,A,B,False,B
601,"In root fracture, the best prognosis is with:",A,C,False,C
602,Alpha waves are seen in:,A,D,False,D
603,All the following characterize rheumatoid arthritis except,A,B,False,B
604,Which of the following is a stomach poison ?,A,C,False,C
605,CT Scan finding in carotid cavernous sinus fistula is -,A,A,True,A
606,Which is not an aryl organophosphate ?,A,D,False,D
607,"A 15-year-old girl complains of headaches since 2 months. Earlier occurred 1—2 times a week but now up to five episodes  a week experienced, not associated with any neurological , visual disturbances, nausea or vomiting. The girl also reports a white discharge from both of her nipples. She has not s",A,D,False,D
608,Glucose is principally absorbed by:,A,B,False,B
609,45 years female with 3 months menorrhagia. USG showing 2 cm submucosal fibroid.Treatment options.,A,C,False,C
610,This torture is a type of?,A,A,True,A
611,LH surge is due to ?,A,B,False,B
612,"A 55-year-old diabetic woman with altered sensations in her hands and feet. She finds it difficult to turn pages of books and discriminating between different coins. When walking, the floor feels different and she likes the sensation to walking on cotton wool. The most likely diagnosis is:",A,D,False,D
613,Rehydration therapy in a 2 year old severely dehydrated child is -,A,B,False,B
614,Milestones achieved by a 10 months old child are all except -,A,A,True,A
615,Length of flexible sigmoidoscope,A,B,False,B
616,"In general, sea water contains?",A,A,True,A
617,Treatment of choice for bilateral soft tissue tuberosity undercuts:,A,C,False,C
618,what could be the reason for soreness on the crest of the ridge:,A,A,True,A
619,Length of the fetus is 40cms. What would be the age of gestation ?,A,C,False,C
620,Which of the following is most abundant end product of fatty acid synthesis -,A,B,False,B
621,Predominance of plasma cells and B lymphocytes is seen in which stage of gingivitis?,A,D,False,D
622,Which will activate carbomoyl phosphate synthase I?,A,B,False,B
623,A 26-yrs-old woman with reactive depression complains of missing her period and having milk discharge from her breasts. Pregnancy tests are negative. Which of the following is most likely to have caused these findings?,A,C,False,C
624,"Reduction in bone mass caused by an imbalance b/w bone resorption and formation, favoring resorption and resulting in demineralization is known as?",A,A,True,A
625,Zika virus causes ?,A,D,False,D
626,Which of the following type of  spirochetes are predominant in ANUG:,A,A,True,A
627,Which of the following is a bacteria producing trypsin like enzyme,A,B,False,B
628,Most common conotruncal anomaly,A,B,False,B
629,False about phacolytic glaucoma ?,A,C,False,C
630,Calmodulin activates ?,A,B,False,B
631,"In a patient with COPD, best management option is",A,A,True,A
632,Which of the following is formed by spray atomization and chemical precipitation of molten gold?,A,A,True,A
633,Enzyme used in Polymerase chain reaction:,A,B,False,B
634,Group B nerve fibers are ?,A,A,True,A
635,Schaumann bodies are a characteristic feature of–,A,C,False,C
636,'Z score' is for which type of distribution:,A,A,True,A
637,Which of the following is true about signs of angle in closure glaucoma except,A,D,False,D
638,Finishing is done with:,A,B,False,B
639,Flouride contributes to the anti-cariogenic property by inhibiting demineralization and enhancing remineralization of carious enamel. This property of fluoride-releasing is shown by:,A,B,False,B
640,Which of the following type of leukaemia has a maximum tendency of gingival enlargement:,A,A,True,A
641,Prevention of catheter induced urinary tract infection is by ?,A,C,False,C
642,Honey is?,A,B,False,B
643,Cause of death for drowning in cold water:NEET 13,A,A,True,A
644,Example of neutrilization reaction -,A,D,False,D
645,"In Snellen's cha, eye subtends an angle of how many minutes with letters on Snellen's cha?",A,B,False,B
646,Which of the following can lead to regression of developmental milestones,A,D,False,D
647,Chromatin condensation occurs in?,A,B,False,B
648,Most commonly used test for ductility is:,A,B,False,B
649,"In which case of true Class III malocclusion, is prognosis unfavorable?",A,A,True,A
650,"In a patient with gingival inflammation, oral prophylaxis was advised. It comes under?",A,B,False,B
651,Motor evoked potential assess ?,A,C,False,C
652,Scrotal swelling non reducible but disappears when the child wakes up from sleep is most likely to be -,A,A,True,A
653,Temperature used in Tyndallizaton,A,A,True,A
654,Which of the following is a side effect of clofazimine?,A,A,True,A
655,Women traveling from Bihar to Delhi is suspecting to have Kala-azar. Suitable investigation is ?,A,B,False,B
656,All are true about actinic lichen planus except ?,A,D,False,D
657,Structure of chromosomes is studied by?,A,B,False,B
658,Fibers that prevent the extrusion of the tooth and resist lateral tooth movements are?,A,D,False,D
659,What is serumal calculus:,A,B,False,B
660,The denominator for the calculation of positive predictive value includes–,A,A,True,A
661,Which of the following is not affected in Abetalipoproteinemia ?,A,A,True,A
662,Amount of zinc in zinc-free amalgum is:,A,A,True,A
663,A 27-year-old female with placenta pre had severe bleeding. What is the most likely outcome post delivery?,A,C,False,C
664,Most common metal responsible for contact dermatitis is ?,A,C,False,C
665,Value of offset of orthodontic wires:,A,B,False,B
666,Crying of fetus in utero is called as ?,A,A,True,A
667,Drug of choice for filiariasis is?,A,B,False,B
668,Which drug causes ocular hypotension with apnea in an infant?,A,C,False,C
669,Type of implant which transects only one cortical plate and classified as root- form and plate form implant  is:,A,B,False,B
670,Chlorhexidine is available in three forms are all except?,A,D,False,D
671,A child presented to an ohopaedic clinic with a limp. The surgeon suspected him to have a fixed fledon deformity of the hip. Which test should the surgeon perform to confirm his finding?,A,B,False,B
672,Which of the following is not an indication of porcelain jacket crown :,A,D,False,D
673,Advantage of glycopyrolate over atropine is ?,A,B,False,B
674,Penicillin induced hypersensitivity is:,A,A,True,A
675,Hyoid bone is at which vertebral level?,A,A,True,A
676,The living layer of hydatid cyst is–,A,B,False,B
677,Profile during chronic thumb sucking is:,A,A,True,A
678,"Homogeneous, eosinophilic glassy change in H and E stain indicates:",A,A,True,A
679,C V junction abnormalities are seen in all of the following except,A,B,False,B
680,Expression of a gene is known as?,A,B,False,B
681,which of the following occurs only in mitochondria,A,B,False,B
682,Most common joint involved in septic ahritis:,A,B,False,B
683,To level 1 mm curve of spee amount of arch length required is?,A,A,True,A
684,Prevalence of omphalocele at bih is,A,B,False,B
685,Congenital cataract with visual disturbances surgery should be done ?,A,A,True,A
686,Treatment for hydroureter,A,C,False,C
687,Extraocular muscles develops from?,A,A,True,A
688,Proteins in the transmembrane region are:,A,B,False,B
689,Not an adverse effect of cimetidine ?,A,D,False,D
690,The  best characterize of given lesion is associated with,A,D,False,D
691,A 2-year-old girl has an infection. A complete blood count reveals increased numbers of the white blood cell type shown above. Which of the following diseases is most consistent with this laboratory result?,A,B,False,B
692,Mc type of graft rejection is,A,C,False,C
693,Site of proteins synthesis?`,A,B,False,B
694,A person inhaled peanut two days back& now unable to cough it out where is the possible location,A,C,False,C
695,Which is not a direct transmission ?,A,C,False,C
696,LEOPARD syndrome includes all except -,A,A,True,A
697,Receptor level antagonism is shown by ?,A,B,False,B
698,Cabot’s ring in RBC is seen in?,A,D,False,D
699,Trilateral retinoblastoma is?,A,B,False,B
700,Most sensitive investigation for minimum gas in abdomen is -,A,D,False,D
701,Thiamin requirement increases in excessive intake of?,A,A,True,A
702,Amount of radiation exposure in 1 CT-scan of chest is,A,B,False,B
703,Hypocalcemia in a child may be associated with,A,D,False,D
704,Pin-point pupil suggests poisoning with?,A,B,False,B
705,Corneal tattooing is done by ?,A,A,True,A
706,Polydiaxonone suture is normally absorbed in,A,A,True,A
707,False regarding polio vaccination ?,A,D,False,D
708,Nonionic dye is,A,B,False,B
709,Which of the following has tumor promoting effect?,A,C,False,C
710,Which lobe is affected in the early course of alzheimers disease,A,C,False,C
711,Continence & incontinence of urine is seen in ?,A,A,True,A
712,Village Health and Nutrition Day (VHND) is observed ?,A,B,False,B
713,Which of the following statements is NOT true regarding the capsule of micro-organisms?,A,A,True,A
714,Mean blood alcohol levels are measured in patients before and after using an interventional drug. The statistical test of significance to be applied is:,A,C,False,C
715,Example of coagulative necrosis is -,A,A,True,A
716,Agonal artificat is?,A,B,False,B
717,Alum is mixed in rapid sand filtration during?,A,B,False,B
718,Analgesic nephropathy Heart failure cells are stained by?,A,C,False,C
719,All are true about alprostadil except?,A,A,True,A
720,Species of shigella causing ahritis,A,C,False,C
721,"In a normal individual, the slow-waves predominantly occur in the first third of the sleep during the night in the phases of–",A,A,True,A
722,Most common site for Feilization is-,A,A,True,A
723,The weakest criterian in causal relatianship hypothesis?,A,A,True,A
724,Friction not depends on?,A,A,True,A
725,"Postmoem caloricity is seen in all, except:AP 06; Bihar 12; BHU 12",A,D,False,D
726,Importance quad hoc means?,A,D,False,D
727,Presumptive diagnosis of meningococcal meningitis is made earliest by -,A,C,False,C
728,Poikilocytosis and anisocytosis is seen in,A,A,True,A
729,Adipose tissue fat metabolism is done by ?,A,A,True,A
730,True about wound healing with primary intention is,A,A,True,A
731,Capacitation of sperms is an activating process that takes place in the–,A,B,False,B
732,Physiologic spacing in the maxillary arch of children is about?,A,B,False,B
733,Lymphatic of cervix drains into which nodes?,A,D,False,D
734,Medium survey line passes from:,A,A,True,A
735,Which of the following is a branch of the inferior mesenteric aery?,A,A,True,A
736,Which of the following has maximum diabetogenic potency in pregnancy ?,A,B,False,B
737,Complications of pre eclampsia are all except ?,A,D,False,D
738,Ovarian cycle can be correlated with all except ?,A,B,False,B
739,Infarcts involving which poion of the myocardium cause aneurysm as a post-MI complication-,A,B,False,B
740,Estimate volume of ringer lactate in first 8 hrs for 40% burns in 50 kg male with 2deg burns?,A,D,False,D
741,Gas entrapment within the mold leads to which type of porosity in casting:,A,D,False,D
742,Setting time of plaster is influenced by,A,D,False,D
743,"Bacteria and other inflammatory products of periodontitis could gain access to the pulp through accessory canals, apical foramina, or dentinal tubules, this process is referred as?",A,C,False,C
744,"Ring liners placed inside the casting ring, which will allow for mold expansion are made up of:",A,B,False,B
745,Not a risk factor for angle closure glaucoma ?,A,B,False,B
746,Blood supplying medial part of brain is mainly,A,B,False,B
747,The following is the action of melatonin?,A,C,False,C
748,Lochia serosa persists upto:,A,B,False,B
749,Fine tremors are found in which disorder,A,D,False,D
750,The principal differences b/w periodontal and gingival abscess is?,A,C,False,C
751,What causes shifting fluid?,A,B,False,B
752,Exception to Goodsals rule is considered when the anterior external opening is more situated more than cms from anal margin -,A,A,True,A
753,Investigation of choice for diagnosing submandibular gland duct stones is,A,D,False,D
754,Highly protein bound intravenous anesthetic agent is?,A,A,True,A
755,Which is not true about cancer of tongue,A,D,False,D
756,Joining of two metals with an intervening metal above 450 degrees C is known as:,A,B,False,B
757,"A patient is having gastrointestinal problems including abdominal pain and distension, bloody or mucus-filled diarrhea, and tenesmus,with rectal prolapse, A stool, ova and parasites exam reveals the presence of typical Barrel-shaped eggs, possible causative agent is?",A,D,False,D
758,Diagnostic test for neurosyphilis,A,A,True,A
759,Reverse folding of proteins is carried out by ?,A,C,False,C
760,Rate limiting step in TCA cycle is catalyzed by -,A,A,True,A
761,Most common cause of annular cervix is ?,A,A,True,A
762,"If the maxillary central incisor is not erupted, we must consider:",A,A,True,A
763,Following is not true about traction diveiculum of esophagus -,A,B,False,B
764,Which test is used for both intrinsic and common clotting pathways?,A,B,False,B
765,What is atypical gingivitis?,A,A,True,A
766,Which of the following is the common cause of respiratory failure type 2 ?,A,A,True,A
767,Treatment in acute gout is?,A,D,False,D
768,A 14 year old boy presents wit recurrent episodes of hepatitis Opthalmoscopic evalution reveals KF rings and serum ceruloplasmin levels are < 20 mg/dl.The treatment of choice for initial therapy is,A,B,False,B
769,What is runout of a bur?,A,B,False,B
770,Contracted pelvis is defined as shoening of one or more planes by -,A,B,False,B
771,Least common site of ectopic pregnancy in fallopian tubes is ?,A,D,False,D
772,Delaire facemask used in the treatment of:,A,C,False,C
773,Not true about Skin tag ?,A,A,True,A
774,"A 7—year-old girl presents with red striae around her abdomen. The girl also has plethoric cheeks and, on her back, several faint, irregular brown macules are observed. The mother is particularly concerned about the early breast development of her daughter. Serum phosphate is decreased. The most lik",A,B,False,B
775,Yoke muscle for left superior rectus is ?,A,A,True,A
776,Not seen in endometriosis ?,A,B,False,B
777,Which of the following is epithelial tumor of stomach?,A,A,True,A
778,Most impoant extracellular buffer ?,A,D,False,D
779,Half life of Nicotine in blood ?,A,B,False,B
780,Which of the following antibiotic has anti collagenase property:,A,A,True,A
781,Dysgerminoma spreads mainly ?,A,B,False,B
782,The most favourable path of insertion of an RPD is that which is :,A,A,True,A.
783,Maximum storage of magnesium occurs in which pa of body?,A,D,False,D
784,Corpora arenacea are seen in which of the followingorgans?,A,C,False,C
785,Which of the following parameters reduce in sickle cell anaemia in case of a plastic crisis:,A,D,False,D
786,When is copper T inseed ?,A,D,False,D
787,The Fc portion of which of the following Ig binds to complement and fixes it?,A,A,True,A
788,Extra retinal fibrovascular proliferation at ridge is?,A,D,False,D
789,Transplanted kidney is relocated to which region in the recepient's body ?,A,A,True,A
790,Maximum weight reduction is by which surgery,A,B,False,B
791,Cryptomenorrhea occurs in ?,A,C,False,C
792,Which of the following genes if affected will sporadically cause Juvenile myeloid leukemia?,A,A,True,A
793,Reservoir for these  is: ?,A,A,True,A
794,Propulsive stage in labour in multipara,A,B,False,B
795,Which of the following is a strict aerobic bacterium?,A,D,False,D
796,ECF concentration of 1C. is 150 meq/L and ICF concentration of le is 5 meq/L. What is the equilibrium potential for K+ is?,A,B,False,B
797,Blastocyst makes contact with endometrium on ?,A,B,False,B
798,Term placenta weight to Baby weight ratio is ?,A,B,False,B
799,Not a feature of SIRS:,A,A,True,A
800,Which of the following muscle has multipennate arrangement of fibres:,A,A,True,A.
801,Frequency of ultrasound waves in USG -,A,D,False,D
802,The current recommendation for Breast-feeding is that:,A,A,True,A
803,Fishy odour occurs due to deficiency of this vitamin from diet -,A,B,False,B
804,Drug not used commonly for menorrhagea ?,A,D,False,D
805,Most common nerve affected in leprosy,A,D,False,D
806,Transformation between the austenitic and martensitic forms of NiTi can be induced by:,A,C,False,C
807,Moyer’s mixed dentition analysis measures following teeth,A,A,True,A
808,Type of necrosis seen in blood vessels due to immune reactions-,A,C,False,C
809,"During squint surgery, anesthesiologist sees the machine and see the bp suddenly drops to 40. What will be best immediate management -",A,D,False,D
810,Similarity between chlamydia and virus is,A,A,True,A
811,Segment of bronchi distal to primary bifurcation?,A,D,False,D
812,Drugs used in the treatment of obesity is/are?,A,D,False,D
813,Proximal humerus fracture which has maximum chances of avascular necrosis,A,B,False,B
814,1st sign of iridocyclitis ?,A,A,True,A
815,Raloxifene decreases the risk of which cancer?,A,A,True,A
816,Rouviere nodes are situated in ?,A,A,True,A
817,"Surgical excision of corpus luteum before weeks of gestation, results in miscarriage",A,B,False,B
818,All are true for ASHA worker EXCEPT:March 2013,A,B,False,B
819,Lesion of preoptic nucleus of hypothalamus causes?,A,A,True,A
820,"The unpleasant smell of breath mainly originating from volatile sulfide compounds (VSCs), includes?",A,D,False,D
821,In a female abdominal intestinal perforation operated has serous discharge on 5th day with wound gap. What is your diagnosis,A,B,False,B
822,Therapy of choice for Pockets with an Edematous wall is?,A,A,True,A
823,Amino acid in synthesis of neurotransmitter,A,A,True,A
824,"In a postmenopausal female, which hormone increases?",A,A,True,A
825,Maurer's dots are seen in which species of plasmodium?,A,C,False,C
826,Pterygoid trismus is caused due to which nerve block:,A,A,True,A
827,Frontal headache can be caused due to?,A,D,False,D
828,Total volume of CSF is?,A,A,True,A
829,Bone sounding occurs when the probing force is upto:,A,A,True,A
830,The burrows in scabies are present in?,A,C,False,C
831,Not true about paramyxoviruses -,A,A,True,A
832,Salty tase is due to?,A,B,False,B
833,Indicator used in Horroch's apparatus ?,A,B,False,B
834,Which of the following plant components is not fermented by gastrointestinal microorganisms ?,A,A,True,A
835,Abduction and adduction of foot occurs at which joints,A,B,False,B
836,Acetyl CoA Carboxylase is stimulated by -,A,C,False,C
837,According to the Horning and Cohen which of the following stage can be called as Necrotizing Stomatitis:,A,B,False,B
838,What is similar between rotavirus and Norwalk virus ?,A,D,False,D
839,Purpose of transparent acrylic template in case of immediate denture:,A,A,True,A
840,Cross resistance of isoniazid is seen with,A,B,False,B
841,Hemodynamically impoant lesions of renal aery stenosis are predicted by renal aery velocities more than on Doppler ultrasound.,A,C,False,C
842,Rate limiting enzyme in heme synthesis ?,A,A,True,A
843,Apoenzyme is ?,A,B,False,B
844,Tooth used in Katz classification is?,A,D,False,D
845,Highest cure rate is of :,A,A,True,A
846,Worst prognosis in severe Aortic stenosis is?,A,C,False,C
847,True about cardiac muscle fibers ?,A,D,False,D
848,Uses of the surveyor is/are:,A,A,True,A
849,Which of the following impression material is extremely difficult to remove from the undercut areas?,A,D,False,D
850,"Which of the following themselves are individual white metal, but interaction between them leads to pale yellow to gold hue, due to formation of intermetallic compound?",A,C,False,C
851,"5 year old child develop fever and rash on first day and rash disappear, after few days develop child develop ataxia. Most probable diagnosis is -",A,C,False,C
852,According to Siebert (1983) class II ridge defects is?,A,A,True,A
853,Sex determining region of chromosome is,A,B,False,B
854,Which of the following is the complication of diabetes mellitus:,A,D,False,D
855,Mousy urine in a child due to defect in phenylalamine to,A,D,False,D
856,Which of the following is a sympathomimetic ?,A,C,False,C
857,Synthetic oxygen carrier is ?,A,C,False,C
858,Which method is used to separate a mixture of lipids -,A,B,False,B
859,Pulses are deficient in ?,A,D,False,D
860,All are components of Spermatic cord except :,A,D,False,D
861,"A 29-yrs-old man is brought to the emergency room after a traffic accident causing a traumatic brain injury. Within several hours he begins eating objects such as paper, is unable to maintain attention, and displays increased sexual activity. This occurs due to bilateral lesions of which of the foll",A,B,False,B
862,Triage is:,A,C,False,C
863,Substance that is completely reabsorbed from the kidney?,A,A,True,A
864,After ejaculation semen liquefies in ?,A,A,True,A
865,A pregnant women comes for regular check up. what is the reason for change in her gingival condition:,A,B,False,B
866,Adverse effect of methysergide is ?,A,B,False,B
867,True about smooth muscle contraction ?,A,C,False,C
868,Blood transfusion to neonate rate of,A,A,True,A
869,Newborn care corner is present in ?,A,A,True,A
870,Change from solid to liquid requires additional energy which is known as:,A,A,True,A
871,Mediolateral episiotomy is preferred because ?,A,A,True,A
872,Female urethra develops from -,A,A,True,A
873,Speilberg criteria is used for ?,A,A,True,A
874,In Pont’s analysis if the measured value is less than the calculated value:,A,B,False,B
875,Mycoplasma is resistant to -,A,D,False,D
876,Patient with a history of carcinoma bladder presenting with dyspnoea with clinical signs of DVT and tachycardia. The risk for the patient to develop Pulmonary embolism according to WELL's score,A,A,True,A
877,Most common cardiac lesion in Down’s syndrome is?,A,A,True,A
878,Stimulation of the external auditory canal leads to cough due to which nerve,A,A,True,A
879,"If fetus is having hypoxia, which of the BPP parameter will be affected last ?",A,A,True,A
880,"Relative risk was studied for disease and cause, the value was 1. It implies :",A,A,True,A
881,False about retroperitoneal fibrosis is,A,A,True,A
882,Most common site of extramedullary relapse of ALL in 6 year old is,A,A,True,A
883,Gustatory pathway involves which nerve?,A,D,False,D
884,The outline form of a lingual rest is:,A,A,True,A
885,Lateral border of tongue carcinoma after resection,A,D,False,D
886,Which of the following appliance take anchorage from muscle:,A,C,False,C
887,Cardinal rule for dressing of pressure ulcer is to -,A,D,False,D
888,Botulinum toxin is used in treatment of ?,A,D,False,D
889,Selenium sulphide is used in the treatment of?,A,B,False,B
890,Enzyme responsible for postmoem hemolysis is,A,A,True,A
891,Cervical Enamel Projections (CEPs) are most likely to be found on?,A,A,True,A
892,Psammoma bodies are found in,A,D,False,D
893,In SVC syndrome for non small cell carcinoma of lung management done,A,C,False,C
894,Relationship of upper incisors with arch width at pre molar and molar region given in which analysis?,A,D,False,D
895,Gap junctions?,A,C,False,C
896,Highest cell toxicity or allergic reactions are commonly seen with:,A,B,False,B
897,Most common benign tumor of ear canal is,A,C,False,C
898,Which of the following surveyor has a fixed horizontal arm:,A,B,False,B
899,Which drug used for endometriosis can cause increase in hepatic enzyme & adverse lipid profile -,A,C,False,C
900,When the values of Fev1=1.3 & FCV=3.9. Which of the following does this signify?,A,B,False,B
901,Surgery for perforation due to round worm is,A,A,True,A
902,Treatment of unilocular ameloblastoma is,A,D,False,D
903,Absolute contraindication for inseion of IUD,A,C,False,C
904,How much time after reduced movement fetal hea stops?,A,A,True,A
905,Which of the following is not an important cause of hyponatremia:,A,B,False,B
906,Loss of Intercellular cohesion between keratinocytes is called as ?,A,B,False,B
907,Most common cause of lung abscess is comatose patient,A,B,False,B
908,A/E are involved in MEN type II A ?,A,D,False,D
909,All of the following are true about nasal myiasis except?,A,C,False,C
910,Maxillary tubercle gives attachment to ?,A,A,True,A
911,What size of the hegar's dilator if passed through the internal os can be labeled as cervical incompetence?,A,B,False,B
912,XX baby presenting with penis & scrotum cause -,A,D,False,D
913,Uterus post pregnancy becomes a pelvic organ in?,A,B,False,B
914,1st affected in rigor mois,A,B,False,B
915,"In ca Cervix treatment, point A receives ?",A,A,True,A
916,Which of the following is water soluble contrast?,A,B,False,B
917,"In newborn, chest compression should be staed if hea rate is ?",A,B,False,B
918,Which of the following is most commonly used extraoral orthopaedic appliance is:,A,A,True,A
919,Dose of benzathaine penicillin G to be given in patients of latent syphilis in patients without penicillin allergy and normal CSF findings is,A,B,False,B
920,A patient presents with difficulty with swallowing liquids but not solids. The best investigation to make a diagnosis is,A,C,False,C
921,Most common route of infection in pasteurella cellulitis -,A,A,True,A
922,Huntingtons disease is commonly seen in age group between,A,B,False,B
923,The single most factor that determines the progression of liver disease to cirrhosis is–,A,B,False,B
924,Lateral border of the foot receives its sensory supply from ?,A,B,False,B
925,Factors contributing to the development of complications in measles are the following except-,A,D,False,D
926,HALE is used to measure,A,B,False,B
927,Lysyl oxidase requires which cofactor -,A,B,False,B
928,Which new generation sialagogue has additional M3 action?,A,D,False,D
929,Structures found in the retromolar pad area:,A,D,False,D
930,All of the following microbial shift can be seen during destructive periodontal disease except:,A,A,True,A
931,What poison will you detect in skeleton even after emaciation,A,B,False,B
932,Spontaneous respiration ceases after ?,A,B,False,B
933,Stain used for tubulin is,A,B,False,B
934,Secular trends are:,A,A,True,A
935,Nosocomial Infection occurs within?,A,C,False,C
936,Which of the following is false about zenkers diveiculum,A,D,False,D
937,Crypta magna develops from which pouch?,A,A,True,A
938,G1cNAc-P-P- oligosacharride is -,A,B,False,B
939,Eggs discharged in urine,A,C,False,C
940,"A diabetic patient presents with foul smelling ear discharge, fever and severe pain in the ear. On examination there is thick yellow coloured discharge from the ear and granulation tissue in the canal. Which of the following is the appropriate management for this patient?",A,A,True,A
941,Drug of choice for Mass therapy under filaria control Programme ?,A,B,False,B
942,Filariform larvae is the infective form of–,A,C,False,C
943,"40 year old male complaints of GERD, on endoscopy shows dysplasia. Treatment",A,A,True,A
944,Ante mortem rabies diagnosis is made commonly from?,A,B,False,B
945,Elastic limit beyond the proportional limit is known as:,A,C,False,C
946,All of the followings are pa of the treatment of scabies except?,A,B,False,B
947,Extended sickness benefit for tuberculosis under the ESI Act is:,A,C,False,C
948,"As per ICDS scheme, there should be one Anganwadi centre for a population of ?",A,A,True,A
949,Which of the following is an operculated sulcus ?,A,A,True,A
950,The most potent of the preparations of cannabis is–,A,B,False,B
951,Right coronary aery arises from?,A,A,True,A
952,Nephrotic syndrome is characterized by following manifestations except:,A,D,False,D
953,Causative organism of myringitis bullosa hemorrhagica is a:,A,B,False,B
954,First line treatment for mild retraction pocket in the ear is,A,A,True,A
955,Which of the following minor connector almost acts like a clasp:,A,A,True,A
956,The main muscle affected in congenital muscular toicollis is?,A,A,True,A
957,Acid injury can be differentiated from alkali injury by ?,A,A,True,A
958,Burkholderia cepacia is resistant to which of the following drugs:,A,C,False,C
959,Thymus dependent area in spleen -,A,A,True,A
960,51 S2 is checked by which reflex ?,A,B,False,B
961,"Osteoclastic bone resorption with fibrous replacement and haemorrhage with hemosiderin deposition, creating a mass known as brown tumor is seen in?",A,D,False,D
962,The systematic distrortion of retrospective study is?,A,A,True,A
963,Which of the following bacteria is not associated with bleeding on probing or periodontal destruction:,A,A,True,A
964,% of malignancy in duct ectasia is,A,A,True,A
965,Interferon gamma release assay (IGRA) is used for diagnosis of:,A,C,False,C
966,Comparing the cell cytotoxicity for different  elastomeric impression material (biocompatibility)  which of the following is least biocompatible:,A,B,False,B
967,"A primigravida with 36 weeks of pregnancy is in labor with 3 cm dilatation and minimal uterine contraction. On rupture of membranes, fresh bleeding is noted with late fetal deceleration up to 50 beats/min. The patient was taken for LSCS but fetus could no be saved. No abruptio or placenta pre was se",A,D,False,D
968,Which of the following is given to decrease Serum Triglycerides?,A,D,False,D
969,Macroprolactinoma ideal treatment is,A,B,False,B
970,Spider telengectacia false is ?,A,D,False,D
971,"Within 2hrs of birth, type of bacteria which colonies the oral cavity of the foetus is:",A,A,True,A
972,A 44 year old woman presents Sudden painless loss of vision with history of previous similar episode fundoscopy shows no glow. What could be the possible diagnosis?,A,C,False,C
973,Endothelin acts through which receptors?,A,B,False,B
974,"In Zellweger syndrome,there is ?",A,C,False,C
975,Anesthetic agent leading to bradycardia is?,A,A,True,A
976,"Statement 1:  It is not advisable to consider permanent crowning until the child is 17 years. 
 Statement 2:   This is because the development of the dentofacial structures would not be complete by  then.",A,B,False,B
977,Anticipated loading means:,A,C,False,C
978,Initial clicking of TMJ is a sign of?,A,C,False,C
979,Leon Williams classify forms of teeth as:,A,D,False,D
980,DNA finger printing cannot be taken from ?,A,D,False,D
981,What is true about sickle cell -,A,C,False,C
982,Replacement of 1 or more components of amalgam is known as:,A,A,True,A
983,Renal papilla opens into -,A,B,False,B
984,Fish is the intermediate host for all of the following parasites except–,A,C,False,C
985,Organism causing following includes all except,A,B,False,B
986,Which layer of cornea helps in the hydration of stroma of cornea,A,A,True,A
987,A study was undertaken to assess the effect of a drug in lowering serum cholesterol levels. 15 obese women and 10 non-obese women formed the 2 limbs of the study. Which test would be useful to correlate the results obtained:,A,A,True,A
988,Lorcaserin is used as ?,A,D,False,D
989,Biopsy of opposite breast is done in which histological subtype of breast cancer?,A,D,False,D
990,Calcified dentinal tubule wall has an inner lining termed as:,A,C,False,C
991,Pregnant women going for long journey & prolonged sitting is associated with danger of ?,A,A,True,A
992,All lymph of stomach drains into ?,A,D,False,D
993,ATP is consumed at which step of glycolysis,A,C,False,C
994,Killian’s dehiscence is a posterior projection seen between which of the followingmuscles?,A,C,False,C
995,Treatment of central safe perforation of tympanic membrane includes all except,A,D,False,D
996,Parathyroid gland is implanted in which muscle?,A,A,True,A
997,Which of the following synchondrosis has a major contribution to growth?,A,C,False,C
998,Speed of medium category rotary instruments:,A,B,False,B
999,Coefficient of correlation is calculated to find:,A,B,False,B
1000,Anterior posterior malpositioning of anterior teeth given by which index?,A,B,False,B
1001,Excellent predictor of moality and morbidity in patients after hepatectomy is,A,A,True,A
1002,Treatment of T4N0M0 stage of head and neck carcinoma is?,A,D,False,D
1003,Which muscle protects the brachial plexus in case of clavicle fractures?,A,A,True,A
1004,Low glucose level in premature,A,B,False,B
1005,The folds in collagen is due to ?,A,A,True,A
1006,All of the following are true about collagen structure except -,A,D,False,D
1007,Pituitary adenoma is approached transnasally through:,A,D,False,D
1008,Insulin stimulated glucose uptake is by?,A,D,False,D
1009,Which segment of liver drains on both sides ?,A,C,False,C
1010,Which interleukin gene cluster polymorphisms in association with early failures is?,A,A,True,A
1011,Menopause is defined as ?,A,B,False,B
1012,Definitive treatment for preeclampsia?,A,A,True,A
1013,Estimation of fetal hemoglobin is done by ?,A,B,False,B
1014,Which of these is used to check vitality of cells in oral Mucositis/precancerous lesions:,A,B,False,B
1015,"A 28-year-old primigravida with 33 weeks of pregnancy suddenly complains of headache, oliguria, and blurred vision. Her BP is 180/110 and urine albumin is +3. The line of fuher management is ?",A,D,False,D
1016,‘Proof-reading ’activity is exhibited by which of the following enzymes involved in DNA replication?,A,C,False,C
1017,Force which can more likely to injure the periodontium?,A,C,False,C
1018,DOC for scorpion sting bite is?,A,D,False,D
1019,MC presenting symptom of fibroid is ?,A,A,True,A
1020,A 30-year-old man is presented with cramping gluteal pain after walking 500m. Which is the vessel involved during this?,A,A,True,A
1021,Which amino acid is used to synthesize Nitric oxide?,A,B,False,B
1022,True about spinocerebellar tract is?,A,B,False,B
1023,Which of the following type of cementum has the exclusive function of anchoring the root:,A,D,False,D
1024,All are Pocket Reduction Surgery except?,A,A,True,A
1025,Alpha waves are seen during?,A,A,True,A
1026,Vasodilatation following endothelial damage is due to ?,A,A,True,A
1027,"In gingival inflammation, histopathologic alterations that result in abnormal gingival bleeding includes all except;",A,D,False,D
1028,Soft wood exposure leads to -,A,B,False,B
1029,Maximum Permissible Dose for whole body for radiation workers in a year is:,A,B,False,B
1030,Advantages of breast feeding for the children?,A,D,False,D
1031,Engaging diameter in face presentation is -,A,B,False,B
1032,Which of the following related to gastric injury is untrue:,A,A,True,A
1033,Which of the following organism has a role to play in Seborrhic dermatitis ?,A,A,True,A
1034,"Axial Reduction has to be done while tooth preparation ,as it provides all of the following functions except;",A,B,False,B
1035,AII are true about beta oxidation of fats acids except -,A,B,False,B
1036,True about Stab Wounds ?,A,A,True,A
1037,"Daily use of a hard, improperly designed toothbrush is a poor instrument for biofilm removal and a principal cause of:",A,D,False,D
1038,MC symptom of AIDS in infant is -,A,C,False,C
1039,Where to look for pre-ductal O2 saturation in PDA in a 3 minute born infant?,A,A,True,A
1040,"A randomized, double-blinded trial finds that oral corticosteroids are superior to placebo in hastening the resolution of
otitis media with effusion. Possible reasons why this study might have given a falsely positive result include",A,B,False,B
1041,True about visual cycle cascade ?,A,D,False,D
1042,Triad for clinical diagnosis PID includes all except ?,A,D,False,D
1043,widening of the cailaginous pa of the extra auditory canal called.,A,D,False,D
1044,Educating and motivating patient to use the denture effectively is?,A,A,True,A
1045,Report of Colorado stains published in?,A,A,True,A
1046,Manifestations of vitamin E.deficiency are all except -,A,A,True,A
1047,Resorption of mandible in old age is:,A,B,False,B
1048,Most obvious clinical sign in concussion is:,A,A,True,A
1049,Which of the following is w-6 fatty acid -,A,B,False,B
1050,Naltrexone is used for following poisoning:,A,A,True,A
1051,Which is the first organ to putrefy :,A,A,True,A
1052,All of the following are true about Spasmoidic Dysphonia except ?,A,A,True,A
1053,Milieu interior was coined by–,A,A,True,A
1054,Muscle not inserted on greater tuberosity ?,A,D,False,D
1055,Double pot method is used for?,A,C,False,C
1056,"A study was done to assess malnutrition among young children. 100 children were selected each from rural and urban areas. Out of these, 30 among rural and 20 among urban were found to be malnourished. which of the following statistical test is used to compare the data sets?",A,B,False,B
1057,For lower lip carcinoma of <1cm in size. The treatment of choice will be-,A,C,False,C
1058,All culture media are used for antibiotic susceptibility except -,A,D,False,D
1059,Which of the following is not a feature of distal renal tubular acidosis,A,D,False,D
1060,Perioperative shock is an example of,A,A,True,A
1061,Sickle cell anaemia is caused due to:,A,B,False,B
1062,Normal ferritin level in adult male ?,A,B,False,B
1063,-30deg to -60deg left axis detion is seen in,A,D,False,D
1064,What is true about hyperpolarization of membrane in a neuron conducting impulses?,A,B,False,B
1065,Which of the following is closed at bih?,A,A,True,A
1066,Diagnosis of pulmonary embolism is primarily made by?,A,A,True,A
1067,Most common cause of maternal moality in spinal anesthesia is ?,A,D,False,D
1068,Which of the following is a non-rigid connector:,A,B,False,B
1069,Proximal tibial epiphysis fuses at -,A,B,False,B
1070,With blunt trauma all over body the amount of N2 & nitrogen end products lost/day,A,A,True,A
1071,What is recurrence of febrile seizure -,A,A,True,A
1072,Parathyroid adenomas account for how much percentage of patients with primary hyperpara-thyroidism?,A,A,True,A
1073,The amount of colour per unit area of an object is called as:,A,C,False,C
1074,Square root of p1q1/n1 + p2q2/n2 is a measure of:,A,B,False,B
1075,Which of the following antidiabetic drug is insulin secretogogue ?,A,C,False,C
1076,Temperature required in a hot air oven for a holding period of 1 hour in degree Celsius is –,A,A,True,A
1077,Bishop's tripod of life includes all except -,A,D,False,D
1078,Mylohyoid ridge is:,A,A,True,A
1079,Sugars are primarily absorbed in ?,A,B,False,B
1080,RBC in embryonic life are formed in:,A,A,True,A
1081,Gasless abdomen seen in-,A,B,False,B
1082,True about cAMP and cGMP -,A,D,False,D
1083,The most common location of spleniculi is–,A,B,False,B
1084,"Which best explains ""Flipping effect""?",A,A,True,A
1085,Rarest presentation is?,A,D,False,D
1086,Which one of the following is not an early complication of acute myocardial infarction ?,A,A,True,A
1087,"The patient is present with fecal peritonitis and during laparotomy, a diveicular perforation is seen. Which stage is classified according to Hinchey's stage?",A,C,False,C
1088,Exercise mediated increase in muscular blood flow is mediated by which sympathetic fibers,A,A,True,A
1089,E. coli subtypes are divided on the basis of,A,C,False,C
1090,Nasally acting GnRH analogue is ?,A,A,True,A
1091,Alagille syndrome- all of the following are true except -,A,D,False,D
1092,Hygroscopic setting expansion occurs when?,A,A,True,A
1093,Square wave seen in ECG recording denote,A,C,False,C
1094,MHC-I is present on all except:,A,A,True,A
1095,Which of the following drug can lead to pemphigus?,A,A,True,A
1096,β-Glucuronidase (βG) is a lysosomal enzyme found in?,A,B,False,B
1097,What is the disadvantage of resin restoration when using for class II cavity:,A,A,True,A
1098,Most common tumor of oropharynx is,A,A,True,A
1099,Lower limit of the inferior border of the lung in the midaxillary line is ?,A,B,False,B
1100,Rule of Halves is related to ?,A,B,False,B
1101,Trial of labour in previous casearian section can be done in ?,A,D,False,D
1102,Mutation in GLUT-2 causes ?,A,B,False,B
1103,Cardiovascular complication of HIV infection includes all of the following except:,A,D,False,D
1104,Major adrenal androgen is ?,A,A,True,A
1105,Sudden onset headache with neck rigidity?,A,B,False,B
1106,All are features of inflammatory ahritis except?,A,A,True,A
1107,DIC is seen in all except,A,A,True,A
1108,Bacteria which is found in the smear from the lesion of ANUG:,A,A,True,A
1109,"In which condition, medical treatment of gall stone is indicated -",A,A,True,A
1110,Oochronosis is seen in which poisoning ?,A,C,False,C
1111,Mechanism of action of cholecystokinin ?,A,C,False,C
1112,Which state has lowest IMR ?,A,B,False,B
1113,Veebra Plana is seen in all except -,A,C,False,C
1114,What is intussuscepiens,A,A,True,A
1115,Antiapoptotic gene,A,A,True,A
1116,Most common organism causing infection after open fracture,A,B,False,B
1117,Tubuloglomerular feedback control is useful for which one of the following?,A,A,True,A
1118,Power scalers attached to a dental unit because they need compressed air and work at a frequency of 2000 to 6500 cycles per second (cps) are?,A,A,True,A
1119,'Beta hypothesis' deals with:,A,B,False,B
1120,Acute intermittent porphyria is due to deficiency of?,A,A,True,A
1121,Uterine rupture is most common in -,A,A,True,A
1122,Which of the following is not an ideal candidate for IUCD inseion ?,A,D,False,D
1123,Most common tumor seen in HIV:,A,A,True,A
1124,Process of mechanical mixing  of alloy with Hg to break surface oxide film on alloy is known as:,A,A,True,A
1125,"In patients with penile injury, Colle's fascia prevents extravasation of urine in ?",A,B,False,B
1126,Healing of socket in which flaps are approximated following removal of tooth occurs by:,A,A,True,A
1127,Which of the following dietary fiber is insoluble in water?,A,D,False,D
1128,Most common site of spleneculi is?,A,D,False,D
1129,Which of the following is true about different structures of protein?,A,D,False,D
1130,Androgenic XX chromosome is ?,A,C,False,C
1131,Fabry's disease affects,A,B,False,B
1132,Sec 191 IPC is for -,A,C,False,C
1133,All trans retinoic acid is used in the treatment of tumour associated with,A,B,False,B
1134,The two most common locations for supragingival calculus to develop are the?,A,A,True,A
1135,Which of the following finish line should be there in case of tipped molars?,A,D,False,D
1136,In FITC the color emitted after blue light absorption? \\,A,A,True,A
1137,Acrosome reaction is seen in?,A,A,True,A
1138,Malnourished child minimum weight gain,A,A,True,A
1139,1955 Hepatitis outbreak in Delhi ?,A,A,True,A
1140,Enzyme used as treatment for sickle cell anemia,A,B,False,B
1141,Which section belongs to marital rape ?,A,A,True,A
1142,All of the following are indications for surgery in gastric lymphoma except:,A,C,False,C
1143,"On weight basis, the membrane contains protein and lipid in the ratio of ?",A,B,False,B
1144,Hematoma during labour is not due to ?,A,D,False,D
1145,C wave is seen in -,A,D,False,D
1146,Trendelenberg’s operation is done for?,A,B,False,B
1147,Calculation of interstitial fluid in a 50 years old is done by?,A,A,True,A
1148,Mental foramen to implant distance should be:,A,A,True,A
1149,Leptospirosis is caused by?,A,B,False,B
1150,Which of the following studies have given coronary risk factor ?,A,A,True,A
1151,The content of Litter’s hernia is?,A,A,True,A
1152,Best force for orthodontic tooth movement is:,A,B,False,B
1153,True for King's Criteria with acute fulminant liver failure except-,A,D,False,D
1154,Fumarate of TCA is derived from transmination of which amino acid,A,D,False,D
1155,Not true about Barrett's esophagus,A,B,False,B
1156,Long spinous process is seen in ?,A,A,True,A
1157,The gold standard test for diagnosis of Insulinoma is:,A,A,True,A
1158,Remnant of umbilical aery,A,A,True,A
1159,"When an interim obturator is planned in a case of maxillary surgery, it is given:",A,A,True,A
1160,True about Bohr’s effect is?,A,A,True,A
1161,Causes of male infeility ?,A,D,False,D
1162,Which of the following cephalosporin is active against Pseudomonas aeruginosa:,A,C,False,C
1163,Risk of spontaneous bleed occurs at platelet level of:,A,A,True,A
1164,Major drawback of metal denture base:,A,D,False,D
1165,Which of the following muscle does not form posterior wall of axilla?,A,A,True,A
1166,Alvorado’s score is done for?,A,A,True,A
1167,The typical maintence dose of Leveteracetam is?,A,A,True,A
1168,During autoclaving burs are dipped in:,A,B,False,B
1169,Second phase occlusal adjustment consists of:,A,D,False,D
1170,"Following are the complaints of a patient with h/o ischemic heart disease, acute abdominal pain, tenderness, distension of abdomen, absent bowel sound, maroon coloured blood in stool. Diagnosis is?",A,A,True,A
1171,Myoglobin contains ?,A,A,True,A
1172,Rate of turnover of amniotic fluid is ?,A,B,False,B
1173,Fungus affecting reticulo-endothelial system,A,B,False,B
1174,Copper IUCD as a contraceptive measure can be used maximum till what time after contact ?,A,B,False,B
1175,Addition of which Amino Acid will increase UV absorption,A,A,True,A
1176,Not a apoptotic gene,A,C,False,C
1177,"An 80-year-old woman has had no major medical problems, but she has never been physically active for most of her life. One day she falls out of bed and immediately notes a sharp pain in her left hip. She is subsequently unable to ambulate without severe pain. Radiographs show not only a fracture of ",A,D,False,D
1178,The first tissue to react when orthodontic forces are applied:,A,A,True,A
1179,Most common mechanism for transpo into the cell?,A,A,True,A
1180,True about glycolysis?,A,C,False,C
1181,Which parameter will increase in iron deficiency anaemia?,A,B,False,B
1182,The shoest conjugate is ?,A,D,False,D
1183,Utero-placental circulation is established days after feilization ?,A,A,True,A
1184,"Calculate GCS of 25 year old head injury patient with following parameters confused, opening eyes in response to pain, localizing pain will be-",A,B,False,B
1185,History of yellow green watery discharge and pruritus?,A,A,True,A
1186,Result of interaction of Sildenafil with No is?,A,D,False,D
1187,Drug/s used in management relapsed multiple myeloma is,A,D,False,D
1188,Addition of epinephrine to lignocaine?,A,A,True,A
1189,"A mother brought her 16-year-old daughter to Gynaecology OPD with a complaint of not attending menarche. She gives H/O cyclic abdominal pain. On fuher examination midline, abdominal swelling seen. Per rectal examination reveals a bulging mass in the vagina. Which of the following can be most commonl",A,A,True,A
1190,Not true about diphtheria vaccine?,A,D,False,D
1191,"Allergic condition which leads to gingival enlargement , this type of gingivitis is known as:",A,A,True,A.
1192,All of the following are features of ethmoidal polyp except ?,A,B,False,B
1193,Maximum daily degradation of hemoglobin in normal adults?,A,B,False,B
1194,Increased Q angle predisposes to,A,B,False,B
1195,Which of the following organism releases histamine and cause scombroid fish poisoning -,A,D,False,D
1196,Diplacusis is,A,B,False,B
1197,Sphenoid dysplasia is seen in?,A,A,True,A
1198,Best time for surgery of hypospadias is at what age -,A,A,True,A
1199,If a sample of DNA if adenine is 28% what will be the amount of Cytosine present,A,A,True,A
1200,Which hormone acts on JAK-STAT kinase receptor ?,A,C,False,C
1201,"""Pseudocommunity"" is seen in?",A,A,True,A
1202,Which of the following is true about Beta oxidation of fatty acids?,A,D,False,D
1203,All are true about popliteus EXCEPT:,A,D,False,D
1204,Injury to penis which of the following prevents extravasation of blood -,A,A,True,A
1205,Which can replace N20 as 02 carrier?,A,B,False,B
1206,Kidney parenchyma is derived from -,A,C,False,C
1207,Mucogingival Surgery was renamed periodontal plastic surgery by 1996 World Workshop in Clinical Periodontics; the term was originally prescribed by,A,A,True,A
1208,Biological width in the implant is:,A,A,True,A
1209,If a cast of dental stone stored >90°C shows?,A,A,True,A
1210,All are true about skin except:,A,D,False,D
1211,Which is the only bacteria which can adhere to all bacterias of oral cavity:,A,A,True,A
1212,Which of the following is true about streptococcus pneumoniae:,A,D,False,D
1213,"A 4-year-old boy of a first-degree consanguineous couple was noted by the parents to have darkening of the urine to an almost black color when it was left standing. He has a normal sibling, and there are no other medical problems. Growth and development to date are normal. Which of the following is ",A,B,False,B
1214,Which anesthetic gas was used by WTG Moon in his experiment ?,A,A,True,A
1215,Tumor with maximum bone matrix,A,A,True,A
1216,"A 10 years — old child is brought to the emergency room with seizures of the tonic — clonic type. His mother reports
that these seizures have been occurring for the past 50 minutes. The treatment of choice is.",A,A,True,A
1217,What are okazzaki fragments -,A,C,False,C
1218,"According to NCEP-ATP III, which among the following have not been included in metabolic syndrome?",A,B,False,B
1219,Bile salts help in absorption of fat by -,A,A,True,A
1220,The characteristic of a water-insoluble substance most important in governing its diffusibility through a cell membrane is its.,A,D,False,D
1221,As calcification of plaque increases:,A,B,False,B
1222,Major drawback of mandibular single CD opposing the natural dentition:,A,A,True,A
1223,Mioitcs are treatment of choice for ?,A,A,True,A
1224,"Among the following, entirely crystalline structure is:",A,A,True,A
1225,Which of the following is not a surveying tool:,A,B,False,B
1226,What binds resin matrix to the filler?,A,A,True,A
1227,pH of intracellular fluid is ?,A,A,True,A
1228,Pars dorsalis is a pa of ?,A,B,False,B
1229,Sympathetic supply to the hea arises from which of the following spinal segments?,A,A,True,A
1230,Colour of stools in breastfed new born is -,A,D,False,D
1231,Copper sulphate is used as an antidote in which of these poisonings?,A,A,True,A
1232,NADPH glycerophosphate shunt makes how many ATP?,A,A,True,A
1233,True about ENaC are all except ?,A,D,False,D
1234,Analysis used to measure tongue size?,A,B,False,B
1235,Which of the following precancerous conditions if treated would not lead to cancer,A,A,True,A
1236,"Which of the following type of minor connector is indicated for tooth supported  dentures with well-healed ridges, where frequent relining and rebasing are not  anticipated?",A,A,True,A
1237,All are true about trigeminal nerve except,A,B,False,B
1238,Gingivosis is also known as?,A,A,True,A
1239,Vesicles on external ear are seen in,A,C,False,C
1240,Which of the following is not a part of behavioural science?,A,C,False,C
1241,In pregnancy which of the following level is altered mostly:,A,D,False,D
1242,Modified BIOPHYSICAL PROFILE is ?,A,C,False,C
1243,Dose of mifepristone in MTP is ?,A,A,True,A
1244,Gold standard for treatment of gingival recession is:,A,A,True,A
1245,Which of the following can be used in the management of tardive dyskinesia ?,A,D,False,D
1246,Somatic efferent of which arise from medulla?,A,D,False,D
1247,All the following are advantages of case control studies except:,A,B,False,B
1248,True about pyrimidine catabolism is ?,A,C,False,C
1249,Borrelia causes which of the following,A,A,True,A
1250,NotafeatureofPSGN -,A,B,False,B
1251,Lowest pH is seen in which of the gastrointestinal secretion?,A,A,True,A
1252,"Biaxial flexural test is preferred by some scientists to avoid the problem of _____fracture, which can occur in flexural tests of bar specimens.",A,B,False,B
1253,5th key of Andrews six keys of occlusion?,A,D,False,D
1254,A couple was locked up in a room with fire around. All of the following are the probable immediate causes of death in such circumstance except:-,A,B,False,B
1255,For a community physician which of the following is more important:,A,B,False,B
1256,Preferred IUD for menorrhagea ?,A,C,False,C
1257,Australian antigen for hepatitis b is?,A,A,True,A
1258,CD marker for Langerhan’s Histiocytosis is?,A,C,False,C
1259,Which of the following drugs used to treat peptic ulcer disease can lead to reduced gastrinsecretion?,A,A,True,A
1260,Secretomotor fibers to parotid glands are through -,A,A,True,A
1261,Occurrence of the polio is an example of,A,A,True,A
1262,Amenorrhoea following hyperprolactinoma is caused by ?,A,A,True,A
1263,Which of these is a psuedocyst:,A,C,False,C
1264,Non foldable lens is made of -,A,C,False,C
1265,Most abundant RNA:,A,A,True,A
1266,Which of the following is not a type of bionator:,A,D,False,D
1267,Which of the following is not true about levamisole?,A,B,False,B
1268,Which of the following drug is effective against Provetella and Porphyromonas:,A,A,True,A
1269,Fluoride containing pit and fissure sealants come under which generation:,A,A,True,A
1270,Role of humectant in toothpastes:,A,A,True,A
1271,Opsonin is,A,B,False,B
1272,Which is the main vector of Dengue ?,A,A,True,A
1273,Tetracycline fibers come under the trade name as:,A,C,False,C
1274,Sorbitol is added in toothpastes as?,A,C,False,C
1275,Dental caries prevalence are increasing in developing and underdeveloped country is an example of?,A,A,True,A
1276,Werner syndrome associated with premature aging is caused due to a defect in which of the following?,A,D,False,D
1277,True about universal precautions are all except -,A,C,False,C
1278,Inveed Champagne bottle appearance is seen in,A,C,False,C
1279,Oral sore due to inhaled steroids are treated by ?,A,B,False,B
1280,LNG content of Mirena is -,A,B,False,B
1281,The principle of total internal reflection is used by?,A,A,True,A
1282,"Due to loss of alcohol and water from the gel, green shrinkage results. This is seen in:",A,B,False,B
1283,Pseudogerontoxon is seen in,A,A,True,A
1284,MC hea disease in pregnancy is ?,A,A,True,A
1285,True about NADP -,A,B,False,B
1286,"7 days post partum a woman comes with progressive headache, nausea, vomiting,  papilloedema, no history of fever, blood pressure 110/70 and left sided hemiparesis.  The diagnosis is?",A,A,True,A
1287,Advantage of using ZOE paste for final impression is/are:,A,D,False,D
1288,A 65 year old male presenting with acure pancreatitis is now having refractory hypoxia. The X RAY of chest would show,A,A,True,A
1289,Ligation of the hepatic aery will impair blood supply in,A,B,False,B
1290,Inner plexus in GIT is ?,A,D,False,D
1291,In moderate excercise the respiratory rate is increased due to response of ?,A,D,False,D
1292,All are pre-malignant conditions except -,A,D,False,D
1293,Which of the following is not a protective bacteria:,A,B,False,B
1294,Critical diameter of caecum when perforation is considered eminent in pseudo-obstruction is -,A,A,True,A
1295,Most common cause of unilateral Hilar lymphadenopathy,A,D,False,D
1296,Outcomes of occipito posterior position?,A,D,False,D
1297,Tumour of the uncinate process of the pancreas will compress which aery,A,B,False,B
1298,Which of the following is true about amoebic liver disease?,A,A,True,A
1299,Most common cause of tenth day post paum bleeding?,A,A,True,A
1300,"A patient has been advised for a 3 unit bridge. The dentist has to take an impression, but which of the following impression material should be avoided?",A,A,True,A
1301,Couvelaire uterus is seen in ?,A,B,False,B
1302,Retrospective cohort studies are characterized by all the following except:,A,B,False,B
1303,These corpuscle arepresent in:,A,B,False,B
1304,ELISA test for virulence antigen is used for which type of E coli,A,A,True,A
1305,Chromosome number of paial hydatidiform mole is-,A,D,False,D
1306,"In patients with emphysematous bullae, total lung volume is best determined by?",A,B,False,B
1307,Loss of foot process is classical in case of?,A,D,False,D
1308,Investigation of choice for lung abscess is,A,B,False,B
1309,Accident in which a child has fallen with an object in mouth results in,A,D,False,D
1310,Local anaesthetic with lowest placental transfer rate is:,A,D,False,D
1311,"In citric acid cycle, NADH is produced by-",A,C,False,C
1312,Not a site of primary lymphoma in AIDS,A,D,False,D
1313,ANUG can be called by all of the following names except:,A,A,True,A
1314,MENOPAUSE is diagnosed by ?,A,C,False,C
1315,Dangerous space in the neck is found between?,A,A,True,A
1316,Most common type of spinal injury is:,A,A,True,A
1317,Which of the following does not cause oral cancer in children?,A,C,False,C
1318,True statement includes all of the following except?,A,D,False,D
1319,Which of the following increases paicle diffusion across the cell membrane ?,A,C,False,C
1320,Occipitomental view of PNS X-ray called as,A,A,True,A
1321,Chronic manifestations of Aspergillosis are not evident in which of the following organs?,A,C,False,C
1322,Which of the following is a complete sulcus in the brain?,A,C,False,C
1323,False about osteogenesis imperfecta is -,A,A,True,A
1324,Vestibular screen works on the principle of:,A,C,False,C
1325,Gulonate dehydrogenase requires ?,A,B,False,B
1326,Maximum practical width of bracket is about..... of tooth width to achieve effective orthodontic treatment or more springiness?,A,A,True,A
1327,Drug used to keep PDA open -,A,A,True,A
1328,First radiological sign for active tubercular ahritis is -,A,A,True,A
1329,All are contraindications of spinal anaesthesia Except?,A,C,False,C
1330,Prostaglandin analogue used in PDA is -,A,C,False,C
1331,A pregnant female had Meconium stained liquor and underwent emergency LSCS. A few days later her condition deteriorated. USG showed edematous bowels. What's the cause?,A,A,True,A
1332,All of the following are the timing of growth spurts except:,A,A,True,A
1333,Seoli cells are derived from -,A,C,False,C
1334,Investigation of choice for endometriosis ?,A,D,False,D
1335,Not true in complete hydatidiform mole ?,A,D,False,D
1336,Reticular fibers are mainly composed of ?,A,A,True,A
1337,Which of the following is not a fibrotic effect,A,A,True,A
1338,Which drug is used in the treatment of Type I tyrosinemia?,A,A,True,A
1339,"Which of the following minor connector directly lines the edentulous ridge, without any relief?",A,A,True,A
1340,Gene responsible for mutation of HBV is ?,A,A,True,A
1341,Atropine is most sensitive to?,A,A,True,A
1342,Which among the following is not a function of cementum:,A,D,False,D
1343,Which does not have Live bihs as denominator?,A,A,True,A
1344,Frozen phenomenon is used for -,A,A,True,A
1345,Most commonly involved nerve in herpes zoster opthalmicus is?,A,D,False,D
1346,"In Vision 2020, the target for Secondary Sevice center is for how much population -",A,B,False,B
1347,DOC for Cyclosporiasis?,A,A,True,A
1348,The most common Mullerian anomaly is?,A,C,False,C
1349,Diagonal survey lines are more common on the buccal surfaces of:,A,D,False,D
1350,"During investigation of an epidemic, the area is declared free of epidemic when?",A,A,True,A
1351,"In a heart patient with replaced valves, a periodontal surgery is planned only for gingival tissue then:",A,C,False,C
1352,Risk factors for alzheimer's disease include-,A,C,False,C
1353,Appliance which is fore runner of all functional appliances was developed by?,A,A,True,A
1354,What is the dose of Isoniazid in children?,A,B,False,B
1355,LAHSAL code is used to represent congenital malformation of -,A,C,False,C
1356,Chemical mediator for pyrexia and vasodilation:,A,A,True,A
1357,Maternal age is not associated with -,A,A,True,A
1358,"Chi-square test 5 rows/4 columns, degree of freedom is:",A,A,True,A
1359,Metamerism is commonly seen with:,A,A,True,A
1360,Anterior Rectus Sheath just above pubic symphysis is formed by ?,A,B,False,B
1361,"In which disease, symptoms improve with crying –",A,C,False,C
1362,Keeth Wagner classification is for,A,A,True,A
1363,Which order neuron is optic nerve in the visual pathway?,A,B,False,B
1364,Chain breaking antioxidants are all except -,A,B,False,B
1365,Sperm chromosome faster is -,A,B,False,B
1366,Kwashiorkor- Triad includes all except -,A,B,False,B
1367,Transverse and vertical study of the skeleton can be done in?,A,A,True,A
1368,Farrar gave :,A,A,True,A
1369,Clozapine is used for?,A,A,True,A
1370,Most dangerous type of odontoid fracture as per Anderson and D' Alonzo classification and its respective management is,A,C,False,C
1371,Mid gut Volvulus symptoms appear at,A,A,True,A
1372,Glutathione is used to detoxify which free radical?,A,B,False,B
1373,"According to Howe, to achieve a normal occlusion with full complement of teeth, the basal arch width at the premolar region should be _____of the sum of the mesiodistal widths of all the teeth mesial to the second molar.",A,B,False,B
1374,Sequence of contents in scientific report of oral health survey:,A,B,False,B
1375,Young male with history of trauma having left sided testis swollen & erythematous. Other side normal diagnosis,A,C,False,C
1376,USG of 28 weeks gestation showing oligohydramnios is likely to be due to ?,A,B,False,B
1377,Mesangial cell contraction is done by?,A,A,True,A
1378,Which of following is an analouge guanosine ?,A,A,True,A
1379,HRCT features of interstitial pneumonia are all except -,A,A,True,A
1380,Common cause of death in a patient with chronic bronchieactasis is,A,B,False,B
1381,Specific content in malaria vaccine is?,A,C,False,C
1382,Fibrosis associated with liver cirrhosis is mediated by -,A,A,True,A
1383,Eyelid papules and hoarse cry in a child is suggestive of -,A,A,True,A
1384,Absorption of calcium ion is affected mostly by ?,A,A,True,A
1385,Impoant measure for National health policy?,A,D,False,D
1386,Substance used for PET scan is,A,A,True,A
1387,Which of the following may be used to fill the pathologic void of a non-perforating internal resorption?,A,B,False,B
1388,Delayed onset polyneuropathy after OP poisoning is seen after?,A,B,False,B
1389,Premature ejaculation occurs in which phase of sexual cycle?,A,C,False,C
1390,Waldeyer's fascia connects ?,A,C,False,C
1391,Muir-Torre syndrome shows,A,A,True,A
1392,Trypsinogen is conveed to trypsin by?,A,A,True,A
1393,The most abundant aminoacid of collagen is -,A,A,True,A
1394,Appliance which has vertically positioned rectangular slot?,A,B,False,B
1395,Ristocetin testing von Willebrand disease shows?,A,C,False,C
1396,Gold standard cement against the properties of other cements:,A,A,True,A
1397,Treatment of Renal cell carcinoma of less than 4 cm will be-,A,A,True,A
1398,Panitumumab is used for which cancer?,A,A,True,A
1399,What is the effect on radiograph if there are scratches on intensifying screen,A,A,True,A
1400,VMA is excreted in urine in which condition -,A,C,False,C
1401,Bilateral ovarian carcinoma + capsule + ascitis+ paraaoic LN. Which stage ?,A,C,False,C
1402,Non-obstructive hydrocephalus - true is ?,A,D,False,D
1403,Retinal astrocytoma is seen in ?,A,C,False,C
1404,"After trauma, A person cannot move eye outword beyond mid point. The nerve injured is ?",A,D,False,D
1405,In scrub typhus all are true except:,A,A,True,A
1406,The triangular interval between the medial border of Scalenus anterior and Longus colli contains all the following structures Except:,A,D,False,D
1407,"A 27 year old female was brought to emergency department for acute abdominal pain following which she was shifted to the operation theatre for laparotomy. A speedy intubation was performed but after the intubation, breath sounds were observed to be decreased on the left side and a high end tidal CO2",A,D,False,D
1408,True about heparin is all except:,A,D,False,D
1409,All of the following are features of interstitial lung disease except,A,B,False,B
1410,Patient with recurrent aboion diagnosed to have antiphospholipid syndrome. What will be the treatment?,A,B,False,B
1411,Which of the following is true about gastric ulcer but not the duodenal ulcer?,A,B,False,B
1412,Food can commonly get obstructed in the esophagus at all of the following locations except,A,A,True,A
1413,Which of the following is teratogenic:,A,C,False,C
1414,Molecular mass of IgG,A,A,True,A
1415,"When the X-ray tube is shifted to the right, the object shifts to the adjacent teeth. The object is positioned:",A,A,True,A
1416,Chlosite refers to:,A,A,True,A
1417,"A patient presents with diplopia, fever and ear discharge.  The most probable diagnosis is?",A,A,True,A
1418,Dietary deficiency of which vitamin usually does not exist -,A,D,False,D
1419,Which of the following bur is used for developing Radial shoulder margin:,A,A,True,A
1420,Iron requirement in pregnancy is increased due to:,A,C,False,C
1421,Intrinsic laryngeal muscle develops from which of the pharyngeal arch?,A,C,False,C
1422,Mechanism of action of curare like drugs?,A,B,False,B
1423,Immunity stas after how many days of yellow fever vaccination ?,A,A,True,A
1424,Most impoant criterian in causal relationship hypothesis ?,A,A,True,A
1425,Thinnest part of fallopian tube is?,A,A,True,A
1426,The statements regarding falciparum malaria are all except,A,B,False,B
1427,Plaques jaunes are seen in,A,A,True,A
1428,Conjunctival staining is done by all except,A,A,True,A
1429,Fasting hypoglycemia is caused by the following except,A,B,False,B
1430,Which is the Most common ocular finding in myasthenia gravis?,A,A,True,A
1431,Pressure tension theory was proposed by:,A,A,True,A
1432,Passavant ridge is made of:,A,A,True,A
1433,Appropriate statistical method to compare two proportions is :,A,A,True,A
1434,The bacteria which is usually not seen in gingival crevices is:,A,B,False,B
1435,Role of lactobacilli in vaginal secretions,A,B,False,B
1436,"In females, growth spurt is maximum in?",A,C,False,C
1437,Which amino acid is not involved in transamination -,A,A,True,A
1438,ETHMOIDAL BULLAE are seen in?,A,D,False,D
1439,"Size of the fetus is 20 mm, then by the rule of Hasse's, what is the gestational age of the fetus?",A,B,False,B
1440,"During arch deficiency, which tooth is most commonly out of arch?",A,D,False,D
1441,A tentative clinical diagnosis of Aggressive periodontitis is made based on the following criteria except?,A,D,False,D
1442,Day 20 of menstrual cycle falls under which phase?,A,D,False,D
1443,Function of cellular mixed stratified cementum is:,A,D,False,D
1444,In Celiac aery compression syndrome which structure is the main cause of compression -,A,A,True,A
1445,When heated above what temperature will the gypsum bonded investment liberate sulfur dioxide and contaminate the casting?,A,A,True,A
1446,Which pelvis is associated with DTA ?,A,A,True,A
1447,Treatment of simple hyperplasia of endometrium is ?,A,A,True,A
1448,Father of obstetrics ultrasound is?,A,B,False,B
1449,What is the stage of carcinoma cervix involving body of uterus -,A,C,False,C
1450,Denture bearing area of the ridge is:,A,A,True,A
1451,Most common oral infection in HIV:,A,A,True,A
1452,First carpal bone to appear is?,A,D,False,D
1453,Micropolysopora faeni causes ?,A,A,True,A
1454,Antibiotic prophylaxis is best given -,A,C,False,C
1455,"All are true regarding mitochondrial DNA, EXCEPT ?",A,C,False,C
1456,Minimal mercury technique was given by:,A,A,True,A
1457,Acute Hemorrhagic Conjunctivitis is caused by which of enterovirus type ?,A,A,True,A
1458,"In Wilson's disease, there is less urinary excretion of-",A,B,False,B
1459,Sweat glands are supplied by all except?,A,B,False,B
1460,Maximum work hours for a person including oveime under the factories act:,A,A,True,A
1461,First generation topical retinoid is?,A,B,False,B
1462,Herring bodies are seen in?,A,A,True,A
1463,Severe acute malnutrition as per WHO criteria-,A,D,False,D
1464,Which of the following are the type of immediate denture:,A,D,False,D
1465,The prostaglandin most commonly used at term for induction of labor is ?,A,C,False,C
1466,Osteotome differs from chisel by the following means:,A,A,True,A
1467,Long acting drug due to enterohepatic circulation:,A,B,False,B
1468,Group Function occlusion is considered when:,A,B,False,B
1469,Which of the following is not a solidification defect type of porosity?,A,B,False,B
1470,Vitreous hemorrhage in diabetic retinopathy ?,A,B,False,B
1471,Lymphoma in HIV,A,A,True,A
1472,Relationship of ramus to mandible in term of ratio is about?,A,A,True,A
1473,At pKa=pH -,A,A,True,A
1474,Standardization is most impoant for?,A,A,True,A
1475,Number of cones in Retina ?,A,B,False,B
1476,In which of the following deformities is the distal interphalangeal joint extended ?,A,B,False,B
1477,Most common genital infection in pregnancy is ?,A,A,True,A
1478,All of the following causes acute renal failure except,A,A,True,A
1479,Pegloticase is used for the treatment of an Ankylosing spondylosis,A,C,False,C
1480,Esotropia is common in,A,B,False,B
1481,Which of the following is not a physiological change of pregnancy in urinary bladder?,A,B,False,B
1482,Nude mice is not resistant to xenograft due to absence of,A,B,False,B
1483,Critical Path in Network Analysis is?,A,C,False,C
1484,Retentive locks in the proximal box for a Class II amalgam preparation should be:,A,A,True,A
1485,The pelvic inlet usually is considered to be contracted if its shoest anteroposterior diameter is less than -,A,C,False,C
1486,What happens when carotid sinus is pressed?,A,A,True,A
1487,Non vital teeth belongs to____ of Ellis and Davey's classification,A,B,False,B
1488,All of the following may lead to a gall bladder carcinoma except -,A,D,False,D
1489,Muscle lying between anterior and middle layer of thoracolumbar fascia is ?,A,A,True,A
1490,The most common aetiology of non-skeletal anterior crossbite is:,A,A,True,A
1491,Which of the following is an aldose sugar?,A,D,False,D
1492,Urinary anion gap is an indication of excretion of:,A,B,False,B
1493,All of the following physiological or biochemical effects require progesterone except:,A,A,True,A
1494,Types of implants which can be placed:,A,D,False,D
1495,Pterygomandibular raphe is the tendinous insertion of:,A,A,True,A
1496,Age depending formulae for calculation of drug dosage are A\E:,A,D,False,D
1497,Modulus of the elasticity represents:,A,A,True,A
1498,Direct resorption starts after:,A,A,True,A
1499,Gram negative coccus is?,A,A,True,A
1500,Which fiber tract is primarily involved with correlating movement of the eyes with signals from the vestibular nuclei?,A,D,False,D
1501,Emtricitabine is a/an ?,A,D,False,D
1502,A 45 year old male is diagnosed with carcinoma penis. The surgeon must look out for which lymphnodes,A,D,False,D
1503,Hegar sign is seen in how many weeks ?,A,A,True,A
1504,The one-wall vertical defect is also called as?,A,B,False,B
1505,Function of muscle spindle is?,A,B,False,B
1506,Hydronephrosis is seen in which stage of Ca cervix?,A,C,False,C
1507,Child with rash- wrong is,A,B,False,B
1508,All are indications of porcelain ceneers except:,A,A,True,A
1509,IC content of Ringer's lactate ?,A,C,False,C
1510,Which of the following is not mineral wax?,A,D,False,D
1511,Which of the following is not true about barbiturate?,A,A,True,A
1512,Assisted head delivery is done in ?,A,C,False,C
1513,All of the following are true about Nucleic Acid Sequence Based Amplification except ?,A,D,False,D
1514,Anterior tonsillar pillar is formed by?,A,B,False,B
1515,Least failure rate ?,A,D,False,D
1516,Pulmonary eosinophilia is found in infection with ?,A,C,False,C
1517,Initial treatment for most patient of growth hormone secreting pituitary adenoma is,A,A,True,A
1518,Which of the following inorganic component is present in highest concentration in calculus:,A,A,True,A
1519,"A 41-year-old male presents with involuntary rapid jerky movements and progressive dementia. He soon dies, and gross examination of his brain reveals marked degeneration of the caudate nucleus. This individual’s symptoms were caused by",A,D,False,D
1520,Snowball appearance is seen in ?,A,B,False,B
1521,Respiratery quotient is the Ratio of -,A,A,True,A
1522,While treating patients with malignant hypeention the maximum allowed decrease in blood pressure in the first 2 - 6 hours should not exceed %,A,B,False,B
1523,Primary stability of temporary anchorage device not depends on?,A,D,False,D
1524,Safest site for intramuscular injection in case of children:,A,A,True,A
1525,a-aminolevulinic acid is a metabolic product in synthesis of -,A,D,False,D
1526,Which property of composites is most affected by the size and number of fillers:,A,A,True,A
1527,X-linked adrenoleukodystrophy is,A,A,True,A
1528,A patient who was posted for elective inguinal hernia surgery has history MI for which he underwent CABG. What will you do in pre operative assessment?,A,C,False,C
1529,Most common age for intussusception is,A,A,True,A
1530,Milan criteria is for,A,A,True,A
1531,Black death,A,A,True,A
1532,Which of the following analysis uses Linder Harth’s formula to determine ideal width in premolar molar region?,A,B,False,B
1533,Gigantin is active principle of,A,B,False,B
1534,The zonules suspending the lens are attached to the?,A,B,False,B
1535,Which ovarian tumour can present with menorrhagia ?,A,C,False,C
1536,A case of eclampsia is brought to a PHC late in the night. The decision is to:,A,D,False,D
1537,Most tissue reaction is seen with,A,D,False,D
1538,HACEK group of organisms includes all of these except–,A,B,False,B
1539,Arrow poison is ?,A,B,False,B
1540,Communicability of a disease is determined by?,A,D,False,D
1541,Thymidine is responsible for resistance to which antibiotic ?,A,A,True,A
1542,Transamination of Alanine results in formation of ?,A,B,False,B
1543,Bullet fixed from a gun is not released. It is ejected out with subsequent shot. Such a bullet is called as,A,A,True,A
1544,Most common site of colorectal carcinoma is -,A,A,True,A
1545,Most common organism responsible for denture stomatitis:,A,A,True,A
1546,"If the ileum is excised, what will increase in stool?",A,B,False,B
1547,The ligand binding by one of the following is calcium dependent:,A,A,True,A
1548,Endometrial biopsy to detect ovulation is done on which day of the menstual cycle ?,A,A,True,A
1549,Hydrophilic part of Dentin Bonding agent binds with,A,B,False,B
1550,ESWL is contraindicated in which of the following stones -,A,A,True,A
1551,Nuchal translucency in USG can be detected at_____weeks of gestation.,A,A,True,A
1552,Buccal frenum of the maxilla has an attachment of the following muscle:,A,B,False,B
1553,Type of bone formed in response to orthodontic forces:,A,B,False,B
1554,Osteogenesis Imperfecta occurs due to defects in synthesis of:,A,B,False,B
1555,Pantothenic acid is needed for donating the following moiety ?,A,A,True,A
1556,"If the dentist concludes you don't have a cavity, when you really have one or more?",A,A,True,A
1557,Adultery is described under which section of IPC?,A,B,False,B
1558,Descemet membrane breach is seen in ?,A,B,False,B
1559,Size of LMA for a 15kg child is?,A,C,False,C
1560,Chemotherapy agents for retinoblastoma:,A,A,True,A
1561,Drug of choice for aboing the acute attack of migraine is ?,A,C,False,C
1562,40 yr old patient was taking warfarin 4 gms for DVT prophylaxis. She was given  ceftriaxone 8 hrs i.v. for a dental infection. Later the lady experienced episode of  vaginal bleeding and darkening of urine. What is the cause?,A,D,False,D
1563,The patient came with unilateral Proptosis and bilateral Abducent nerve palsy. This could be from,A,A,True,A
1564,Which of the following is Amphixenoses ?,A,C,False,C
1565,True about combined prospective-retrospective study true is ?,A,A,True,A
1566,Which is not seen in Asepsis score-,A,D,False,D
1567,Absolute neutrophil count in severe neutophil depletion is?,A,A,True,A
1568,AFP elevation is seen in which of the following testicular tumours?,A,A,True,A
1569,Tibolone is a ?,A,A,True,A
1570,"Right hand dominant patient presents with normal comprehension but speaks with sho utterances of a few words at a time, comprised mostly of nouns. What is the most probable location of the lesion",A,C,False,C
1571,Most common cause of acute abdomen in young girl,A,B,False,B
1572,After load is decreased by ?,A,B,False,B
1573,Most common arrhythmia in ICU patients -,A,B,False,B
1574,"A 60 year male presented with jaundice, pale stools, dark urine and mass in the epigastric region. Which of the following diagnosis in unlikely ?",A,D,False,D
1575,Sympathetic supply of the hea is from ?,A,B,False,B
1576,Immune thrombocytopenic puprpura associated with,A,C,False,C
1577,Vitamin deficient in Famines ?,A,B,False,B
1578,Which drug contraindicated in acute intermittent porphyria?,A,D,False,D
1579,Which among the following is not a use of lip bumper:,A,A,True,A
1580,Sensory supply of nasal cavity is from a branch of:,A,A,True,A
1581,A 4 yr old child while playing suddenly spun around his elbow from her servant maid's hand and now continuously crying not allowing anyone to touch his elbow. He is keeping his elbow extended .what is most likely the diagnosis -,A,B,False,B
1582,Club foot clinically present as what deformity ?,A,B,False,B
1583,Reaction to cosmetic fillers most commonly seen in the oral cavity is:,A,A,True,A
1584,In DNA polymerization small segment of DNA formation requires?,A,C,False,C
1585,True regarding selective COX-2 inhibitors compared to non-selective NSAIDS is:,A,D,False,D
1586,Rhese view is used for -,A,A,True,A
1587,Lens attached to ciliary body ?,A,B,False,B
1588,Ptylin is secreted by ?,A,B,False,B
1589,Caldwell's view is used for:,A,A,True,A
1590,Horizontal arm of Jelenko surveyor is:,A,B,False,B
1591,Thyroid nodule increased radioisotope uptake IOC is,A,B,False,B
1592,True about acid poisoning is,A,B,False,B
1593,Norgestimate in OC pills has the following advantage ?,A,C,False,C
1594,Children on soft diet will become:,A,A,True,A
1595,‘La facies sympathiteque’ is indicative of–,A,A,True,A
1596,Low radial nerve palsy does not produce ?,A,A,True,A
1597,Not true about sporothrix Schenckii ?,A,C,False,C
1598,SI unit of pressure is ?,A,C,False,C
1599,Which organism causes puerperal sepsis ?,A,D,False,D
1600,Signs of Bater's syndrome -,A,A,True,A
1601,Suppressor Strip on anterior edge of pre-central gyrus has following function ?,A,A,True,A
1602,Incubation period of yellow fever is?,A,B,False,B
1603,The paramesonephric duct in females gives rise to all of the following except–,A,D,False,D
1604,Atropine plus diphenoxylate combination is used for?,A,D,False,D
1605,Complication of chronic pancreatitis include all except-,A,B,False,B
1606,Candidias of penis is ?,A,C,False,C
1607,The principaltherapeutic action of the glucocorticoid is,A,D,False,D
1608,Most frequent time period between myocardial infarction and subsequent myocardial rupture is -,A,D,False,D
1609,Post-ganglionic parasympathetic fibers are -,A,C,False,C
1610,"In tuberculosis infection, T Helper cells (TH1) production which helps in elimination of tubercle bacilli is enhanced by which factor produced by activated B cells?",A,D,False,D
1611,"Consider the following:
1. Cervix 2. Breast 3. Endometrium
The risk of carcinoma of which of these is increased by obesity?",A,A,True,A
1612,Modafinil is a drug used in which of the following conditions?,A,C,False,C
1613,Tail of pancrease develops from -,A,B,False,B
1614,Incineration is not done for?,A,B,False,B
1615,Steps in cloning DNA,A,A,True,A
1616,Hemoglobin with zeta 2 and gamma 2 chains are seen in which of the following,A,A,True,A
1617,Attributable risk means:,A,B,False,B
1618,Foamy liver is seen in:TN 08; UP 08; NIMS 11; NEET 13,A,A,True,A
1619,Fairbank triangle is seen in,A,B,False,B
1620,XDR TB is defined as ?,A,A,True,A
1621,Commonest variety of compound presentation is ?,A,A,True,A
1622,True about treatment of early breast carcinoma?,A,B,False,B
1623,Approximate dose of drug in a 5 years old child ?,A,B,False,B
1624,The investigation of choice for dysphagia is,A,D,False,D
1625,Which of the following is not cardiodepressive?,A,C,False,C
1626,The outer layer of the blastocyst forms ?,A,D,False,D
1627,"Recurrent anal fistula, most appropriate investigation is",A,A,True,A
1628,Ohngren’s line that divides maxillary sinus into superolateral & inferomedial zone is related to?,A,B,False,B
1629,Probing depth after placement of the implant is:,A,A,True,A
1630,Which of the following is a disadvantage of silicone impression materials:,A,D,False,D
1631,Submandibular lymphnodes drain the following areas of the face except?,A,B,False,B
1632,Living ligature of the uterus is ?,A,B,False,B
1633,True about Tenosynovitis of finger ?,A,C,False,C
1634,"The distance b/w the base of the pocket and a fixed point on the crown, such as the cemento-enamel junction is?",A,B,False,B
1635,The following is the unit for prolactin level of 20 in blood?,A,B,False,B
1636,Coronary blood flow is maximum during which phase of cardiac cycle:,A,A,True,A
1637,Earliest age for doing BERA is?,A,B,False,B
1638,"A 30-year-old woman presents with thyroid swelling. On investigations, her TSH levels are found to be elevated. Postoperative repos showed lymphocytic infiltration and huhle cells. A most probable diagnosis is?",A,B,False,B
1639,Favorable prognosis with > 90% 5 year survival rate for carcinoma breast is seen in which of the following?,A,C,False,C
1640,EPSP is due to ?,A,C,False,C
1641,Cellulitis surrounding diabetic ulcer is mostly caused by ?,A,A,True,A
1642,Brocks syndrome is due to which lobe of lung?,A,B,False,B
1643,Index myopia is seen in ?,A,A,True,A
1644,Which of the following is also known as vinyl polysiloxane impression material?,A,A,True,A
1645,Absolute contraindication of OC pills are all except?,A,C,False,C
1646,DMD not seen is,A,D,False,D
1647,Most common carcinoma breast in male s,A,C,False,C
1648,A 25 years old male is not happy with its gender and is always in distress due to this. He wants to change sex and have vagina. It comes under?,A,C,False,C
1649,Which of the following is characterized by a solitary painless ulcer on genitalia?,A,B,False,B
1650,Which vitamin is required for conversion of serine to glycine?,A,C,False,C
1651,"In a patient there is dyspnea in upright position which is relieved in supine position, Diagnosis ?",A,D,False,D
1652,True about continuous common source epidemics?,A,C,False,C
1653,Functional plasma enzyme is ?,A,B,False,B
1654,Least soluble cement in water:,A,C,False,C
1655,Most appropriate method to know about contribution of risk factor to disease:,A,B,False,B
1656,Anamoly scan done at how many weeks of gestation -,A,C,False,C
1657,Vidian nerve is also known as?,A,A,True,A
1658,One of the following is true regarding Zenker diveiculum ?,A,D,False,D
1659,Investigation of choice in congenital uterine anamoly is -,A,A,True,A
1660,BEINGS Model of disease causation does not include,A,A,True,A
1661,Role of ergometrine to stop post paum hemorrhage is due to ?,A,A,True,A
1662,Inhibition of hea by vagus by M2 receptors is medicated by which mechanism?,A,A,True,A
1663,Marker of angiosarcoma is,A,A,True,A
1664,Which chamber enlargement shows a double right hea border with a wide subcarinal angle?,A,C,False,C
1665,A 78-year-old man with a history of coronary artery disease and an asymptomatic reducible inguinal hernia requests an elective hernia repair. You explain to him that valid reasons for delaying the proposed surgery include,A,A,True,A
1666,All are risk factors for ectopic pregnancy except ?,A,A,True,A
1667,Which of the following bacteria is not able to invade soft tissues?,A,D,False,D
1668,"A 23-year old woman has experienced episodes of myalgias, pleural effusion, pericarditis and ahralgias without joint deformity over course of several years. The best laboratory screening test to diagnose her disease would be -",A,C,False,C
1669,K ras mutation is seen in,A,A,True,A
1670,Which of the following is the best gas used in the torch for melting the alloy while burnout:,A,A,True,A
1671,Most common type of cutaneous mastocytosis is?,A,B,False,B
1672,used in citric acid cycle are all except-,A,A,True,A
1673,"Statement 1: The success of the replantation procedure is undoubtedly related to the length of time that elapses between the loss of the tooth and its replacement in the socket.
Statement 2: The condition of the tooth and particularly the condition of the periodontal ligament tissue remaining on the",A,A,True,A
1674,The ratio between the incidence of disease among exposed and non-exposed is called:,A,B,False,B
1675,Hand Manipulated Functional Movement Impression technique is all known as:,A,C,False,C.
1676,Angle of squint is measured by ?,A,B,False,B
1677,Shoest peptide ?,A,A,True,A
1678,Eosinophilia caused by which group of drugs?,A,A,True,A
1679,Pelvic kidneys are due to all except ?,A,A,True,A
1680,A patient presents with blunt trauma to abdomen. On investigations patient is found to have hepatic injury which has a ruptured subcapsular hematoma with active bleeding. What is the grade of liver injury?,A,C,False,C
1681,Drainage of cervical abscess is an example of -,A,A,True,A
1682,Which of the following is not true about Pateys mastectomy,A,D,False,D
1683,Histologic finding in hyperplastic aeriosclerosis,A,D,False,D
1684,Eustachian tube opens into middle ear cavity at which of the following:,A,C,False,C
1685,Which of the following is true about the management of venous ulcer of lower limb?,A,C,False,C
1686,DOC for medical management of ectopic pegnancy ?,A,C,False,C
1687,Value of Poisson’s ratio for ideal isotropic materials:,A,A,True,A
1688,The following bodies are seen in ?,A,D,False,D
1689,Riboflavin deficiency causes,A,D,False,D
1690,"Statement 1: Following a trauma, if the tooth reacts to hot, cold, sweet or sour food, it indicates  exposure of dentin or pulp. Statement 2: If there is sensitivity to pressure on eating or touch, it  suggests an occlusal disturbance.",A,A,True,A
1691,What is not seen in CRF,A,D,False,D
1692,"All are done to minimize radiation, exposure to the patient under fluroscopy, except",A,D,False,D
1693,The collection and analysis of information to determine program performance at every stage of planning is?,A,B,False,B
1694,"Imipenem, a newer antibiotic with a broad antibacterial spectrum, is co administered with cilastatin. Which of the following is the best reason for the same?",A,D,False,D
1695,Thyroid nodule in a 65 year old male who is clinically euthyroid is most likely to be,A,D,False,D
1696,Prolonged QT interval is seen in all of the following except,A,A,True,A
1697,Inotropic suppo for severely dehydrated child with dopamine is done at what rate -,A,B,False,B
1698,La facies symapthique is seen in ?,A,A,True,A
1699,Tripoding is done to record:,A,A,True,A
1700,A 7 weeks pregnant lady has 1 accidental exposure to x-ray. Which of the following should be done?,A,A,True,A
1701,Immediate physiological response to sudden decrease in blood volume is,A,A,True,A
1702,BP is less than 40 mm Hg. Which mechanism of regulation is working ?,A,A,True,A
1703,Which of the following is true about Giant cell tumor,A,C,False,C
1704,Apixaban is -,A,B,False,B
1705,Concept of Periodontal plastic surgery was given by:,A,A,True,A
1706,Hexokinase is inhibited by ?,A,A,True,A
1707,"What should be the order of preparation of abutment after surveying:
1. Guiding planes .
2. Buccal and lingual contours.
3. Rest seat preparation.",A,A,True,A
1708,Which is intramendullary tumor among carcinoma of bone -,A,D,False,D
1709,Which out of these is responsible for Cellular immunity?,A,C,False,C
1710,A 65-year-old lady presents with a vascular injury to the inferior frontal gyrus. Which functional area would mostly be affected,A,D,False,D
1711,"If the rectal mucosa is injured, it is which degree of Perineal Tear ?",A,A,True,A
1712,Not a feature of candidal interigo is?,A,B,False,B
1713,Pharmacological stress during stress myocardial radionucleotide perfusion imaging can be induced using,A,A,True,A
1714,Which among the following is a retarder of setting reaction of ZOE cement?,A,A,True,A
1715,The characteristic finding of fungal ulcers?,A,B,False,B
1716,All but one is true for beta thalassemia major,A,C,False,C
1717,Cases which are widely separated in space and time are known as:,A,A,True,A
1718,Distinguishing feature of reticulocyte is -,A,B,False,B
1719,Which among the following is present only in iv form -,A,A,True,A
1720,Where is the auditory coex located inside the brain?,A,A,True,A
1721,"Generalized Aggressive Periodontitis is a generalized interproximal attachment loss, affecting at least:",A,B,False,B
1722,Suicidal tendencies are most commonly seen in:March 2003,A,D,False,D
1723,"Which type of ZnPO4 cement is fine-grained, having film thickness of 25 micrometers?",A,A,True,A
1724,All of the following are indication of fiberoptic aided intubation except:,A,A,True,A
1725,Gun powder on body and clothing can be visualized by?,A,C,False,C
1726,True about sideroblastic anemia,A,D,False,D
1727,The time interval between the receipt of infection by a host and the maximum infectivity is known as–,A,A,True,A
1728,6 yrs child with recurrent URTI with mouth breathing and impaired hearing. Treatment is,A,B,False,B
1729,Amount of maintenance fluid given in a 10 month old child is?,A,A,True,A
1730,A roomy nasal cavity with thick crust formation and woody hard external nose is seen in?,A,A,True,A
1731,Which of the following Glycosaminoglycans are not present in cornea,A,A,True,A
1732,Phacodonesis is seen in all except,A,A,True,A
1733,Mature microbiota is seen :,A,C,False,C
1734,Only antibiotic which is effective  against all the strains of A.A comitans:,A,B,False,B
1735,This attaches to protein before destruction ?,A,A,True,A
1736,Inflammation is suppressed by:,A,C,False,C
1737,Root value of phrenic nerve is?,A,B,False,B
1738,Feile period of female is measured by ?,A,A,True,A
1739,Patient having Cushing syndrome due to adrenal tumor. Drug to be given,A,C,False,C
1740,Theophylline by what mechanism causes diuresis?,A,B,False,B
1741,Potable water has all properties except?,A,B,False,B
1742,"For placement of implant osteotomy is done, but for this temperature should never reach:",A,A,True,A
1743,Longest acting carbapenems ?,A,A,True,A
1744,Grave’s disease is which type of hypersensitivity?,A,B,False,B
1745,Thrombospondin is a–,A,D,False,D
1746,Block given in forceps delivery ?,A,A,True,A
1747,which amino acid is used to synthesise Nitric oxide ?,A,B,False,B
1748,Median incubation period is ?,A,C,False,C
1749,Which of the following is a tumour marker for bladder cancer ?,A,D,False,D
1750,Patient with history of vaginal prolapse with ulcer on it. Diagnosis ?,A,B,False,B
1751,Cephalic phase of gastric secretion ?,A,A,True,A
1752,What type of culture media is used for Ligionella?,A,A,True,A
1753,Bizygomatic width,A,A,True,A
1754,A 8 year old child presents with a mass in the lumbar region with abdominal pain with excruciating bone pain. Possible diagnosis is -,A,A,True,A
1755,Autooxidation is seen in ?,A,B,False,B
1756,What is crocus cloth?,A,A,True,A
1757,"34 week primigravida punjabi khatri comes with history of consanguineous marriage, with history of repeated blood transfusion to her sibling since 8 months of age. The first diagnostic test is -",A,D,False,D
1758,Carey’s analysis if performed on the upper cast is termed as:,A,B,False,B
1759,Leptotene and pachytene are stages ofwhich phases of meiosis -,A,A,True,A
1760,Which of the following is not true about Torsades de pointes?,A,C,False,C
1761,Following are suggestive of benign lesion on mammogram -,A,D,False,D
1762,Anal fissure diagnosed by,A,C,False,C
1763,What should be the distance between the maxillary sinus and the implant:,A,B,False,B
1764,In normal curve:,A,B,False,B
1765,Which of the following larvicide is used under urban Malaria Scheme ?,A,C,False,C
1766,Benefit of RCT ?,A,C,False,C
1767,Specific inhibitor of succinate dehydrogenase?,A,C,False,C
1768,Treatment of choice for bladder stone,A,A,True,A
1769,Joint position & vibration sense is carried by?,A,B,False,B
1770,The tests of significance include all except:,A,D,False,D
1771,Insulin is essential for glucose entry in?,A,A,True,A
1772,Heterotopic ossification occurs in,A,C,False,C
1773,Intermediate host is not required for which parasite -,A,A,True,A
1774,Isotope used to measure RBC volume is ?,A,A,True,A
1775,Site of injection in gluteus ?,A,A,True,A
1776,Purine are formed by ?,A,A,True,A
1777,Derivative of POMC,A,C,False,C
1778,"In relaxation pressure curve, in chronic smokers at Zero relaxation pressure ?",A,B,False,B
1779,Which pa of scapula can be palpated in the infraclavicular fossa?,A,A,True,A
1780,Which of the following is a host-derived anti-inflammatory mediator?,A,D,False,D
1781,Types C nerve fibers are?,A,C,False,C
1782,Drug of choice for surgical prophylaxis is :?,A,C,False,C
1783,Maximum cumulative dose of isotretinoin shouldn't exceed for acne treatment ?,A,A,True,A
1784,MC site for thyroglossal cyst is:,A,D,False,D
1785,What is Reifenstein syndrome?,A,A,True,A
1786,Increased in plasma viscosity is maximally caused by which plasma protein?,A,A,True,A
1787,Most common cause of vulval carcinoma is ?,A,A,True,A
1788,Plaque gets calcified in:,A,B,False,B
1789,Which is not a prokinetic agent?,A,C,False,C
1790,Emergency contraceptive should must be staed with in how much time after unprotected intercourse?,A,A,True,A
1791,Which of the followinglayer is absent in the esophagusa -,A,A,True,A
1792,Neonatal tyrosenemia is due to deficiency of ?,A,B,False,B
1793,Two point discrimination is mainly a function of which touch receptors?,A,D,False,D
1794,Hypertrophic heart muscle cells contain increased amounts of,A,B,False,B
1795,All veins open in sinus venarum except -,A,B,False,B
1796,"According to IMNCI, a baby of 6 month age, criteria for fast breathing is more than _____/min",A,A,True,A
1797,Migratory motor complexes are controlled by:,A,C,False,C
1798,First trimester diagnosis for anencephaly is by increased?,A,B,False,B
1799,What is the main function of acellular or primary cementum:,A,C,False,C
1800,Cephalic index is,A,B,False,B
1801,"In vaginal hysterectomy, the first clamp includes:",A,B,False,B
1802,"Statement 1: Primary teeth that are displaced but not intruded should be repositioned as soon as possible after the accident to prevent interference with occlusion. Statement 2: Frequently, the severely loosened primary tooth remains mobile and undergoes rapid root resorption.",A,A,True,A
1803,Which of the following lab procedure is carried out to diagnose spirochetes:,A,B,False,B
1804,Seton used in fistula in ano is,A,B,False,B
1805,"Patient complains of loosening of the denture while smiling, what could be the possible cause:",A,A,True,A
1806,Polyaicular onset JRA involves more than how many joints -,A,B,False,B
1807,First local drug-delivering system drug is:,A,A,True,A
1808,Radiation to point A in cervix is ?,A,A,True,A
1809,Most common complication of Tetanus is,A,A,True,A
1810,Chromosome for MEN2 gene is,A,A,True,A
1811,Weil felix reaction in scrub typhus is/are positive for:,A,C,False,C
1812,Which out of these is not anti-inflammatory:,A,D,False,D
1813,In “three glass test “ shreds are present in 1st glass . the most probable diagnosis should be?,A,A,True,A
1814,Pyruvate dehydrogenase requires all cofactors except,A,A,True,A
1815,In an endodontically treated tooth rate of resorption is:,A,B,False,B
1816,Microabrasion using modified Croll technique utilizes:,A,A,True,A
1817,Tisse factor activates?,A,B,False,B
1818,Which of the following casts/splints is used for fracture shaft humerus ?,A,D,False,D
1819,"In a muscle fiber at rest, the length of the I band is 1 mm and A band is 1.5 mm. What is the length of the sarcomere",A,A,True,A
1820,Which of the following is true about ziprasidone?,A,C,False,C
1821,All are included in sleep hygiene except ?,A,B,False,B
1822,Percentage of Oxygen carried in chemical combination is,A,A,True,A
1823,Dosage of intravenous fluid for 2 month old child in diarrhoea with severe dehydration -,A,A,True,A
1824,In which stage of maturity of porcelain does the maximum shrinkage occur?,A,A,True,A
1825,True about breathing are all except ?,A,D,False,D
1826,Mechanism by which Ach decreases hea rate is by:,A,A,True,A
1827,Successful treatment of Aggressive periodontitis is dependent upon :,A,A,True,A
1828,Obstruction and dilatation of large intestine in absence of any mechanical obstruction,A,A,True,A
1829,Which murmur increases on standing?,A,A,True,A
1830,"Pulsus biseferians, which of the following is not true",A,D,False,D
1831,Most specific sign of Antemoem burns is -,A,A,True,A
1832,Contraindication to neruaxial block is ?,A,C,False,C
1833,The difference between the incidence in the exposed and non-exposed group is best given by:,A,A,True,A
1834,Chorda tympani is a branch of ?,A,A,True,A
1835,Caisson's disease is associated with?,A,B,False,B
1836,A 10-year-old boy is having sensory neural deafness. He showed no improvement with conventional hearing aids. Most appropriate management is:,A,D,False,D
1837,Painful arc syndrome pain is felt during ?,A,A,True,A
1838,"All are true about baroreceptors, expect ?",A,C,False,C
1839,Spinnbarkeit is maximum shown at which phase?,A,B,False,B
1840,Quickening in multiparae is felt at what weeks of gestation?,A,B,False,B
1841,Fordyce spots involve?,A,A,True,A
1842,Which of the following is a derivative of Rathke's pouch -,A,A,True,A
1843,Ochronosis is due to the accumulation of?,A,B,False,B
1844,Most recent taste sensation is?,A,B,False,B
1845,"Consider the following statements in respect of perinatal mortality (PNM):
1. The PNM rate is defined as the number of fetal deaths plus the deaths in the first week of life per 1,000 total births.
2. Anoxia/birth traumas are the leading causes of PNM.
3. In about one-third of the cases, the cause i",A,A,True,A
1846,Carcinoma associated most commonly with upper one third of esophagus is,A,B,False,B
1847,Chloroplatinic acid is the catalyst present in :,A,A,True,A
1848,Most impoant prognostic marker of tetralogy of fallot,A,B,False,B
1849,objectives of periodontal plastic surgery are,A,D,False,D
1850,Which of the following instrument is a derivative of GG drill:,A,B,False,B
1851,In dizygotic twin there is?,A,C,False,C
1852,All are seen in carney's triad except -,A,D,False,D
1853,The labial frenum of the mandible contains which of the following muscle:,A,A,True,A
1854,"A drug used in a patient with increased IOP and optic disc changes, ciliary congestion for decrease IOP acts by increasing uveoscleral outflow is",A,A,True,A
1855,Subretinal haemorrhage at the macula in myopia is known as?,A,B,False,B
1856,In scoliosis degree of deformity is calculated by,A,A,True,A
1857,Chromosomes are suspended within the oocyte during which stage of Meiosis I,A,A,True,A
1858,Which of the following acts as a chemoattractant?,A,C,False,C
1859,Pattern of interrelationships b/w persons in a society is known as?,A,C,False,C
1860,Radioiodine preferred in treatment in,A,D,False,D
1861,Study of person to person inter-relationship in a society -Economics,A,D,False,D
1862,High fusing ceramic according to classification of porcelain is:,A,D,False,D
1863,Nuclei are arranged at the cell periphery in which type of cell?,A,A,True,A
1864,In which of the following sets of conditions is methylergometrine contraindicated in the prophylactic management of third stage of labor?,A,A,True,A
1865,"Which of the following acts as ""Gatekeeper"" in the GIT?",A,B,False,B
1866,Mirena releases – microgram of LNG/day?,A,A,True,A
1867,Kimmelstiel Wilson lesion is characteristic of?,A,A,True,A
1868,"Muscle pain, nephropathy caused by which metal poisoning",A,D,False,D
1869,Which hea disease has the worst prognosis/maximum moality in pregnancy?,A,D,False,D
1870,Nerve fibers most susceptible to local anesthetic is:,A,A,True,A
1871,Which of the following is the nodal centre for disaster management,A,A,True,A
1872,"Placenta pre, false is ?",A,B,False,B
1873,Type 4 hypersensitivity reaction to TB antigen is similar to which of the following?,A,A,True,A
1874,Which of the following probe is used to record clinical attachment loss:,A,A,True,A
1875,Type of bone loss seen in Aggressive periodontitis is:,A,C,False,C
1876,Diluent used in BisGMA based composites:,A,A,True,A
1877,A child has ptosis and poor levator function. What surgery will you do?,A,D,False,D
1878,Safety and efficacy of a drug are best established in which phase of clinical trial?,A,C,False,C
1879,Capsular polysaccharide derived vaccine is available for all meningocci except ?,A,B,False,B
1880,HAIRAN syndrome is seen in ?,A,C,False,C
1881,"In multiple sclerosis, slow conduction of motor and the sensory pathways is due to?",A,B,False,B
1882,Endometrial biopsy is usually done at ?,A,B,False,B
1883,Vector for zika virus is -,A,A,True,A
1884,The statement that is NOT true of domperiodone is that,A,C,False,C
1885,Under what guidelines is treatment staed for a patient presenting with appendicular mass on CT Scan ?,A,A,True,A
1886,Anti-inflammatory actions of coicosteroids are mediated by ?,A,B,False,B
1887,Number of nucleus present inmature cyst of E. Histolytic is?,A,C,False,C
1888,Nodule on thyroid with lymphadenopathy,A,D,False,D
1889,Function of Lacis cells in nephron?,A,D,False,D
1890,Class of the edentulous ridge in which ridge with loss of ridge height and normal ridge width is there:,A,B,False,B
1891,Not a freeze dried vaccine ?,A,A,True,A
1892,25 yrs old asthmatic patient on theophylline is given ciprofloxacin by dentist. He developed dyspnoea and palpitations. What could be the cause:,A,B,False,B
1893,Accelerator for setting reaction of ZOE cement:,A,B,False,B
1894,Type of sensation lost on same side of Brown Sequard syndrome-,A,A,True,A
1895,"A lady comes with polyps in intestine, melanotic pigmentation of lip and positive family history.  Most probable diagnosis is?",A,A,True,A
1896,"Laser used to manage after cataract:March 2005, September 2009",A,D,False,D
1897,All of the following can cause precocious puberty in males except –,A,D,False,D
1898,Cell bodies of Muller's Cells are present in which layer of retina?,A,B,False,B
1899,Post Prandial capillary glucose should be mg/dl for adequate diabetes control,A,B,False,B
1900,Which type of porosity is seen in case of rapid solidification of molten alloy:,A,C,False,C
1901,Cord prolapse is least likely with -,A,A,True,A
1902,To examine the vaginal cells in of the rape victim test used is -,A,A,True,A
1903,Cast syndrome is due to,A,D,False,D
1904,"Regarding energy production by the electron transpo chain, which is true?",A,A,True,A
1905,Jumpers knee,A,A,True,A
1906,Approximate time interval between HIV infection & manifestation of AIDS is?,A,B,False,B
1907,Granulomatous inflammation with Caseous necrosis is seen in which of the following:,A,A,True,A
1908,Test to know the species from blood stain is -,A,C,False,C
1909,Which is not a risk factor for gestational hypeension,A,D,False,D
1910,Blood screening is not done for ?,A,B,False,B
1911,Smear layer consists of:,A,A,True,A
1912,Which of the following parameter Indicates elimination of CO2 from lung ?,A,C,False,C
1913,Role of magnesium in OPV?,A,A,True,A
1914,Oxybutynin acts by ?,A,B,False,B
1915,After etching you see hand piece oil contamination than you should do:,A,A,True,A
1916,A pregnant lady presents with genital was. The best management for her is ?,A,A,True,A
1917,Allosteric stimulator of glutamate dehydrogenase is,A,B,False,B
1918,Age of metropathic hemorrhagica is ?,A,D,False,D
1919,What is the fetoplacental relationship at 24 weeks of gestation?,A,A,True,A
1920,True about supracondylar fracture of humerus,A,B,False,B
1921,Blow out fracture of orbit leads to fracture in,A,A,True,A
1922,Neovascular glaucoma is seen in all except?,A,D,False,D
1923,Movement occuring at atlanto-axial joint?,A,C,False,C
1924,The presence of eosinophils in a muscle biopsy is most consistent with a diagnosis of,A,B,False,B
1925,Lacrimation is seen on mastication. Which nerve is involved?,A,C,False,C
1926,M/C Heavy Metal poisoning in The World?,A,A,True,A
1927,Hyperuricemia can be caused by all except -,A,A,True,A
1928,Amino acid which can be used in both gluconeogenesis and ketogenesis -,A,B,False,B
1929,All of the following are principles of negative pressure wound therapy except,A,C,False,C
1930,Which virus is used to produce rabies vaccine ?,A,C,False,C
1931,What is the treatment of meibomianitis ?,A,D,False,D
1932,Position of stretch receptors in left atrium?,A,D,False,D
1933,Cetuximab is used to treat ?,A,C,False,C
1934,Females have low RBC count compared to males due to ?,A,B,False,B
1935,Confirmation of male intersex by?,A,B,False,B
1936,Lateral lemniscus terminates into ?,A,D,False,D
1937,"A patient with diabetes, hyperkalemia, urinary pH < 5.5 Cause is",A,A,True,A
1938,"A patient was recently staed on Fluphenazine. A few weeks later, he developed tremors, rigidity, bradykinesia, and excessive salivation. The first line of management for this patient is",A,B,False,B
1939,"For direct filling gold restorations, which of the following cannot be used as an effective base cement?",A,B,False,B
1940,Fracture neck of femur in 80 year old male sustained 1 weekback The treatment of choice is -,A,A,True,A
1941,Patient with nephrotic syndrome has decreased amount of which antibody,A,A,True,A
1942,Proximal attachment loss affecting atleast 3 teeth other than first molar and incisior is known as,A,D,False,D
1943,A with multiple fractures initial treatment would be -,A,A,True,A
1944,Best representative of incidence of disease in different timeline-,A,A,True,A
1945,"A bridge has an abutment at end only, with the other end of the pontic remaining unattached, this type of abutment is known as:",A,C,False,C
1946,Sulphonamide injection causes decrease in folic acid by?,A,A,True,A
1947,"Acute PID, most common route of spread ?",A,B,False,B
1948,Talus is supplied by,A,D,False,D
1949,Most common germ cell tumor of ovary is ?,A,D,False,D
1950,Increased LDH helps in diagnosis of?,A,B,False,B
1951,Global Hunger includes all except?,A,A,True,A
1952,Drug Causing anaphylactoid reaction:,A,A,True,A
1953,Which of these interleukins is not associated with stimulating the proliferation and differentiation of lymphocytes?,A,D,False,D
1954,Which of the following is not a  primary characteristic of the aggressive periodontitis as described by Lang et al,A,B,False,B
1955,Which of the following muscles is inserted into the rough impression on the anterior surface of greater trochanter?,A,C,False,C
1956,Apo B48 is synthesized in -,A,C,False,C
1957,"Carbon marker will produce a line along the most convex area of the object being surveyed, this resultant line formed is known as:",A,B,False,B
1958,Which of the following can be safely given in a kidney patient:,A,C,False,C
1959,All are features of aoic stenosis except,A,D,False,D
1960,Violin string adhesion is seen in ?,A,B,False,B
1961,"All of the following statements about Pulsus Bigeminus are true, except:",A,B,False,B
1962,HbA1C is decreased most by?,A,A,True,A
1963,Father of public health is?,A,A,True,A
1964,All of the following indicators are included: in Physical Quality of Life Index (PQLI) except:,A,A,True,A
1965,Obliterative endaeritis of the vasa vasorum of aoa is seen in,A,A,True,A
1966,Contraindication for percutaneous ballon mitral valvotomy include the following except,A,D,False,D
1967,Mechanism of action of 5-a reductase?,A,A,True,A
1968,Obligate periphyte is:,A,B,False,B.
1969,Water's view is used to obtain diagnostic information of:,A,A,True,A
1970,Cytotrophoblasts invades ?,A,C,False,C
1971,ECT is not indicated in?,A,B,False,B
1972,Most common cause of vitreous hemorrhage in adults?,A,C,False,C
1973,ABPI of imminent necrosis,A,A,True,A
1974,This patient came to the casualty with palpitations. His ECG has been shown below. What is your diagnosis?,A,C,False,C
1975,All of the following molecules are acute-phase reactants except–,A,C,False,C
1976,Areas of alveolar support that disclose the reaction of bone to additional stress is called as:,A,B,False,B
1977,Non pathogenic mycobacterium is?,A,A,True,A
1978,Which of the following stages of lip carcinoma do not have nodal involvement ?,A,B,False,B
1979,BMR is increased in all except:,A,A,True,A
1980,Adverse effect of the imatinib are all except ?,A,D,False,D
1981,Stability of a bullet is increased by?,A,A,True,A
1982,False about Pott's spine,A,B,False,B
1983,All of the following can determine protein structure except,A,D,False,D
1984,Vitamin deficiency associated with cystic fibrosis is,A,A,True,A
1985,Ritter disease is a disease caused by -,A,A,True,A
1986,True about Bezold-Jarish reflex?,A,D,False,D
1987,All of the following are premalignant conditions except -,A,D,False,D
1988,Reactive nitrogen species for killing of microbes are mainly derived from,A,B,False,B
1989,Epinephrine increases free fatty acid level by causing -,A,B,False,B
1990,"Ph7.2, HCO3 - (10 or 12), pco2-35 , metabolic acidosis due to",A,C,False,C
1991,Minimum bone width required for 3.7mm implant placement:,A,A,True,A
1992,Mechanism of action of aprepitant is ?,A,C,False,C
1993,Which is not an analytical study:,A,A,True,A
1994,Subgingival calculus can be found as:,A,D,False,D
1995,Which of the following is seen in the recovery phase after a disaster except,A,A,True,A
1996,"According to Miller, mobility within a range of 0.5-1.5 mm with lateral movement is:",A,B,False,B
1997,Direct connection between bone and body of the implant at microscopic level is:,A,C,False,C
1998,Rate of cervical dilatation in primigravida is ?,A,A,True,A
1999,Type of ZOE cement used for permanent cementation is:,A,B,False,B
2000,Which of the following is associated with bleeding on probing:,A,B,False,B
2001,Wear & tear pigment is:,A,A,True,A
2002,In xanthine oxidase co factor is ?,A,C,False,C
2003,Best temperature for putrefaction is -,A,B,False,B
2004,"35 yr old with 4 months amenorrhea with increased FSH, decreased estrogen. What is the diagnosis?",A,A,True,A
2005,All of the following are features of Rett's syndrome except,A,D,False,D
2006,"A 36 yrs old male patient c/,o cough cold fever/rusty sputum / sputum neg for tb ,h/o of travel in china & eaten crab, Name the infection",A,A,True,A
2007,Nerve 3td ventricle is the cavity of -,A,C,False,C
2008,Impression material having the longest curing time is:,A,D,False,D
2009,In recurrent laryngeal nerve palsy which muscle keeps vocal cord in median position?,A,A,True,A
2010,Best indicator of antemoem drowning is:Delhi 07; TN 11,A,D,False,D
2011,Orange discoloration of sweat is caused due to?,A,B,False,B
2012,Indication for giving liothyronine as therapeutic management is,A,A,True,A
2013,Chicken fat appearance is seen in -,A,B,False,B
2014,According to Pindborg erosion of tip of the interdental papilla is categorised into:,A,A,True,A
2015,Purandare opration indicated for?,A,B,False,B
2016,Estramustine is a combination of ?,A,A,True,A
2017,Which drug is preferred for the treatement of 21 hydroxylase deficient female fetus to prevent genital virilization?,A,B,False,B
2018,Function of exonuclease -,A,B,False,B
2019,Bernard-Soulier syndrome due to deficiency of,A,C,False,C
2020,Treatment of choice for amblyopia is ?,A,D,False,D
2021,Scissor gait is seen in which of the following condition:,A,B,False,B
2022,All of the following components of silver amalgam alloy increases the strength except:,A,A,True,A
2023,Apparent lengthening is seen in which stage of TB Hip,A,C,False,C
2024,Investigation of choice for CONFIRMING Henoch Schonlein purpura is -,A,A,True,A
2025,"Which of the following type of cementum is located in coronal most region of the tooth where the enamel is covered by the cementum, having a thickness of 1-15 micron:",A,A,True,A
2026,Which drug is not given in renal failure?,A,D,False,D
2027,What is attatched to 3' end of mRNA after transcription?,A,A,True,A
2028,"A patient of RA is taking methotrexate, steroids and NSAIDs since 4 months but activity of disease progression is same. What should be the next probable step?",A,C,False,C
2029,In a child having diarrhoea with perianal moist crust. The diagnosis is -,A,A,True,A
2030,In obstructive labor most impoant parameter is?,A,A,True,A
2031,Main sensory nerve supply to TMJ is through,A,B,False,B
2032,Material which cannot be used in maxillofacial prosthetics:,A,D,False,D
2033,Hydropic change is due to -,A,A,True,A
2034,Scavenger receptors are for?,A,A,True,A
2035,Misoprostol is which prostaglandin analog?,A,A,True,A
2036,Sharply angulated ribs with or without nodules with backward position of sternum is known as:,A,C,False,C
2037,Dye used in diagnosis of esophageal perforation:,A,A,True,A
2038,Surgical treatment of congenital hydrocele recommended if it fails to resolve by what age?,A,A,True,A
2039,Most common organism grown in urine culture of pregnant woman with asymptomatic bacteriuria?,A,B,False,B
2040,Most common site for ectopic thyroid tissue is?,A,B,False,B
2041,Mallory hyaline is seen in which of the following conditions?,A,C,False,C
2042,Increased aldosterone and ADH secretiom following major trauma results in all the following except ?,A,A,True,A
2043,Where will you put chemical liquid biomedical waste,A,B,False,B
2044,Retinitis pigmentosa is due to defect in which gene-,A,B,False,B
2045,20 year old female with primary amenorrhoea with normal presentation of everything except no axillary or pubic hair. What is the diagnosis?,A,A,True,A
2046,Tache noire de salenoica is a postmoem finding is related to,A,A,True,A
2047,Hutchison's Triad is seen in,A,A,True,A
2048,Corticosteroid with the maximum mineralocorticoid action is?,A,B,False,B
2049,Flask shaped ulcers in intestine caused by,A,B,False,B
2050,Atropine is used in all except?,A,D,False,D
2051,Which  of  the  following  is  not  a  branch  of third part of maxillary artery:,A,D,False,D
2052,Electron transpo chain all are true except,A,D,False,D
2053,Rarest type of Von Willebrand disease :,A,D,False,D
2054,Most common site of distant metastasis from Ca larynx,A,B,False,B
2055,Local factors which cause hypercementosis :,A,B,False,B
2056,Structures passing through sacral hiatus are ?,A,A,True,A
2057,Chronic hemolytic anaemia is associated with which of the following -,A,B,False,B
2058,"Regulating enzymes in Gluconeogenesis are all, except",A,C,False,C
2059,A 21-year-old female presents to emergency ward with 2 months of amenorrhea with pain in abdomen and shock. BP 90/60 mmHg and Hb 6 gm%. Urine pregnancy test is found positive. Next immediate line of treatment is ?,A,B,False,B
2060,For cast metal restoration indicated finish line should be:,A,D,False,D
2061,A 45 year old lawyer presents with pain in the abdomen more so in the epigastric region that worsens with eating spicy food and is relieved by bending forward. Complications of the above mentioned condition could be all except,A,D,False,D
2062,The globe is displaced to which side in lacrimal gland tumour?,A,B,False,B
2063,The solid solution of silver and mercury is called:,A,A,True,A
2064,"In poorly controlled Type I diabetes, most common infection is:",A,A,True,A
2065,Respiratory exchange of gases is strated from?,A,B,False,B
2066,Inhibin levels are checked on which day of menstrual cycle ?,A,A,True,A
2067,"If the anal spincter is injured, it is which degree of Perineal Tear ?",A,C,False,C
2068,Methylmalonyl aciduria is seen in deficiency of ?,A,A,True,A
2069,"Most widely used vaccine, beside OPV ?",A,A,True,A
2070,"Patient with 45 XO , what H to be given ?",A,B,False,B
2071,Which of the following wires cannot be soldered and welded?,A,A,True,A
2072,Which of the following anti-retroviral drugs is a known inducer of cytochrome P-450:¬,A,B,False,B
2073,Which of the following has direct innervation from sympathetic system but no parasymputhetic supply?,A,A,True,A
2074,"According to behavioural theories of child psychology, Individual response is changed as a result of reinforcement or extinction of previous responses, is known as:",A,B,False,B
2075,All are major complications of massive transfusion except,A,D,False,D
2076,Most effective circuit in spontaneous anaesthesia is -,A,A,True,A
2077,Vitamin B12 deficiency causes all except ?,A,A,True,A
2078,First radiographic sign of osteomyelitis:,A,B,False,B
2079,Effect of aceytylcholine on LES ?,A,A,True,A
2080,Cyst with scolex and hooks is seen in,A,C,False,C
2081,Old complete perineal tear is repaired at ?,A,B,False,B
2082,Fenoldopam is used in the management of ?,A,A,True,A
2083,Buccal frenum of the mandible contains the following muscle:,A,B,False,B
2084,The scrubbing method of tooth brushing is?,A,A,True,A
2085,Most common site of basal cell carcinoma of the eye is,A,A,True,A
2086,Most common cause of duodenal obstruction in adults,A,B,False,B
2087,G3P2L2 with previous 2 LSCS with anterior placenta pre has got a very high risk of which complication?,A,A,True,A
2088,Deposit in retinal macular degeneration ?,A,B,False,B
2089,For successful ortho treatment minimum number of screws preferred in mini plates placement?,A,C,False,C
2090,Metronidazole+ciprofloxacin is effective  against:,A,D,False,D
2091,All of the following are true regarding SIRS except?,A,B,False,B
2092,HSG findings suggestive of genital koch ?,A,A,True,A
2093,Which of the following is true about Hypophosphatasia:,A,B,False,B
2094,Nissl's granules are found in which pa of nerve cell -,A,D,False,D
2095,Lipid insoluble (3-blokcer is -,A,B,False,B
2096,A 30-year-old male came with complaints of swelling around the knee joint. Histopathological examination of the swelling demonstrated many giant cells interspersed with mononuclear cells. What is the probable diagnosis,A,C,False,C
2097,AGN (acute glomerulonephritis) is diagnosed by,A,C,False,C
2098,"A child with fever with ABCs & pus in stools, causative organism is ?",A,B,False,B
2099,Immunohistochemical marker for sentinel node biopsy for breast carcinoma is?,A,A,True,A
2100,Which of the following is not a feature of lichen planus?,A,A,True,A
2101,Long chain fatty acid are mainly absorbed in?,A,C,False,C
2102,"In which of the following conditions, this membrane is seen:",A,A,True,A
2103,Glucagon activates which enzyme ?,A,C,False,C
2104,Not true about crude birth rate:,A,D,False,D
2105,Which of the following is potassium Channelopathy -,A,D,False,D
2106,Following are absolute indication for hemo-dialysis except,A,A,True,A
2107,Which of the following is a concept of balanced occlusion?,A,D,False,D
2108,All of the following are true regarding Pagets Disease except -,A,D,False,D
2109,"About lipoma, radiologically true is -",A,A,True,A
2110,Perioral freckles with risk of breast cancer and intestinal cancer is a feature of:,A,A,True,A
2111,"A 5 years old child presents with enlarged liver, uncontrolled hypoglycemia and ketosis.  Most probable diagnosis is?",A,B,False,B
2112,Insulin increased glucose uptake in?,A,C,False,C
2113,Polyuria is -,A,A,True,A
2114,True About Noncompetitive antagonist -,A,A,True,A
2115,Thiazides cause hypercalcemia by ?,A,D,False,D
2116,True about Coronary circulation ?,A,B,False,B
2117,Fragile X–syndrome is characterised by all of the following features except –,A,D,False,D
2118,Investigation of choice for 74 yr old male patient scanty bleeding per rectum irregular bowel habits,A,C,False,C
2119,Vasoconstricator L.A. is ?,A,C,False,C
2120,Wedge wedging technique is indicated in cases of:,A,B,False,B
2121,Type of minor connector indicated in maxillary distal extension denture bases:,A,A,True,A
2122,Hypercholesterolemia is due to,A,A,True,A
2123,"""Droop lily sign"" is seen in -",A,D,False,D
2124,Removal of the tooth side of the pocket is accomplished by?,A,D,False,D
2125,Bile acids consist of all except -,A,A,True,A
2126,Which is derived from wolfian duct ?,A,C,False,C
2127,Treatment of traumatic cataract in children ?,A,A,True,A
2128,Right Recurrent laryngeal nerve loops around?,A,A,True,A
2129,Gerstmanns syndrome all except,A,D,False,D
2130,Setting posture before planned movement ?,A,A,True,A
2131,Gas gangrene is not caused by?,A,B,False,B
2132,Hypoglycemia in infants more than 24 hours of age is defined as blood glucose levels less than,A,A,True,A
2133,Which of the following is a Fat Soluble vitamin ?,A,C,False,C
2134,Chorda-tympani does not carry which fibers?,A,D,False,D
2135,"Sacubitril is,",A,B,False,B
2136,The only tissue born passive appliance is:,A,D,False,D
2137,Which of these is a tributary of the IJV:,A,B,False,B
2138,Natal and neonatal teeth are not associated with:,A,A,True,A
2139,The velocity of sperm is ?,A,B,False,B
2140,"If the symphysiofundal height is 40 cm and the station of the head is at -1, weight of the fetus is approximately",A,B,False,B
2141,CPR with 2 candidate is done at rate of (in infant) -,A,B,False,B
2142,"When the tension in a muscle fibre is maximum, its length is called as ?",A,B,False,B
2143,"AB -ve girl should be given blood group, which blood group can be given in case of non-availability of her blood?",A,C,False,C
2144,Most common cause of menorrhagia in adolescents?,A,A,True,A
2145,An Incisional wound heals by,A,B,False,B
2146,Emergency minimum value  of glycocylated hemoglobin to carry out surgical  procedure is:,A,C,False,C
2147,In protein deficiency all are seen except -,A,A,True,A
2148,Microbiological test for diagnosing leptospira infection?,A,C,False,C
2149,Difference in alveolar crest level and radiograph is:,A,A,True,A
2150,PGF2 alpha maximum dose in PPH is-,A,A,True,A
2151,Elongated styloid process is seen in?,A,A,True,A
2152,Use of chlorhexidine mouthwash  decreases the malodour by:,A,B,False,B
2153,"In a person fasting overnight with carnitine deficiency, following chemicals increase in quantity in blood ?",A,B,False,B
2154,Primase functions as ?,A,B,False,B
2155,Age of girls when the mixed dentition growth spurt occurs:,A,B,False,B
2156,Most hepatotoxic is?,A,C,False,C
2157,Pica refers to –,A,C,False,C
2158,Material used as an interocclusal check records is/are:,A,D,False,D
2159,Beaded lumen with fimbrial fluid is seen in -,A,A,True,A
2160,The ratio of anatomic portion to the artistic portion should be :,A,A,True,A
2161,Risk among exposed to risk among non exposed is defined to be -,A,A,True,A
2162,The grafted material dose not contribute to new bone formation per se but serves as scaffold for bone formation originating from adjacent host bone comes under which category?,A,B,False,B
2163,All of the following are strongly associated with AIDS except:,A,B,False,B
2164,Number of freni in the mandible:,A,A,True,A
2165,"If the laterally displacing prematurity occurs on laterotrusive side (lateral slide), adjust:",A,A,True,A
2166,"Which of the following drugs dosage interval should be maximum in a patient with creatinine clearance less than 10,",A,A,True,A
2167,Previous radition therapy for which disease paiculary increases the risk of breast carcinoma development?,A,A,True,A
2168,Fossa ovalis is a remnant of ?,A,B,False,B
2169,E. coli is differentiated by E histolytica by presence of,A,D,False,D
2170,Gestational Trophoblastic neoplasm does not include-,A,A,True,A
2171,Drug of choice for resistant rheumatic chorea?,A,B,False,B
2172,Intention-to-treat analysis is done in:,A,C,False,C
2173,In long standing rheumatoid ahritis which will be seen -,A,D,False,D
2174,What is the intensity in decibel of normal conversation in humans?,A,B,False,B
2175,What is the dose of ulipristal acetate?,A,D,False,D
2176,Oblate ellipsoid appearance of cornea is seen in which of the following conditions?,A,D,False,D
2177,In intracerebral haemorrhage the size of haemorrhage can be reduced by,A,A,True,A
2178,a) Most common position of engagement in veex presentation?,A,A,True,A
2179,Most common precipitant of Raynaud's phenomenon is,A,A,True,A
2180,Which of the following constitutes the highest amount in the composition of GIC?,A,A,True,A
2181,Definite use for PGE2 is all except ?,A,A,True,A
2182,Which of the following is most malignant tumor?,A,A,True,A
2183,Test used for screening for urinary tract infection is,A,A,True,A
2184,Which of the following is not an indication of the facemask:,A,D,False,D
2185,"Test used to detect genetic abnormality in embryo,before transferring it to the uterus in IVF is ?",A,A,True,A
2186,First aid should be given in acid contact ?,A,B,False,B
2187,Definitive management of Adenomyosis is?,A,D,False,D
2188,"In which of the following surveyor, surveying arm is spring-loaded:",A,A,True,A.
2189,"In medicolegal autopsy, cavity to be opened first is ?",A,A,True,A
2190,If over-torque is applied then what will be the consequence:,A,D,False,D
2191,Most common tumor associated with NF 1,A,A,True,A
2192,Factors that play a role in the efficacy of professionally delivered irrigation includes all except?,A,D,False,D
2193,Gancyclovir is more effective than acyclovir against which of the following organisms?,A,B,False,B
2194,Structure not seen at L3 level ?,A,B,False,B
2195,"A 23-year-old male presented with a history of fatigue and tiredness. On investigation, he was found to have Hb values of 9gm%, MCV of 101 FL. peripheral smear examination showed microcytic RBC and hypersegmented neutrophils. Which is most probable etiology",A,C,False,C
2196,A small reduction in the average oral hygiene of a population would produce a large reduction in the incidence of dental caries?,A,A,True,A
2197,"Boy who refuses to eat fruit comes with knee welling & hematoma, deficiency of which  vitamin is suspected?",A,D,False,D
2198,A boy met with a motorbike accident. CT brain shows injury to the posterior end of the superior temporal gyrus. He is likely to suffer from,A,A,True,A
2199,Which of the following drug administration is not associated with hypomagnesemia?,A,D,False,D
2200,What are Gitter cells:,A,B,False,B
2201,Hormone predominately secreted after 14 day on endometrium is?,A,A,True,A
2202,Reservoir is defined as ?,A,A,True,A
2203,AST/ALT > 2 occurs in deficiency of,A,A,True,A
2204,Nested case control study is a type of:,A,A,True,A
2205,When does crying stop in cyanotic spells ?,A,C,False,C
2206,Which property of X-ray is utilized in intensifying screen?,A,D,False,D
2207,Lemierre's syndrome is,A,B,False,B
2208,Risk of genetic diseases in consanguineous marriage between first cousins?,A,B,False,B
2209,Growth of head circumference in 1st 3 months of life is by,A,A,True,A
2210,Miscarriage due to negligence of doctor is seen under which IPC ?,A,A,True,A
2211,Resorcinol is used in the treatment of?,A,A,True,A
2212,Coenzyme form of pyridoxine is ?,A,C,False,C
2213,Which of the following is true about breast reconstruction surgery,A,B,False,B
2214,Achondroplasia shows which type inheritance-,A,D,False,D
2215,Most common cause of overcontoured crown restorations:,A,B,False,B
2216,Excitability of cells is maximally affected by change in concentration of which ion?,A,B,False,B
2217,Subhyaloid hemorrhage is ?,A,D,False,D
2218,Microdochotomy is treatment for,A,C,False,C
2219,When the tip of the interdental papilla is located at or apical to CEJ level on proximal tooth surface but coronal to the level of the CEJ mid-buccally is classified as?,A,B,False,B
2220,Lips does not drain into which group of lymph nodes?,A,A,True,A
2221,Which of the following is true about veebral development -,A,D,False,D
2222,Functional residual capacity in normal adult is?,A,B,False,B
2223,Modulus of resiliency of dentin is similar to:,A,B,False,B
2224,Instrument used for detecting tooth mobility is:,A,B,False,B
2225,Which of the following is true about deep palmar arch?,A,C,False,C
2226,Management of Stage IIA carcinoma cervix in third trimester of pregnancy is ?,A,A,True,A
2227,An SSRI antidepressant (eg. Fluoxetine) will be prescribed for an adult patient. You should advise him or her that two most likely side effects or adverse responses that may eventually occur at therapeutic blood levels are which of the following?,A,D,False,D
2228,"A-28-year-old intravenous drug user complains about severe epigastric pains, nausea and vomiting, his upper GI endoscopy shows small areas of ulceration and white plaques. Following is the best treatment option:",A,A,True,A
2229,All are members of orange complex except?,A,B,False,B
2230,2% Arestin is:,A,D,False,D
2231,Nerve involved in Frey’s syndrome is?,A,C,False,C
2232,True about basic rhythm of GIT?,A,D,False,D
2233,Which of the following is not true about purine antagonists?,A,A,True,A
2234,Which of the following is not required for Chi square test,A,B,False,B
2235,Non-parasitic eosinophilia is caused by infection with -,A,C,False,C
2236,Ureterosigmoistomy,A,B,False,B
2237,"Ground glass appearance, Brown tumors and Hypercalcemia are seen:",A,A,True,A
2238,Reference ages for pathfinder survey:,A,A,True,A
2239,Mother transmits the disease to all her children. Type of inheritance is:,A,A,True,A
2240,Decreased CVP is seen in,A,D,False,D
2241,Hormone which affects IC* ion concentration?,A,A,True,A
2242,The predominant isoenzyme of LDH occuring in liver injury is ?,A,A,True,A
2243,Which of the following is not a type of minor connector:,A,A,True,A
2244,In a children ectopic kidneys can be diagnosed by -,A,C,False,C
2245,Unilateral frontal blisters with upper lid edema with conjunctivitis is seen in ?,A,C,False,C
2246,Changes in occurrence of a disease over long periods of time are?,A,D,False,D
2247,Revascularization and angiogenesis process after skin grafting is seen after how many days after the procedure?,A,A,True,A
2248,DALE is replaced by ?,A,A,True,A
2249,250 nm light is absorbed by ?,A,C,False,C
2250,"After trauma	of permanent maxillary central incisor,
metallic sound is heard on percussion, this is due to:",A,D,False,D
2251,Which of the following is a PAR antagonist ?,A,D,False,D
2252,Which of the following is an absorbable suture,A,A,True,A
2253,Variation in sensitivity of response to different doses of a drug in different individual is obtained from?,A,A,True,A
2254,If gold content of the alloy decreases:,A,B,False,B
2255,The ability of bacteria and microcolonies within biofilm to communicate with one another is ?,A,A,True,A
2256,Neurons in sympathetic ganglia are ?,A,D,False,D
2257,The systematic distortion of retrospective studies that can be eliminated by a prospective design is:,A,C,False,C
2258,"In mechanical ventilation, peak pressure in inspiration denotes ?",A,A,True,A
2259,CVP is monitored in A/E,A,D,False,D
2260,A 27 year old patient presented with left sided abdominal pain 6 hours after A. He was hemodynamically stable and FAST positive. CT scan showed grade III splenic injury. What will be appropriate treatment,A,C,False,C
2261,Radio isotope used in Ca cervix Brachytherapy ?,A,C,False,C
2262,Hypothesis formulation comes under:,A,B,False,B
2263,The biologic depth is the distance?,A,B,False,B
2264,Acamprostate is used for ?,A,A,True,A
2265,CSF is present in which space?,A,C,False,C
2266,Most common complication of diphtheria is -,A,A,True,A
2267,"In Ainhum, constriction develops usually at the level of interphalangeal joint of",A,C,False,C
2268,Calculus found over mandibular posteriors is rich in:,A,D,False,D
2269,What is luxatio erecta ?,A,D,False,D
2270,All the following statements are true regarding Malignant Parotid Gland Tumors Except:,A,D,False,D
2271,Bias arising as a result of selective survival among prevalent case?,A,B,False,B
2272,Intrathecal fluorescein with endoscopic visualization is useful in diagnosis of?,A,D,False,D
2273,Best drug for open angle glaucoma ?,A,A,True,A
2274,Weakest phase of low copper Amalgam leads to:,A,A,True,A
2275,What are the symptoms of ANUG:,A,D,False,D
2276,Prague manuever is used for ?,A,D,False,D
2277,A patient after an accident was unconscious. On physical examination there was unilateral pupillary dilatation Possible reason for the same is,A,A,True,A
2278,True regarding Malaria:,A,D,False,D
2279,According to section 82 IPC a child's act is not considered as a crime if he is -,A,B,False,B
2280,Treatment for trichomonas vaginalis is ?,A,A,True,A
2281,Which antithyroid drug crosses placenta ?,A,B,False,B
2282,What is the role of potassium bromide and benzotriazole in developer?,A,A,True,A
2283,All of the following are conveed to cr-ketoglutarate on catabolism except-,A,A,True,A
2284,Results of any study are better defined in ?,A,A,True,A
2285,"A study is performed analyzing patterns of injury. One type of injury, typically made with a blunt object, can be seen on physical examination and can be dated by the colour change that takes place over time. Which of the following terms is most likely to describe this injury?",A,D,False,D
2286,Structures pierced by the parotid duct are all except?,A,A,True,A
2287,Where is the highest oxygen concentration presents in fetal circulation,A,A,True,A
2288,Who postulated a range of effectiveness of about 1.5 to 2.5 mm within which bacterial plaque can induce loss of bone?,A,A,True,A
2289,Method of attachment of calculus to the tooth is/are:,A,D,False,D
2290,"Diarrhoea in a child of 12 month, dose of Zinc is –",A,A,True,A
2291,Which of the following appliance is the modification of Schwartz double plate:,A,D,False,D
2292,Carbonic anhydrase activity found in all except?,A,C,False,C
2293,The aery which leads to bleeding in Woodruff's area is?,A,B,False,B
2294,Ocular findings in diabetes are all except -,A,B,False,B
2295,The strain used for the production of the mumps vaccine is–,A,C,False,C
2296,Anterior Mediastinal nodes are included in which level of lymphnodes -,A,C,False,C
2297,Which of the following genes is responsible for inhibiting apoptosis?,A,D,False,D
2298,Amino acid used by liver in urea cycle ?,A,C,False,C
2299,What is the type of epithelium of the adenoid?,A,A,True,A
2300,Aery of 2nd pharyngeal arch is ?,A,B,False,B
2301,Moschowit's surgery is done for -,A,A,True,A
2302,Nerve supply to the tip of the nose is from?,A,A,True,A
2303,Unfolded protein metabolism is associated with,A,A,True,A
2304,Which muscle acting on the thumb has dual nerve supply?,A,D,False,D
2305,Gunshot residue on hands can be detected by:DNB 10; NEET 13,A,B,False,B
2306,Cauda equina syndrome is associated with ?,A,B,False,B
2307,Motor march is seen in ?,A,C,False,C
2308,"All are true regarding intracellular receptors, except?",A,A,True,A
2309,IFN-gamma is produced by,A,C,False,C
2310,Which of the following is complication of prolonged use of coicosteroid eye drops?,A,A,True,A
2311,Most common form of Diabetic neuropathy is?,A,A,True,A
2312,Retinoblastomas show all of the following except,A,A,True,A
2313,What is true about traumatic ulcerative granuloma with stromal eosinophilia (TUGSE):,A,C,False,C
2314,Prevalence-incidence bias is most commonly seen in?,A,D,False,D
2315,"When civil negligence is brought up against a doctor, the onus of proof lies upon -",A,C,False,C
2316,DVT not common causes,A,A,True,A
2317,Incongruous Homonymous hemianopia with Wernicke's hemianopia pupil is seen with the lesion of,A,C,False,C
2318,The influence of the contacting surfaces of the mandibular and maxillary anterior teeth on mandibular movement is,A,A,True,A
2319,Pseudocyst pancreas is developed in how much duration following an attack of acute pancreatitis?,A,C,False,C
2320,The validity of a test denotes ?,A,B,False,B
2321,Normal range of serum osmolality is (mOsm/Kg) ?,A,A,True,A
2322,Twin-peak sign is seen in ?,A,C,False,C
2323,"Area, trench and ramp method are used in?",A,B,False,B
2324,Incomplete castings can occur due to :,A,D,False,D
2325,"For the preparation of Proximal boxes of onlays and inlays , which of the following type of finish line should be made:",A,A,True,A.
2326,"In mandibular class-II with Kennedy modification I, with opposing maxillary dentition, which occlusion is preferred?",A,B,False,B
2327,"Positive predictive value is a function of sensitivity,specificity and",A,D,False,D
2328,Which of the following is beta-Lactam antibiotic?,A,C,False,C
2329,Not recommended in coronary aery disease patients,A,A,True,A
2330,Best method to diagnose non-odontogenic pain:,A,B,False,B
2331,Which drug is usually not preferred in treatment of HIV with TB?,A,D,False,D
2332,Clinical signs and symptoms of tetanus are as a result of:,A,B,False,B
2333,The zonal necrosis most commonly affected in chronic passive hepatic congestion is?,A,A,True,A
2334,All are special visceral efferent column except -,A,D,False,D
2335,Diabetic foot is associated with following type of gangrene -,A,A,True,A
2336,All are true about Toll like receptors except?,A,D,False,D
2337,"After periodontal flap surgery, patient is recalled for maintenance visit in how many days?",A,B,False,B
2338,The impression material used for a closed mouth impression is/are:,A,A,True,A.
2339,A young boy has sickle cell trait. Which of the following anaesthesia is contraindicated?,A,B,False,B
2340,Which of the following hormones activates cAMP:,A,B,False,B
2341,Vasa pre is associated with -,A,B,False,B
2342,Flexor Digitorum Profundus tendon avulsion injury leads to -,A,A,True,A
2343,Most significant risk factor for development for gastric carcinoma is,A,C,False,C
2344,Radical hysterectomy in stage lb ca cervix better than radiotherapy all are true except ?,A,B,False,B
2345,Increased uric acid levels are seen in which glycogen storage disease ?,A,B,False,B
2346,Safe light in radiographic dark room is ideally should be of following color -,A,A,True,A
2347,Which of the following is not used on skin due to its  irritation potential?,A,C,False,C
2348,Guiding planes of RPD are meant for:,A,A,True,A
2349,"Patient with 3 months amenorrhoea, c/o hyperemesis and vaginal bleeding since one month. O/E=uterus 16 weeks with absent fetal hea sound. The diagnosis is ?",A,A,True,A
2350,Which of the following is the experimental method to study growth?,A,B,False,B
2351,Following are the causes of cavity in lungs except -,A,D,False,D
2352,"In direct pulp capping, the prime requisite of pulp healing is an adequate seal against oral fluids. Therefore, a restoration should be placed immediately, which will protect the pulp capping material until the healing process is well advanced.",A,A,True,A
2353,Which of the following is not a feature of myxedema coma?,A,D,False,D
2354,"In a patient with lipoprotein lipase deficiency, which of the following is increased following a fatty meal?",A,A,True,A
2355,Oxygen saturation of venous blood is ?,A,D,False,D
2356,Aetiology of Dressler Syndrome is,A,B,False,B
2357,Inhibition of glycolysis in presence of oxygen is called:,A,B,False,B
2358,"A 2 years baby with 6.7 kg, Hb%- 6 mg/dl total protein 3mg/dL, low albumin with distended stomach but no proteinuria. What will be the diagnosis?",A,B,False,B
2359,Very little growth of neural tissue occurs after:,A,A,True,A
2360,Low serum copper due to ATP 7A gene is due to?,A,B,False,B
2361,Gene associated with the development of Peutz-Jeghers syndrome is,A,A,True,A
2362,All of the following is/are having superantigen Propey Except,A,B,False,B
2363,Distension media used for hysteroscopy with bipolar cautery?,A,A,True,A
2364,Which antiretroviral drug is known to be associated with nephrolithiasis?,A,D,False,D
2365,Identification of individed by their DNA was invented by ?,A,C,False,C
2366,Maximum chance of transmission during delivery?,A,B,False,B
2367,"Endometrial carcinoma involving cervix, stage is?",A,A,True,A
2368,A 22 year old woman comes with a non progressive mass in a left breast since 6 months. There are no associated symptoms. Examination shows a mobile mass not attached to the overlying skin or underlying tissue. The possible diagnosis is,A,A,True,A
2369,What is the main hazard of ectopic testis -,A,C,False,C
2370,Masticatory load that natural teeth can bear:,A,A,True,A
2371,"In a case having multiple caries, peripheral neuropathy and salivary gland aplasia. Lab investigation of choice is:",A,C,False,C
2372,Growing phase of hair is:,A,C,False,C
2373,Glycogen synthase is activated by ?,A,A,True,A
2374,Kwashiorkor not true is?,A,D,False,D
2375,Which is not the testing technique used to determine the tensile strength?,A,A,True,A
2376,Ideal time to do Glucose challenge test in pregnancy is ?,A,B,False,B
2377,Mechanism of action of ticagrelor ?,A,D,False,D
2378,Not an irreversible injury-,A,A,True,A
2379,Laser used in tracheal neoplasm is,A,D,False,D
2380,Acute pelvic pain could be due to ?,A,D,False,D
2381,Tetany is caused by poisoning with:NEET 13,A,A,True,A
2382,Enzyme activity is expressed as:,A,D,False,D
2383,Teres minor is supplied by,A,D,False,D
2384,K nail can be used for all of the following fractures excePt -,A,D,False,D
2385,A bullet packed with jacket and opens at a base is called,A,A,True,A
2386,The plane used in witts appraisal is?,A,A,True,A
2387,Long acting beta 2 agonist,A,B,False,B
2388,Structures not passing through Aoic opening:,A,D,False,D
2389,Heller’s operation is done for ?,A,B,False,B
2390,Thieen pair of Ribs are seen in ?,A,C,False,C
2391,Kher sign is seen in,A,A,True,A
2392,Which of the following is remnant of distal umbilical aery?,A,A,True,A
2393,Ehrlichia phagocytophila mainly affects -,A,C,False,C
2394,Listers perimeter is used for,A,A,True,A
2395,Effective adjuvant in attenuating hypertension and tachycardia associated with laryngoscopy and intubation?,A,D,False,D
2396,Which of the following is not a probable sign of pregnancy,A,B,False,B
2397,SARS pandemics every 5 years is an example of?,A,B,False,B
2398,Most common nephropathy associated with malignaneN is:,A,D,False,D
2399,Loss of eyelashes is ?,A,B,False,B
2400,Elevated levels of serum creatine kinase (CK) are found in all the following except,A,D,False,D
2401,What can be the cause of rough or uneven surface of elastomeric impression material?,A,D,False,D
2402,Which of the following primarily governs the uptake of Tc-99m MDP in body?,A,A,True,A
2403,Microcephaly is common in children of mothers with all except,A,A,True,A
2404,Initial drug for ovarian cancer ?,A,A,True,A
2405,"A 3 months old child was staed on supplemental foods alongwith breastmilk. The child was fed with fruit pulp and sweetened cereals. Soon the child developed bloating of abdomen, vomiting, lethargy, irritability. On investigation, there was hyperbilirunemia and elevated transaminase levels. The child",A,B,False,B
2406,"Action of M, cholinergic receptors ?",A,D,False,D
2407,Duputyrens and peyonies are both type of,A,A,True,A
2408,Drugs used in endometriosis is,A,D,False,D
2409,"After mastectomy, breast reconstruction is done by",A,B,False,B
2410,Zonisamide acts on ?,A,A,True,A
2411,Bloody diarrhea in HIV infected patient is mostly due to ?,A,A,True,A
2412,Ideal total cholesterol to HDL cholesterol ratio is?,A,A,True,A
2413,Presenting pa in transverse lie ?,A,C,False,C
2414,Nucleotide consists of all except ?,A,D,False,D
2415,Arachidonic acid derived anti-inflammatory mediator:,A,C,False,C
2416,"In postoperative intensive care unit, five patients developed postoperative wound infection on the same wound. The best method to prevent cross infection occurring in other patients in the same ward is to:",A,D,False,D
2417,Appliance shown in the colour plate is known as:,A,A,True,A
2418,Technology transfer phase of water fluoridation in?,A,D,False,D
2419,Minimum radiation dose which may lead to oligospermia is -,A,B,False,B
2420,Lymph drainage is increased from lower limbs by,A,A,True,A
2421,"In a town there are 2500 live bih within six month. During same period 5 women died due to peripaum infection, 5 died due to electrocution, 2 died due to obstructed labor and 3 died due to PPH. What is the MMR ?",A,C,False,C
2422,Which of the following has two amino groups-,A,D,False,D
2423,Second wave of trophoblastic invasion occurs at weeks of gestation?,A,C,False,C
2424,Jumping genes are ?,A,A,True,A
2425,Posterior duodenal ulcer is related to,A,B,False,B
2426,Which of the following constituent has highest weigh percentage in alginate?,A,A,True,A
2427,Case control study is used for study of:,A,B,False,B
2428,Example of transfer of drug resistance by conjugation -,A,D,False,D
2429,Mucostatic pressure impression technique is used in all of the following conditions except:,A,A,True,A
2430,Vincent's angina is caused by:,A,A,True,A.
2431,Mid year population is estimated on ?,A,B,False,B
2432,Most common carcinoma of conjunctiva ?,A,A,True,A
2433,Arch blanks is means?,A,D,False,D
2434,Which of the following is not a constituent of ZOE cement?,A,A,True,A
2435,Peripheral flange is seen in which of these implants:,A,C,False,C
2436,"Flash burn, tender, red & painful, which of the following type is the burn-",A,B,False,B
2437,Nutmeg lever is seen in?,A,B,False,B
2438,Water acts as a excellent biological medium for all the substances in the body due to all of the following features except–,A,D,False,D
2439,Which of the following drugs used in obesity acts as a endogenous cannabinoid receptor (CB1) antagonist?,A,A,True,A
2440,Long acting 13-2 agonist is ?,A,A,True,A
2441,Enzyme deficient in Hers disease -,A,C,False,C
2442,Which of following is a stool softener ?,A,D,False,D
2443,Menometrorrhagia is ?,A,B,False,B
2444,Drug of choice for bubos in a pregnant female is ?,A,C,False,C
2445,Which of the following is not seen in 12 days of fasting -,A,B,False,B
2446,Dialysis indications,A,B,False,B
2447,Which of the following is not seen in patent ductus aeriosus?,A,D,False,D
2448,W arch appliance is used for?,A,A,True,A
2449,169.	Most common cause of bacillary angiomatosis is?,A,A,True,A
2450,Drug to differentiate Myasthenia gravis from cholinergic crisis?,A,B,False,B
2451,Which of these instruments is not used for obturation?,A,D,False,D
2452,Virus not sensitive to disinfection by chlorination,A,C,False,C
2453,Which of the following ulcers have punched out edge?,A,A,True,A
2454,Molluscum sebaceum is other name for?,A,A,True,A
2455,Carbamoyl Phosphate synthetase I true is,A,D,False,D
2456,BPH involves -,A,C,False,C
2457,Endogenous electric signal that is also  seen in bone that is not stressed:,A,A,True,A
2458,Hangman's fracture is the fracture involving which cervical veebra?,A,B,False,B
2459,"A patient taking beta-blocker preoperatively, at induction of anaesthesia with fentanyl. Which muscle relaxant should be avoided?",A,D,False,D
2460,Which of the following is the use of headgear?,A,A,True,A
2461,Content of chlorine in bleaching power is?,A,D,False,D
2462,occlusion plane is an important factor of:,A,B,False,B
2463,A couple comes to you because they have been unable to conceive even after 1 year of trying. You examine the man and notice a darkish mass and fullness of the left scrotum / spermatic cord compared to the smaller right scrotum / spermatic cord. You suspect which of the following?,A,B,False,B
2464,Hamilton Ruler test sign is positive in which of the above mentioned conditions ?,A,C,False,C
2465,Which method is an easy method of disposal of dry refuse and is also suitable for reclamation of land?,A,A,True,A
2466,Hydrops fetalis is due to ?,A,A,True,A
2467,Which of the following frenum of the maxilla is a passive frenum:,A,A,True,A
2468,CRL when cardiac activity can be detected earliest by TVS -,A,A,True,A
2469,Intervertebral disc is an example of:,A,B,False,B
2470,To create anaerobiosis which organism is used,A,B,False,B
2471,Expulsive hemorrhage in cataract surgery is from?,A,B,False,B
2472,Not included in neuraxial block ?,A,B,False,B
2473,Infant circuit for anaesthesia ?,A,C,False,C
2474,Objective fear in a child is derived from:,A,D,False,D
2475,Epidermal nevus follows ?,A,A,True,A
2476,"Rakesh, 30-yrs has marked swelling on palmar aspect of the wrist. Persistent flexion of fingers and apparent shortening of middle finger is seen. There is paresthesia over palmar aspect of the thumb, index, middle, and a questionable portion of the ring finger, yet when wrist is gently flexed, inten",A,B,False,B
2477,Q-test is used for detecting:,A,A,True,A
2478,Most common cause of ca4ral tunnel syndrome is ?,A,D,False,D
2479,All are the radiological sings of Urogenital TB EXCEPT ?,A,A,True,A
2480,More than 90% of growth of brain or brain vault has achieved by:,A,D,False,D
2481,Bragg peak effect pronounced in:,A,B,False,B
2482,Several studies have shown that 85% of cases of lung Incidence rate.cancer are due to cigarette smoking. It is a measure of:,A,C,False,C
2483,Glucose-6-phosphate dehydrogenase need -,A,B,False,B
2484,Colchicine–,A,D,False,D
2485,Clinical success of temporary anchorage device mainly depends on?,A,A,True,A
2486,Deficiency of calcium in childhood causes,A,A,True,A
2487,Water fluoridation is an example for?,A,D,False,D
2488,"About normal distribution curve, which is not true?",A,D,False,D
2489,Which structure is not preserved in modified radical mastectomy,A,B,False,B
2490,Chorea Drug of choice for Nocardiosis?,A,D,False,D
2491,Which of the following terms is used to describe the most prominent point of nasal tip?,A,A,True,A
2492,Hemorrhage after thyroidectomy is due to,A,D,False,D
2493,Recurrent anterior uveitis with increased intraocular tension is seen in ?,A,C,False,C
2494,Which of the following soft-tissue lesions has a biphasic histologic pattern and consists of cuboidal epithelial and spindle- shaped mesenchymal cells?,A,D,False,D
2495,"1 year old child with multiple episodes of diarrhea presents with sunken dry eyes, depressed fontanelles, very slow skin pinch. The amount of fluid to be given in the first 6 hours is",A,A,True,A
2496,Which of the following are naturally occurring opioid?,A,C,False,C
2497,Multiple draining sinuses from the neck with sulphur granules is a feature of:,A,A,True,A
2498,Which of the following is not true regarding amoebic liver abscess,A,A,True,A
2499,Bowel punctured during laproscopy,A,B,False,B
2500,Which of the following factors play a major role in the initiation of thrombus formation?,A,D,False,D
2501,During initial days graft gets blood supply from:,A,C,False,C
2502,"A patient on lithium therapy developed hypeension. He was staed on Thiazide for hypeension. After a few days, he developed coarse tremors and other symptoms suggestive of lithium toxicity. What is the probable mechanism of interaction?",A,A,True,A
2503,Decubitus ulcer is,A,C,False,C
2504,Which of the following is not true about the epididymo!orchitis of mumps?,A,A,True,A
2505,Strawberry gall bladder is seen in,A,A,True,A
2506,A 40 year old lady takes warfarin for DVT prophylaxis. She was given ceftriaxone for dental infection after which she experienced per vaginal bleed and dark coloured urine. This is due to?,A,B,False,B
2507,HOCM is common in which age group?,A,B,False,B
2508,"To be effective, health education should be?",A,B,False,B
2509,Which of the following is Hepadnavirus ?,A,B,False,B
2510,Pilocarpine is used in all of the following except:September 2006,A,B,False,B
2511,Recent techniques of local anaesthesia among the following is/are:,A,D,False,D
2512,The colourless substrate for BANA test is,A,A,True,A
2513,Internal capsule- All of the following are pas except ?,A,B,False,B
2514,Method of growth study which includes both soft tissue and hard tissue measurement:,A,B,False,B
2515,Not true about strategic plan for malaria control 20122017 ?,A,A,True,A
2516,Long term high dose use of carbamazepine causes?,A,D,False,D
2517,Foot drop is caused by injury to which nerve involvement:,A,C,False,C
2518,It has been demonstrated that disease associated with fusospirochetal bacterial complex is?,A,A,True,A
2519,Most common cause of cholestatic jaundice in new born is –,A,B,False,B
2520,Internal pudendal artery supplies?,A,D,False,D
2521,Which among the following will the choice of antibiotic for a bedridden patient with catheter-related UTI and pneumonia.,A,B,False,B
2522,HMG CoA is precursor of all except-,A,D,False,D
2523,Spermiogenesis refers to ?,A,A,True,A
2524,Term pathology refers to:,A,A,True,A
2525,Which of the following adverse effect of ACE inhibitors is not due to bradykinin ?,A,B,False,B
2526,Secondary attack rate of mumps:?,A,C,False,C
2527,Which of the following type of gingival enlargement includes attached gingiva also:,A,A,True,A
2528,Enzyme deficient in Isovaleric acidemia,A,A,True,A
2529,Drug of choice for kala-azar is,A,B,False,B
2530,All are true about trigeminal nerve except?,A,D,False,D
2531,Mycobacterium avium is–,A,B,False,B
2532,A 9 month old child with respiratory rate 53/min and presence of cough is classified as :,A,C,False,C
2533,D.O.C for isospora,A,C,False,C
2534,Warming in Frost frostbite should be done at what temperature:,A,B,False,B
2535,"In PID due to neiserriea gonorrhea, tubal damage is?",A,B,False,B
2536,Orchid colour in salivary reductase test?,A,A,True,A
2537,"A 25 year old alcoholic presented with edema,hypeension, ocular disturbance,and changes in mental state was observed, diagnosis of high output cardiac failure was made with Wet Beri Beri, this is due to deficiency of?",A,D,False,D
2538,What is the degree of freedom in a table of 2 x 2,A,A,True,A
2539,For trench type of sanitary filling the amount of land required for 2 meter deep trench for 10000 population is-,A,B,False,B
2540,All of the following are bacteria if Red complex except:,A,D,False,D
2541,Hea tube is formed in,A,A,True,A
2542,"A 40 year old male with chest trauma presents with breathlessness, decreased respiratory sounds on the right side, hyperresonance on percussion and distended neck veins. The possible diagnosis is",A,A,True,A
2543,Which can be give in hemorrhagic stroke ?,A,C,False,C
2544,Major carbohydrate store in the body -,A,C,False,C
2545,Abnormal proteins which are bound to ubiquitin are degraded in -,A,A,True,A
2546,Cattle track appearence ?,A,B,False,B
2547,Heart muscle contractions are?,A,C,False,C
2548,Which drug can be given as substitute to Cyclosporine in person having drug induced gingival enlargement:,A,A,True,A.
2549,Minimum age required for consent to donate organs as per“Transplantation of human organ act 1994” is?,A,B,False,B
2550,I-pill is used when ?,A,A,True,A
2551,"All of the following are intrinsic muscles of the larynx that lie within the laryngeal cartilage framework except
–",A,D,False,D
2552,Which of the following is seen in sarcoidosis,A,B,False,B
2553,"100 individuals are diagnosed with lung cancer in a population of 100000. Out of 100 patients, 80 were smokers and 20000 were smokers in totals population. What is PAR?",A,B,False,B
2554,Mammalian reservoir for R. prowazekii ?,A,A,True,A
2555,In ETC NADH generates -,A,B,False,B
2556,What is the IQ of a borderline deficiency?,A,B,False,B
2557,Deafness in a case of Paget's disease is due to,A,C,False,C
2558,Treatment of choice for carcinoma rectum 5 cm from anal verge,A,B,False,B
2559,Content of Alcock's canal is ?,A,A,True,A
2560,Oxyntic cells are present in -,A,A,True,A
2561,"Silver cone	used	as a	root canal filling	material is
indicated in",A,A,True,A
2562,Loss of proprioception & fine touch ?,A,C,False,C
2563,All are used for postcoital contraception except-,A,B,False,B
2564,"True regarding Monteggia fracture is:March 2007, March 2013 (a, b, d, f)",A,A,True,A
2565,Enzyme deficient in Type I Hyperlipidemia is ?,A,B,False,B
2566,Punishment for perjury is under which section IPC ?,A,B,False,B
2567,Most cost effective contraceptive is:,A,A,True,A
2568,Chorionic villus biopsy is done earliest in which week of gestation ?,A,A,True,A
2569,Significance of absence of loss of assymmetric tonic neck reflex in 9 months ?,A,C,False,C
2570,"According female sterlization 2014 guidelines, eligibility criteria for female sterilization are all except?",A,D,False,D
2571,Which of the following is the most conservative neck dissection -,A,A,True,A
2572,Osmotic fragility test is commonly used for -,A,A,True,A
2573,Position of clasp arm is dependent upon:,A,C,False,C
2574,Penicillin group of drugs leads to which group of adverse drug reaction?,A,A,True,A
2575,Tamoxifen decreases the risk of which cancer?,A,B,False,B
2576,Volume of distribution depends upon all except ?,A,A,True,A
2577,Duration of erythromycin used in treatment of diphtheria is ?,A,B,False,B
2578,A 17-year-old female presents with a pruritic rash .Seen in ?,A,C,False,C
2579,Epithelium which faces the tooth without being in contact with the tooth surface?,A,C,False,C
2580,"All of the following are coronal to apical approach of root canal preparation, except:",A,A,True,A
2581,Superficial middle cerebral vein drains into -,A,B,False,B
2582,Which of the following type of wax is useful for tropical climate?,A,B,False,B
2583,Which of the following is not derived from the external oblique aponeurosis?,A,A,True,A
2584,Which of the following inhalational anesthetic agent most easily crosses blood brain barrier?,A,D,False,D
2585,Billing’s method of contraception is a:,A,B,False,B
2586,Punishment of perjury comes under IPC section?,A,A,True,A
2587,Boerhaave syndrome is?,A,A,True,A
2588,Enzyme degradation is caused by -,A,A,True,A
2589,"Under RNTCP, DOTS provider gets how much honorarium after completion of treatment ?",A,A,True,A
2590,Neurotransmitter involved in nigrostriatial pathway is?,A,B,False,B
2591,V- Richest source of vitamin B12 ?,A,A,True,A
2592,Black papper adultrant is ?,A,B,False,B
2593,Which type of cells are found in pars nervosa of pituitary gland:,A,D,False,D
2594,Side effects of clonidine are all except ?,A,D,False,D
2595,Prolonged second stage of labour may occur due to,A,A,True,A
2596,"In RDS in a child, which cells are found defective?",A,B,False,B
2597,Bell's palsy is associated with the lesion in which of the nerve?,A,B,False,B
2598,CA Breast may locally spread to all of the following muscles except,A,A,True,A
2599,HCG levels at which Expectant management of Ectopic pregnancy can be done :,A,A,True,A
2600,Two elements with limited solid solubility are known as:,A,A,True,A
2601,Least desmoplastic breast carcinoma is,A,D,False,D
2602,Plunging Ranula is,A,A,True,A
2603,Only polymer which sets by the cationic reaction is :,A,A,True,A.
2604,Vaccine derived polio virus outbreaks are due to ?,A,C,False,C
2605,This logo stands for ?,A,A,True,A
2606,Contributory negligence is negligence due to:NEET 13,A,C,False,C
2607,The latest treatment modality in anti-proliferative group used to prevent neovascularization are:,A,D,False,D
2608,Which of the following type of cells are seen in Meissner and Myenteric plexus in the small intestine?,A,C,False,C
2609,What should not be done during delivery of Rh negative?,A,D,False,D
2610,Crossed eye fixation is positive in -,A,A,True,A
2611,Pseudo P Pulmonale,A,A,True,A
2612,"A known case of diabetes develops annular orange skin lesions, which disappear after biopsy. This phenomenon is known as?",A,A,True,A
2613,In electrocochleography:,A,B,False,B
2614,Lymphotactin is which type of chemokine?,A,A,True,A
2615,Elderly individual living alone in a temperate zone is found dead one morning. The electric heater is found to be damaged. The rigor mois will set in:NEET 14,A,D,False,D
2616,The enzyme involved in initiation of peptide chain synthesis-,A,D,False,D
2617,Which of the following is pure sensory nerve ?,A,A,True,A
2618,"Endoscopic USG criteria for chronic pancreatitis, when echogenic lesion is -",A,C,False,C
2619,"30 years old came with complaints of easy fatigability, exeional dyspnea, and weight loss. She also complains of frequent falls. physical examination revealed there was a bilateral decrease in vibration sense. Her hemoglobin levels were 8.2g%. She was treated with folate. Her anemia improved but neu",A,D,False,D
2620,A pregnant woman in first trimester has four fold rise in IgG against toxoplasmosis. it indicates ?,A,A,True,A
2621,Retrosternal goiter which is true?,A,C,False,C
2622,Complement CI synthesized from -,A,A,True,A
2623,Which type of Bater's syndrome is associated with mutations in batin?,A,A,True,A
2624,"A young sexually active female has intensive pruritus and watery discharge, smear shows ?",A,A,True,A
2625,The surface of the minor connector which contacts the tooth is known as:,A,A,True,A.
2626,Patient having cleft lip and palate. The difficulty in speech is due to:,A,C,False,C
2627,A screening test has sensitivity of 90% and specificity of 99%. The prevalence of disease under investigation is 5 per 1000 population. What is the PPV of the given screening test?,A,C,False,C
2628,Poor prognostic factor for hydatidiform mole is -,A,A,True,A
2629,Step ladder pattern of gas shadow is seen in,A,B,False,B
2630,During hydrodynamic theory movement of fluids in dentinal tubules cause:,A,D,False,D
2631,"Choice of retainer for severely distracted, endodontically treated posterior abutment:",A,A,True,A
2632,"For a negatively skewed data, mean will be:",A,A,True,A
2633,Nicotine responsible for oral cancer is ?,A,C,False,C
2634,"History of Ahritis involving 1st MCP joint, other PIP & DIP joints, spares wrist and ankle. What could be the diagnosis",A,B,False,B
2635,An abdominal mass is best demonstrated in congenital hyperophic pyloric stenosis by:,A,A,True,A
2636,Community fluorosis index of 4 indicates?,A,A,True,A
2637,The sterilization method for the instruments which are damaged by dry heat is:,A,A,True,A.
2638,Total energy stored in a body at the elastic region which represents springiness is known as:,A,A,True,A
2639,Lefort 3 fracture involves:,A,A,True,A
2640,Peripheral chemoreceptors are not sensitive to:,A,D,False,D
2641,Which muscle is antagonist to orbicularis oculi that is not supplied by facial nerve?,A,A,True,A
2642,All of the following muscles retract scapula except:,A,A,True,A
2643,Appliance which is the forerunner of all functional appliances was developed by:,A,A,True,A.
2644,Ideal requirement of pit and fissure sealant is,A,B,False,B
2645,Which of the following hardness test is commonly used for calculating the hardness of gold:,A,A,True,A.
2646,Tube cast is applied for injuries of:,A,D,False,D
2647,All are of value in modified Bishop score except,A,B,False,B
2648,Veical transmission of HIV is highest with-,A,B,False,B
2649,Mallor hyaline bodies are seen in?,A,C,False,C
2650,Which of the following is false about Alzheimer's disease?,A,D,False,D
2651,Which of the following factor does not determine the path of placement and removal of an RPD:,A,A,True,A
2652,Calcitonin secretion is increased in which of the following thyroid malignancies:,A,B,False,B
2653,"Sampling technique in which only a small sample is needed, since each selected case will be examined in more details?",A,C,False,C
2654,Edward’s syndrome is trisomy of which chromosome?,A,D,False,D
2655,Sequestrum is best defined as,A,A,True,A
2656,Most common degeneration of fibroids ?,A,B,False,B
2657,Burst fracture of spine is a type of:,A,C,False,C
2658,Mechanism of action of opioids ?,A,D,False,D
2659,Regime for Human Diploid Cell Vaccine for pre-exposure rabies vaccination is:,A,A,True,A
2660,The variation in data is compared with another data set by:,A,B,False,B
2661,ATPase is which type of pump?,A,B,False,B
2662,"According to U.S. Food and Drug Administration (FDA) Class I, II, and III devices, which class of regulations does a dental implant need to satisfy?",A,C,False,C
2663,Kocher manoeuver is used for,A,A,True,A
2664,3'd pa of duodenum is not related -,A,A,True,A
2665,Parvocellular pathway for vision is concerned with?,A,A,True,A
2666,Ephebodontics is:,A,A,True,A
2667,Which of the following impression technique leads to residual ridge resorption:,A,A,True,A
2668,First line treatment of infeility in PCOS is ?,A,A,True,A
2669,In nutrient agar concentration of agar is -,A,A,True,A
2670,Amsel criteria is for,A,A,True,A
2671,A child with carious teeth need to do restoration. The child is also having the complaint of mouth breathing. Which of the following cement should not be used for restoration?,A,B,False,B
2672,C-peptide seen in?,A,B,False,B
2673,Plateau phase in action potential is seen in cells of:,A,C,False,C
2674,Which of these co-receptors helps in the fusion of HIV to the cell membranes of macrophages?,A,C,False,C
2675,"In the formol-ether method for concentration of stool specimen, the parasites are present in–",A,D,False,D
2676,Fibrinopeptide A and fibrinopeptide B are acidic due to the presence of which amino acids in its structure -,A,B,False,B
2677,Odd pair,A,A,True,A
2678,Which of these drug/s is/are least likely to increase the levels of bradykin in?,A,C,False,C
2679,Which of these is considered as an indicator of malignancy in pheochromocytoma?,A,A,True,A
2680,Source of environmental radiation are all except?,A,B,False,B
2681,Which of the following require/s co-transport with sodium for its/their absorption in the GItract?,A,D,False,D
2682,"When an osteotomy is done some amount of bone is get necrosed, which is:",A,A,True,A
2683,Most common screening test for acute pancreatitis -,A,A,True,A
2684,Shoest phase of sexual cycle?,A,A,True,A
2685,Early and late suspected instrumental perforation of oesophagus should first be assessed using,A,A,True,A
2686,A newborn presents with subconjunctival hemorrhage. The treatment is,A,A,True,A
2687,Bright light treatment has been found to be most effective in treatment of?,A,B,False,B
2688,"A 42-year-old patient with obstructive jaundice. Alp, Ggt, haptoglobin all increased. The most likely cause is:",A,A,True,A
2689,Percentage of total body water to body weight at bih?,A,A,True,A
2690,Lymphedema precox all are true except,A,D,False,D
2691,A population of 50 children is having 10 immunized against chickenpox. 5 children developed chickenpox on march 2017. Other 28 children developed chickenpox within next 2 week what is the SAR of chickenpox?,A,A,True,A
2692,Heparin is secreted by:,A,B,False,B
2693,Phase III in phases of chlorination is?,A,D,False,D
2694,Sabouraud's dextrose agar is used for isolation of -,A,C,False,C
2695,Work sampling ?,A,B,False,B
2696,Chickenpox rash does not involve ?,A,C,False,C
2697,Ring enhancing lesion on CT is a feature of,A,B,False,B
2698,"Following road traffic accident patient suffers polytrauma and is evaluated in the emergency section of the hospital. His pulse rate is 116, respiratory rate is 24, blood pressure of 122/78 mm of Hg and patient is mildly anxious. What is the approximate blood loss patient has following trauma?",A,B,False,B
2699,Ivermectin is the drug of choice for which of the following infections?,A,B,False,B
2700,LH surge is associated with?,A,B,False,B
2701,Graham steel murmur is seen in,A,A,True,A
2702,What will be the degree of freedom in no. of row 3 and col. 4:,A,A,True,A
2703,Isolation period of TB ?,A,C,False,C
2704,Which tooth is erupted by 11-13 years?,A,A,True,A
2705,The isohaemagglutinins (anti-A and anti-B) belong to which of the following categories?,A,B,False,B
2706,The primitive reflex that persists throughout life is,A,A,True,A
2707,Callaural fistula is an abnormality of ?,A,D,False,D
2708,What is the function of IL1?,A,D,False,D
2709,Hemidesmosomes and basal lamina are present in the tooth but in the implants:,A,B,False,B
2710,True about Barrett's esophagus are all of the following except:,A,C,False,C
2711,Which of the following is water-related disease,A,C,False,C
2712,Choroid metastasis is associated most commonly with?,A,B,False,B
2713,Following the criteria for conservative surgery in patients with ovarian carcinoma except ?,A,D,False,D
2714,What is exponential growth ?,A,A,True,A
2715,Diihrssen incision is taken on -,A,B,False,B
2716,Copper content in admixed dispersed phase is:,A,A,True,A
2717,Which drug acts the tyrosine kinase receptor?,A,A,True,A
2718,Core antigen [HBO in HBV is encloded by which gene ?,A,A,True,A
2719,"45 yr old female patient underwent hysterectomy, on 7th post op day complaints about continuous dribbling of urine and fever. Micturition was not voluntary, what diagnosis?",A,A,True,A
2720,Location of gene on chromosome is identified by,A,B,False,B
2721,Polyspermy is inhibited by which ion ?,A,A,True,A
2722,33 yr old female presents with a slow growing bony mass along the distal femur coex in the metaphyseal region with an appreciable gap between the coex and tumor without any coical invasion. What is the usual treatment for the same?,A,A,True,A
2723,"45 yrs female with G5P4A0L4 with LMP 25.8.15, gestational age will be how many weeks on date 11.5.15?",A,A,True,A
2724,Fossa ovalis closes because of fusion of ?,A,C,False,C
2725,Ankle reflex is affected in prolapsed interveebral disc at what level?,A,B,False,B
2726,"If content of A is 15%, what is the amountof G in DNA according to Chargaff’s rule?",A,A,True,A
2727,Impression materials which can be used in two stage or one stage  technique:,A,B,False,B
2728,Median nerve injury above the elbow causes loss of functions of all Except:,A,A,True,A
2729,Primary pathology in CDH,A,B,False,B
2730,Coves are given in:,A,A,True,A
2731,Fatal exsanguinations occurs mostly in,A,A,True,A
2732,What will be the appropriate management for Abdominal aoic aneurysm-,A,B,False,B
2733,Which is true about selective COX-2 inhibitors compared with non-selective NSAIDs?,A,D,False,D
2734,Which metabolic derangement is seen in pregnancy?,A,A,True,A
2735,Radiographic appearance of Hypophosphatasia:,A,A,True,A
2736,False about treatment of cataract in children is,A,B,False,B
2737,Chylomicron remnants are associated with ?,A,C,False,C
2738,Vitamin B6 is used in treatment of -,A,A,True,A
2739,"All of the following stimulate GH release, except-",A,D,False,D
2740,"If the width of  premolars  is greater than the width  between the canine fossa, then arch expansion is:",A,B,False,B
2741,Not a feature of postmoem staining -,A,B,False,B
2742,How many doses of monovalent meningococcal 'C' vaccine is given in Infants ?,A,A,True,A
2743,True about carcinoma of male breast is,A,D,False,D
2744,Painless genital ulcer in male with eveed margin is seen in ?,A,A,True,A
2745,Dexamethasone used in which extrapulmonary tuberculosis?,A,A,True,A
2746,Metabolic syndrome diagnosis in men based on NCEP ATP III criteria includes the following except,A,B,False,B
2747,Most impoant diagnostic feature of congenital hyperophic pyloric stenosis,A,B,False,B
2748,Maximum diameter that passed through maternal pelvis ?,A,B,False,B
2749,Most common cause of cranial irradiation in children is,A,B,False,B
2750,Solitary lytic lesions seen in,A,B,False,B
2751,Least diameter of inlet of gynecoid pelvis is?,A,D,False,D
2752,Weheim's hysterectomy is done for ?,A,B,False,B
2753,Methysergide not used now-a-days as drug of choice for migraine prophylaxis because of risk of?,A,C,False,C
2754,Blood supply to the brain during moderate exercise:,A,B,False,B
2755,"A child visits a doctor and experiences pain. So in subsequent visits, he ascribes pain to the sign of a white coat. This model of fear is described best as:",A,D,False,D
2756,Damage to pnemotaxic center along with vagus nerve causes which type of respiration?,A,A,True,A
2757,Chimeric chemotherapy is being investigated for the treatment of which malignancy ?,A,A,True,A
2758,"In neglected cases of CTEV, joint fused are",A,A,True,A
2759,Syndrome associated with posterior inferior cerebellar aery thrombosis:,A,A,True,A
2760,Paial acid fast organism is,A,C,False,C
2761,Following are the features of neuropathy associated with varicella-zoster infection except,A,A,True,A
2762,Minimum contact period required during Chlorination?,A,A,True,A
2763,Not included in Bradford Hill's criteria ?,A,B,False,B
2764,"Coloboma, most common site ?",A,B,False,B
2765,Spinal segmental aery is a branch of ?,A,D,False,D
2766,Oximes are ineffective in which of the following poisoning :?,A,A,True,A
2767,"A 65 old male with a history of hypeension and diabetes, presents to the OPD with complaints of diplopia and squint. On examination, the secondary detion is more than the primary detion. Which of the following is most likely diagnosis",A,B,False,B
2768,Subgingival Doxycycline comes under the trade name:,A,B,False,B
2769,"45 day old infant presents with seizures. Examination reveals he is icteric, having bulging fontanelles and opisthotonic posture. Treatment is all except",A,B,False,B
2770,Benefit of screening is ?,A,A,True,A
2771,In a study a patient does not know the nature of drug he is taking. The researcher knows the drug type to be given to the individuals in study. Types of blinding in this study is ?,A,B,False,B
2772,"Burning sensation in anterior palate of a patient wearing 
new complete denture may be due to",A,C,False,C
2773,"Propofol l, once opened, should be used within?",A,B,False,B
2774,The color of gingiva becomes red when?,A,A,True,A
2775,Most impoant presenting feature of periampullary carcinoma is -,A,A,True,A
2776,"When disease enters and first symptom
appears is known as:",A,B,False,B
2777,CBFA-1 gene anomaly is seen in:,A,A,True,A
2778,Maximum fat absorption in GI tract occurs in?,A,B,False,B
2779,Implants are made up of:,A,B,False,B
2780,Snapping knee syndrome is due to involvement of -,A,B,False,B
2781,Radiological features of coarctation of aoa is/ are -,A,D,False,D
2782,Diagnostic criteria for primary abdominal pregnancy is ?,A,A,True,A
2783,Venalafaxine is an FDA approved drug for the treatment of ?,A,A,True,A
2784,Depot preparations are administered by ?,A,C,False,C
2785,Which among the following cement has the highest compressive strength?,A,B,False,B
2786,Quorum sensing can be defined as:,A,B,False,B
2787,Diabetic cataract is due to accumulation of:March 2009,A,D,False,D
2788,Side effects of isoniazid areall Except:,A,D,False,D
2789,Chargaff's rule states that ?,A,A,True,A
2790,Lowest concentration of HIV is found in:,A,B,False,B
2791,Prevalence of breech presentation at full term is ?,A,D,False,D
2792,Treatment of contaminated wound of leg,A,A,True,A
2793,Digitalis is used in mitral stenosis when patient develops,A,A,True,A
2794,Unilateral Cleft Lip and Palate (UCLP) is repaired at:,A,B,False,B
2795,A patient delivered at home with a complete perineal tear came to the hospital after 2 weeks. What management will you prefer?,A,B,False,B
2796,Cornybacterium diphtheria is also called as?,A,A,True,A
2797,Use of metoclopramide beyond weeks increases the chances of tardive dyskinesia ?,A,B,False,B
2798,A child is suffering from recurrent chronic infections with encapsulated bacteria is due to deficiency of subclass .,A,B,False,B
2799,What should be the torque in order to have good stability:,A,B,False,B
2800,Blood transfusion reaction occurs due to:,A,D,False,D
2801,MRI sequence used to assess soft tissue pathology in:,A,B,False,B
2802,All of the following muscles are anatomically related to the Eustachian tube except–,A,D,False,D
2803,Cyclical trend is due to?,A,A,True,A
2804,Lockingoftheknee involves -,A,C,False,C
2805,During state of arousal in men relaxation of smooth muscle in corpus cavernosum is mainly caused by,A,B,False,B
2806,Ankle brachial pressure index is,A,A,True,A
2807,A side effect of loop diuretics is used in ?,A,A,True,A
2808,Agent which are primarily responsible for pain in dry socket:,A,A,True,A
2809,Causes of hypokalemic metabolic alkalosis with hypeension,A,A,True,A
2810,MC orbital tumor ?,A,A,True,A
2811,Term “Dementia precox” was coined by?,A,C,False,C
2812,The sprue in wax pattern should be placed:,A,A,True,A
2813,Pseudomembrane can be seen in:,A,A,True,A
2814,"Second degree consanguineous marriage, baby with diarrhoea, perianal diaper area redness -",A,D,False,D
2815,Best treatment option for septate uterus-,A,D,False,D
2816,"In a screening test for DM out of 1000 population, 90 were positive. Then the gold standard test was done in which 100 were positive. Calculate the sensitivity?",A,A,True,A
2817,Gestational sac in USG appears at what intrauterine age?,A,C,False,C
2818,"Which among the following results in a combination of elastic and plastic strain, but recovery of only elastic strain occurs as the stress is decreased?",A,B,False,B
2819,Which antipsychotic has partial agonist action of both D2 and 5HT1A?,A,D,False,D
2820,Closure of patent ductus aeriosus is stimulated by?,A,A,True,A
2821,Antimuscarinic drug used in overactive bladder -,A,B,False,B
2822,What will happen if MTA is mixed for more than 4 minutes?,A,A,True,A
2823,Sewer swabs are taken to detect,A,B,False,B
2824,Enzymes that move a molecular group from one molecule to another are known as -,A,C,False,C
2825,Which of the following is false about undescended testis ?,A,C,False,C
2826,Technitium-99m peechnetate labelled methylene diphosphonate is structurally similar to,A,A,True,A
2827,"Drug classes that have been evaluated as host modulation agents, includes all except?",A,C,False,C
2828,Which one of the following children with diarrhea requires antibiotics?,A,A,True,A
2829,Beveling of skull is seen in -,A,A,True,A
2830,Citrate synthase is inhibited by -,A,A,True,A
2831,Cylindrical helminths are -,A,C,False,C
2832,Number of ATP produced by RBC when Glycolysis occurs through Rapopo Leubering pathway-,A,B,False,B
2833,Increase in the thickness of the prickle cell layer of the epidermis is called?,A,B,False,B
2834,Pea soup diarrhea is seen in -,A,B,False,B
2835,All is true about skull fracture except,A,B,False,B
2836,The half-life of normally circulating monocytes in the circulation is–,A,B,False,B
2837,N-acetyl cysteine reduces the severity of hepatic necrosis in toxicity due to?,A,B,False,B
2838,Which of the following is not a primary stress-bearing area in the maxilla:,A,A,True,A
2839,Which is not a pa of basic essential obstetric care?,A,A,True,A
2840,Most common malignancy of fallopian tube,A,B,False,B
2841,UV rays examination is done for -,A,A,True,A
2842,Transpo through pores in cell members is ?,A,C,False,C
2843,Lines of Zahn are seen in -,A,D,False,D
2844,Category 4 biomedical waste include ?,A,A,True,A
2845,Which of these is increased in Iron deficiency anemia:,A,D,False,D
2846,Transverse lie is caused by all except ?,A,D,False,D
2847,Floor of nasal cavity in children is made of -,A,D,False,D
2848,Most impoant factor in transpo across a membrane?,A,D,False,D
2849,Use of HAA is associated with hepatotoxicity approximately what percentage of patients?,A,A,True,A
2850,Which is not true of chylomicrons ?,A,B,False,B
2851,Auer rods are seen in which subtype of AML?,A,C,False,C
2852,McCall's festoon results from:,A,A,True,A
2853,Massive hepatic necrosis can be caused by which of the following poisons?,A,D,False,D
2854,Rota-teq oral vaccine for rotavirus contains ?,A,B,False,B
2855,Pyridoxine is required in -,A,B,False,B
2856,The transfer of DNA from one bacterium to another through the agency of a bacteriophage is–,A,B,False,B
2857,Progressive dysphagia is seen in all except,A,D,False,D
2858,Thissign is seen in ?,A,C,False,C
2859,Landmark for pudendal nerve block is ?,A,A,True,A
2860,"In class II cavity preparation, the axial depth of gingival floor should be minimum:",A,B,False,B
2861,Lundstorm segmented arch analysis used to measure?,A,D,False,D
2862,Abatacept binds to on T cell surface,A,D,False,D
2863,Muscles affected in De quervain tenosynovitis -,A,A,True,A
2864,The lowest temperature at which all components of an alloy can be in a liquid state is known as:,A,A,True,A
2865,Klein levin syndrome ?,A,D,False,D
2866,Oil paint appearance on nutrient agar is seen in -,A,B,False,B
2867,Punched out ulcer is seen in:,A,C,False,C
2868,Best diagnosis for ectopic gastric mucosa of Mecke’s diverticulum by:,A,A,True,A
2869,Which of the following is not stored in cell,A,D,False,D
2870,Carey’s analysis is performed in:,A,A,True,A
2871,what is the histological difference between them in Ulcerative colitis & Crohn's disease?,A,C,False,C
2872,Glasgow coma scale motor 4 represents?,A,A,True,A
2873,All are androgens except ?,A,D,False,D
2874,Mid-day meal should supply:,A,B,False,B
2875,Which of the following is vasicoselective drug?,A,A,True,A
2876,Characteristics of myxedema are all except,A,D,False,D
2877,Bacteria transferred from mother to infant:,A,A,True,A
2878,Triage system used for,A,C,False,C
2879,Following are the clinical signs of widened pulse pressure seen in patients of aoic regurgitation except,A,A,True,A
2880,Recommendations for inmate ship of Borstal homes are?,A,A,True,A
2881,Fomepizole is used in which poisoning?,A,A,True,A
2882,Regular insectisidal spray is done when API is ?,A,A,True,A
2883,Which of these is a specific antagonist of α2 receptors?,A,D,False,D
2884,Bonney's test is used determine ?,A,B,False,B
2885,Which of the following cause increase in pulmonary aerial pressure?,A,B,False,B
2886,Smooth muscle physiology different from skeletal muscle,A,B,False,B
2887,Lesion with bone loss and apical epithelial migration from the CEJ is clinically called as:,A,C,False,C
2888,"A 65-year-old male presents with bradykinesia, tremors at rest, and muscular rigidityand  mask-like face. 
The intracytoplasmic eosinophilic inclusions most likely be found in?",A,D,False,D
2889,Galactosemia is due to deficiency of which enzymes,A,A,True,A
2890,Insensible water loss per day is ?,A,B,False,B
2891,Idoxuridine is used for treatment of ?,A,C,False,C
2892,"A Child is born, covered with a thick membranous coat, what could be the possible diagnosis?",A,A,True,A
2893,Which of the following is monoenoic acid ?,A,C,False,C
2894,Which type of healing occurs in an incisional wound with infection?,A,B,False,B
2895,Cusp of Carabelli is a feature of which of these teeth:,A,A,True,A
2896,Force applied at the center of resistance of tooth will cause what type of tooth movement?,A,A,True,A
2897,Which of the following components of flux helps in removal of passivating layer:,A,A,True,A
2898,Tumours involving epiphysis of long bone is:,A,B,False,B
2899,MAC of desflurane is ?,A,A,True,A
2900,The principal cell type of gingival epithelium is?,A,A,True,A
2901,At what level does the trachea bifurcates ?,A,A,True,A
2902,Von Rosen's view is for,A,A,True,A
2903,Acute suppurative otits media in children is most commonly caused by ?,A,C,False,C
2904,"In a class I cavity for amalgam, the mesial and distal walls show slight divergence towards the occlusal surface. This is done to:",A,A,True,A
2905,Which of the following is true about coeliac plexus block?,A,D,False,D
2906,Structural durability in FPD can be achieved by:,A,D,False,D
2907,Corpora arenacea is seen in ?,A,B,False,B
2908,Inferior parathyroid develops from which arch ?,A,B,False,B
2909,Maximum cycloplegic action of atropine is seen at ?,A,B,False,B
2910,Most common site for atopic dermatitis -,A,B,False,B
2911,Which of the following is not a rapid and short acting insulin?,A,C,False,C
2912,Downward and outward moment of eye is effected in injury of?,A,D,False,D
2913,True about Anganwadi worker is all except ?,A,A,True,A
2914,1st sign of anterior uveitis ?,A,B,False,B
2915,Vasoconstriction in skin ?,A,A,True,A
2916,The fetal circulation changes to normal circulation at bih with,A,A,True,A
2917,Complement deficiency has not been implicated in causing ?,A,B,False,B
2918,"If several patterns are invested in the same ring, minimum distance between them should be:",A,B,False,B
2919,Which drug decreases the bone resorption in osteoporosis?,A,B,False,B
2920,A drug with high plasma binding protein propey has which of the following propeies?,A,A,True,A
2921,Niacin acts as coenzyme -,A,D,False,D
2922,Somatomedin - C deficiency causes?,A,C,False,C
2923,"Premature exfoliation term applies to the deciduous teeth, when it shed before:",A,A,True,A
2924,Greenspan lesion is:,A,A,True,A
2925,Pearl necklace appearance is characteristic of ?,A,B,False,B
2926,Sudden painless loss of vision- All are causes except?,A,A,True,A
2927,'Secrete of national health lies in the homes of people' statement by ?,A,C,False,C
2928,Mercury is properly mixed is suggested by:,A,A,True,A
2929,Erythromycin is used in the treatment of which GIT disorder?,A,B,False,B
2930,"Kernahen's striped 'Y' classification, Main reference point is -",A,B,False,B
2931,MRP 2 associated with which of the following?,A,B,False,B
2932,Least likely to cause dysmenorrhea -,A,A,True,A
2933,Which of the following will be seen on cardiac biopsy of a patient who had a post MI reperfusion injury?,A,B,False,B
2934,Acute myocarditis schintigraphy is done with -,A,B,False,B
2935,Two standard deviations include what percentage of the values of distribution on either side?,A,A,True,A
2936,"The mean B.P.  of  a  group  of  persons was  determined and  after  an  interventional  trial, the mean BP was  estimated again. The best test to be applied to determine the significance of intervention  is:",A,B,False,B
2937,Endometriosis is ?,A,B,False,B
2938,Clomiphene citrate is used for ?,A,A,True,A
2939,RPI system consists of:,A,A,True,A
2940,Constituent of bioactive glass:,A,C,False,C
2941,What is p24 ?,A,B,False,B
2942,All are the prognostic factors of Boer-meisel system except -,A,A,True,A
2943,HLA marker associated with diabetes mellitus type 1 is -,A,D,False,D
2944,Maximum frequency of Basal electrical Rhythm is formed in __________,A,A,True,A
2945,Which cant be given by Epidural anaesthesia ?,A,A,True,A
2946,Antiflux agents:,A,A,True,A
2947,Osteosclerosis is a feature of which of the followinga -,A,C,False,C
2948,A beta thalassemia patient was given 125 packets of packed RBCs. Which additional drug should be given to this patient,A,C,False,C
2949,Soret band in which porphyrins absorb light lie at what wavelength of the spectrum of light?,A,B,False,B
2950,Most of ectopic pregnancies are at ampulla as?,A,A,True,A
2951,Which investment shows high contraction due to loss of water and alcohol?,A,D,False,D
2952,60 year woman comes with 3rd degree uterine prolapse. What will be the management?,A,A,True,A
2953,Most lethal combination is,A,A,True,A
2954,A child aged 7 years has how many teeth,A,C,False,C
2955,False regarding antigenic drift is?,A,D,False,D
2956,Which of the following is not true about the development of thyroid tumors in nodular goiter?,A,B,False,B
2957,Anovulatory DUB is due to ?,A,A,True,A
2958,Glucose transpoer affected in diabetes mellitus?,A,C,False,C
2959,Tensor of vocal cord is?,A,B,False,B
2960,"A 54-year man with 5-day history of productive cough of green sputum, fever and feeling malaise . Bronchial breathing in the left lower zone seen . What is the most likely causative organism?",A,D,False,D
2961,which of the following doesnot belong to the family of selectin?,A,C,False,C
2962,Which of the following is the predisposing factor for ethmoidal carcinoma,A,A,True,A
2963,Compensating mechanism involved in acclimatization to altitude is:,A,A,True,A
2964,Which nerve is tested for adequacy of anaesthesia -,A,B,False,B
2965,Type of cementum found in resorption lacunae and is formed by cementoblasts:,A,A,True,A
2966,Name the probe shown in the color plate:,A,B,False,B
2967,Pharmacogenetics is important in metabolism of,A,B,False,B
2968,The type of emphysema that is most commonly associated with α-1 antitrypsin deficiency is–,A,C,False,C
2969,Which of the following is not seen in finger prints ?,A,D,False,D
2970,Normal time taken for scar formation after injury is?,A,C,False,C
2971,This condition is caused by all except:,A,A,True,A
2972,Father transmits the disease to all his daughters. Type of inheritance is:,A,D,False,D
2973,Which of the following reduces gastric secretions?,A,A,True,A
2974,If accident injection of LA with adrenaline goes in to the blood vessel what will happen:,A,D,False,D
2975,Sharply angulated ribs with or without nodules/beading with backward position of sternum is known as:,A,A,True,A
2976,Which of the following suture has max tensile strength and minimum tissue reaction,A,B,False,B
2977,MC site of implantation is ?,A,A,True,A
2978,Not a cause of oligohydramnios -,A,A,True,A
2979,Best study technique to study the occurence of rare adverse effects of drug ?,A,A,True,A
2980,Most common syndrome associated with A-V canal defect -,A,A,True,A
2981,"A 25 year old man presents with recurrent episodes of flexural eczema, recurrent skin infections and abdominal cramps and diarrhea upon taking sea foods. He is suffering from?",A,B,False,B
2982,CrPC 26 ?,A,A,True,A
2983,Ideal crown-root ratio for FPD preparation should be:,A,B,False,B
2984,Action Potential in cardiac muscles has how many phases?,A,C,False,C
2985,Bhopal gas tragedy is an example of ?,A,A,True,A
2986,Woronoff's ring is a feature of?,A,C,False,C
2987,Implantation occurs on which menstrual cycle day ?,A,A,True,A
2988,"If chronological age > skeletal age with normal growth velocity, then the final height that is expected to be achieved is",A,A,True,A
2989,ABPI increases aificially in,A,A,True,A
2990,Drugs used for H. Pylori are all except?,A,C,False,C
2991,How much amount of cortical bone should be lost so that cancellous bone is visible on radiograph:,A,C,False,C
2992,For Asian population B.M.I. true is ?,A,A,True,A
2993,"If the volume of distribution of a drug is <5L, then the drug is restricted to which of the following body compartments?",A,A,True,A
2994,SA-14-14-2 ?,A,C,False,C
2995,In herpes encephalitis A/E,A,D,False,D
2996,"What is the order of disorientation, which a person goes through after an event of trauma to head?",A,A,True,A
2997,PQLI is,A,C,False,C
2998,High pull headgear derives support from which region:,A,A,True,A
2999,Left handed helix is seen in -,A,A,True,A
3000,All of the following have individuals as unit of study except:,A,A,True,A
3001,Peroxidase enzyme found in neutrophills is used for -,A,C,False,C
3002,All are cholinergic actions except?,A,B,False,B
3003,A 50-year-old man presents with paresthesia. HB-6.8g/dl. Peripheral smear shows macrocytosis and neutrophils with hypersegmented nuclei.endoscopy reveals atrophic gastritis. a most probable diagnosis is,A,B,False,B
3004,What is the next step in investigating a 45 yrs old female with post coital bleeding and visible cervical mass on speculum examination ?,A,C,False,C
3005,Benedict's test is used for:,A,A,True,A
3006,Chimeric DNA true are all except ?,A,B,False,B
3007,Li-fraumani syndrome occurs due to mutation in gene?,A,B,False,B
3008,Ossicle M/C involved in CSOM:,A,A,True,A
3009,"Statement 1: Primary teeth replantation is contraindicated even in the most ideal conditions. 
 Statement 2:  This is because of the poorer prognosis and the additional risk of further injury to the succedaneous tooth.",A,A,True,A
3010,Calciphylaxis is a severe life threatening condition which occurs is,A,D,False,D
3011,HIAA in urine present in?,A,C,False,C
3012,Which of the following is not seen in Pituitary apoplexy,A,C,False,C
3013,Hollow round bevel is basically:,A,A,True,A
3014,Acute fatty liver commonly seen in pregnancy at-,A,A,True,A
3015,"Child with 10 episodes of diarrhea in last 24 hours with sunken dry eyes, very slow skin pinch, and absent tears. Management is",A,D,False,D
3016,"4 month amenorrhoea with increased FSH, LH & decreased estrogen in a 35 yrs old?",A,A,True,A
3017,Example of Supravital stain:,A,C,False,C
3018,Most common malignant tumour of eyelid is ?,A,B,False,B
3019,Cerebral blood flow is increased by ?,A,B,False,B
3020,5DHT is necessary for development of which of the following?,A,A,True,A
3021,Treatment for impetigo includes all except?,A,D,False,D
3022,Insulin like growth factor is secreted by:,A,A,True,A
3023,"Child with polytrauma came to casualty, dose of packed cell",A,A,True,A
3024,Inheritance associated with fragile X-syndrome is-,A,D,False,D
3025,Drug of choice in a patient with renal disorder and Vancomycin resistant MRSA:,A,A,True,A
3026,Phlegmonous gastritis occurs due to?,A,A,True,A
3027,All are true about constriction ring except ?,A,B,False,B
3028,Out of 100 women who were offered ocp for contraception 10 women got pregnant when followed for 24 months. What is Pearl's index?,A,A,True,A
3029,"In healthy person, aerial baroreceptor activity is seen at what stag of cardiac systole ?",A,B,False,B
3030,A suit for negligence against a doctor must be filed within what time period?,A,C,False,C
3031,Most common thyroid tumor in children is?,A,A,True,A
3032,Hea sound occuring just before closure of AV?,A,A,True,A
3033,Richner-Hanha syndrome is,A,B,False,B
3034,What is not seen on chest X-ray in pulmonary aery hypeension,A,D,False,D
3035,According to  Pindborg lesion extends to the marginal gingiva is:,A,C,False,C
3036,What can be the cause of warpage of wax pattern:,A,B,False,B
3037,Subject bias + Investigator bias can be reduced by?,A,A,True,A
3038,All are about adiponectin except ?,A,D,False,D
3039,Paial and full closure done in,A,B,False,B
3040,Which of the following is a constitutive enzyme?,A,D,False,D
3041,Ubiquitin Proteasome pathway is used for degradation of ?,A,B,False,B
3042,Varicella zoster virus infection is more likely to occur in which of the following month?,A,A,True,A
3043,Fatty acid metabolism gives ?,A,C,False,C
3044,Gestational diabetes mellitus ?,A,A,True,A
3045,Deoxygenated blood is not seen in ?,A,A,True,A
3046,Caldwell Luc Surgery has its approach to the maxillary antrum through ?,A,A,True,A
3047,Malodorous vaginal discharge is due to,A,A,True,A
3048,Vapiprost is a ?,A,C,False,C
3049,% of women delivering on their EDD is ?,A,B,False,B
3050,"During luting with zinc phosphate cement, it must be discarded if string exceeds",A,A,True,A
3051,Daly requirment of vitamin K ?,A,B,False,B
3052,Haptens are immunogenic when they covalently bind to -,A,C,False,C
3053,Diffusion related to 02 transpo across respiratory membrane is an example of?,A,A,True,A
3054,Which of the following is a lipotropic factor : ?,A,C,False,C
3055,Single base pair substitution is related to?,A,A,True,A
3056,Alkali causes ?,A,C,False,C
3057,Ataxia telangiectasia is caused by a defect of ?,A,A,True,A
3058,Not True about Prinzmetal's angina:,A,B,False,B
3059,Most common complication of Meckel's Diveiculum lit children,A,C,False,C
3060,After kidney transplantation which organisms infection is more likely to happens -,A,A,True,A
3061,Investigation of choice in post-menopausal bleeding is?,A,A,True,A
3062,WHO normal Hb value for a non pregnant adult female is ?,A,C,False,C
3063,Incidence can be calculated in:,A,B,False,B
3064,Hyperkalemia aciduria is seen in,A,A,True,A
3065,Loeffler’s serum slope is a – (m =medium),A,B,False,B
3066,Sweating is mediated by ?,A,C,False,C
3067,Bleeding on probing starts from which satge of gingivitis:,A,B,False,B
3068,"Hennebert’s sign is a false positive fistula test when there is no evidence of middle ear disease causing fistula of horizontal semicircular canal, it is seen in?",A,A,True,A
3069,What is the composition of fillers in composite resin?,A,A,True,A
3070,All of the following are removed in veical hemilaryngectomy except?,A,A,True,A
3071,Function of chloride shift in RBCs?,A,C,False,C
3072,Cephalo-caudal gradient of growth simply means that there is an axis of increased growth extending from:,A,A,True,A
3073,"Nimodipine, is used in:",A,A,True,A
3074,Anemometer measures ?,A,B,False,B
3075,Which of the following is not a derivative of foregut?,A,A,True,A
3076,True about imaging spectrometry is ?,A,A,True,A
3077,True about Hypothesis?,A,D,False,D
3078,High volume of distribution depends on ?,A,B,False,B
3079,Which of the following type of alloy will have the least creep value?,A,A,True,A
3080,Head & face burn in infant is,A,C,False,C
3081,'Burn out phenomena' can be seen in,A,C,False,C
3082,True about prevalence & incidence is:,A,C,False,C
3083,Grafts taken from a donor of another species known as?,A,C,False,C
3084,Which of the following bacteria predominates in puberty gingivitis:,A,A,True,A
3085,Nucleus fasciculatus is seen in ?,A,A,True,A
3086,Weakest bond is ?,A,B,False,B
3087,Which is not seen in Cushing's syndrome:,A,B,False,B
3088,Ideal desk recommended for a school child is –,A,A,True,A
3089,Culture media used for E.coli 0157:H7 is,A,A,True,A
3090,Organically modified ceramics also known as?,A,C,False,C
3091,Elaborate CADIA:,A,A,True,A
3092,A 40 years old male patient presents with multiple erythematous annular lesions with peripheral scales arranged predominantly on trunk. Treatment of choice is?,A,A,True,A
3093,Gracey  curettes  also  differ  from  universal  curettes  in that  the blade is,A,B,False,B
3094,"Association is best implicated by:,",A,A,True,A
3095,Stereocilia are found in?,A,A,True,A
3096,"In deciduous molar teeth, the pulpal floor usually is:",A,C,False,C
3097,Metastasis not found in,A,D,False,D
3098,Chronic inflammation is characterised by:,A,A,True,A
3099,Bone adjacent to pdl that contains a great number of Sharpey's fibers known as?,A,A,True,A
3100,In one-stage full-mouth disinfection scaling is done 2 times in a period of:,A,A,True,A.
3101,The sign of reversible injury in a case of alcoholic liver disease -,A,C,False,C
3102,Monoclonal antibody binds to ?,A,A,True,A
3103,"If gypsum product mixing is faster or rapid & for longer time within practical limits, the setting time will be?",A,A,True,A
3104,"15 year old patient undergoing orthodontic treatment, due to poor oral hygiene there is demineralization of enamel, this is explained by:",A,A,True,A
3105,Which amino acid found in proteins is also a component of the urea cycle and is a precursor of nitricoxide?,A,A,True,A
3106,Apnea-hypopnea index is used for?,A,D,False,D
3107,In Bater syndrome defect is seen in:,A,C,False,C
3108,Danazol acts through :?,A,C,False,C
3109,Feed forward inhibition synapse seen in,A,A,True,A
3110,Macrocytosis of RBC’S seen in?,A,D,False,D
3111,Myelin synthesis in CNS is carried out by–,A,D,False,D
3112,The term 'Cementopathia' to aggressive periodontitis was given by:,A,A,True,A
3113,Aldehyde dehydrogenase requires NAD as ?,A,C,False,C
3114,Pickling agent used in gold alloys:,A,B,False,B
3115,Oxygen consumption increases in pregnancy by,A,B,False,B
3116,Periodontitis in the furcation area is known as,A,A,True,A
3117,Residual Ridge Resorption is directly proportional to:,A,D,False,D
3118,"About standard normal curve, all are true, except:",A,A,True,A
3119,Hemodynamically unstable patient with SVT,A,C,False,C
3120,First symptom of leprosy,A,A,True,A
3121,The sulcular epithelium which lines the gingival connective tissue is?,A,A,True,A
3122,All of the following cause a shift in the oxygen dissociation curve to the left except–,A,B,False,B
3123,Which of the following statements regarding mature cytoplasmic messenger RNA is true ?,A,A,True,A
3124,Rise in hemoglobin levels after one unit of whole blood transfusion is – in gm%?,A,B,False,B
3125,Not a Post transcriptional modification:,A,D,False,D
3126,Streptococcus bovis infection is associated with -,A,C,False,C
3127,Subclan steal syndrome is,A,A,True,A
3128,Caput succedaneum indicates that fetus was alive till ?,A,A,True,A
3129,Which of the following cement is least soluble in the mouth?,A,B,False,B
3130,Which of the following is not apremalignant condition of skin?,A,A,True,A
3131,Cobra head plate is used for,A,A,True,A
3132,"In a child, diagnosis of tongue thrusting is made by",A,B,False,B
3133,"Man gunshot wound in thorax chest tube 1900 ml blood, 200 ml of blood lost per hr. next step",A,B,False,B
3134,Which of the following durg directly inhibits leukotriene receptors?,A,A,True,A
3135,Most common organ injured in penetrating injury of the abdomen:,A,A,True,A
3136,Not a characteristic of white infarct:,A,D,False,D
3137,What is the rate of CSF formation in children?,A,A,True,A
3138,Most common tnre of renal carcinoma is -,A,A,True,A
3139,Dose of dexamethasone for fetal lung maturity is -,A,A,True,A
3140,The best preservative for preserving viscera for toxicological analysis is–,A,A,True,A
3141,"Buerger,s disease involves ?",A,D,False,D
3142,Disease occurs in cycles over short period of time:,A,B,False,B
3143,Which of the following structure is not derived from Reichert's cartilage?,A,A,True,A
3144,A young woman had a repeat lower segment caesarean section at term. On the sixth postoperative day her clothes were soaked by serosanguineous discharge from the abdominal wound. The most likely diagnosis is:,A,D,False,D
3145,Transplantation between identical twins-,A,A,True,A
3146,Composition of soda lime is:NaOH - Ca (OH)2 - KOH - Moisture,A,B,False,B
3147,Which of the following infection resembles erythroblastosis?,A,B,False,B
3148,Maximum transmission of rubella occurs in?,A,A,True,A
3149,Intrinsic laryngeal muscles are derived from which branchial arch?,A,B,False,B
3150,Oculogyric crisis is known to be produced by all of the following drugs except,A,A,True,A
3151,Gas gangrene skin colour changes to,A,B,False,B
3152,Most characteristic cardiovascular defect seen in Rubella-,A,A,True,A
3153,Antidote for nicotine poisoning is?,A,D,False,D
3154,Norwegian system is also known as:,A,D,False,D
3155,Which of the following stones are common with infection ?,A,A,True,A
3156,Umbilical vein carries?,A,A,True,A
3157,28 years old female on oral contraceptives was given tetracycline for treatment of  chronic periodontitis by a dentist. After 2 months she became pregnant. What is the  reason of contraceptive failure:,A,C,False,C
3158,The mutation that leads to sickle cell anaemia is an example of–,A,B,False,B
3159,Most common presenting symptom of TB endometritis is -,A,A,True,A
3160,Following are the ultrasound doppler parameters used in the diagnosis of intrauterine growth restriction except?,A,D,False,D
3161,Most common known causes of congenital anamolies in humans are,A,A,True,A
3162,"In a study, variation in cholesterol was seen before and after giving a drug. The test which would give its significance is :",A,C,False,C
3163,What is not done in case of puncture wound of left colon,A,B,False,B
3164,Water travelling from extracellular to intracellular is by?,A,B,False,B
3165,What is the composition of supragingival calculus:,A,B,False,B
3166,Visceral swallowing is also known as:,A,D,False,D
3167,Cellulose is biochemically -,A,A,True,A
3168,Beta-alanine is derived from ?,A,A,True,A
3169,Filgrastrim is used for:,A,A,True,A
3170,Which plaque important in the tissue destruction that characterizes different forms of periodontics?,A,C,False,C
3171,Specific plaque hypothesis was given by:,A,D,False,D
3172,"A 27-year primigravida presents with PIH with BP of 150/100 mm of Hg at 32 weeks of gestation.If there are no complications, the pregnancy should be best terminated at:",A,D,False,D
3173,Piezoelectric crystal most widely used in ultrasonography probes is -,A,D,False,D
3174,Hypotension following spinal anesthesia can be best prevented by?,A,C,False,C
3175,Most common site for intramuscular injection in case of adults:,A,A,True,A
3176,Nitric oxide acts by increasing ?,A,D,False,D
3177,Which of the following about hormone levels in a malnourished child is true?,A,B,False,B
3178,Radical nephrectomy involves resection of the following except -,A,A,True,A
3179,Which of the following is a traction epiphysis ?,A,D,False,D
3180,Indole ring is present in ?,A,A,True,A
3181,All of the following are true about the liver except ?,A,D,False,D
3182,Which of the following is the commonest type of injury in the orofacial region?,A,A,True,A
3183,Papaver semniferum milk exudes from ?,A,D,False,D
3184,Agents that block the differentiation or activity of osteoclasts are all except?,A,D,False,D
3185,Hawthorne effect is seen in?,A,A,True,A
3186,Bacteria those are free-floating in saliva and GCF are known as:,A,A,True,A
3187,Features of Refsum disease are all except -,A,D,False,D
3188,Gum tumor with 5 cm in dimension and contralateral lymph node enlargement of 2 cm. There is no distant metasis. The stage of tumor :,A,B,False,B
3189,Dose of epinephrine given for anaphylaxis:,A,A,True,A
3190,Which of the following is true about model analysis?,A,D,False,D
3191,Ethmoidal infundibulum lies between ?,A,A,True,A
3192,"According to House classification of patients, a patient who accepts the judgement of the dentist without question is:",A,A,True,A.
3193,Mosaic appearance is seen in?,A,D,False,D
3194,Myelodysplastic syndrome is common in which age group,A,D,False,D
3195,All are features of difficult airway except ?,A,A,True,A
3196,A 9 months old infant has itchy papules on face and papulovesicular lesions on palms and soles and also on trunk. The most likely diagnosis would be?,A,B,False,B
3197,Bottle feeding should be stopped in a child by the age of:,A,A,True,A
3198,Best way to look at endometrial activity is by -,A,C,False,C
3199,Which of these is known to secrete anexotoxin?,A,A,True,A
3200,What is the grade of dehydration if a child demonstrates excessive thirst and decreased urine output?,A,B,False,B
3201,"All of the following are true of direct trauma, except",A,D,False,D
3202,Gerhardt's test is used to detect ?,A,A,True,A
3203,Carcinoma which is most radiosensitive is:,A,C,False,C
3204,Pa of sympathetic system which secrete chemical transmitter?,A,C,False,C
3205,CHARGE syndrome includes all except ?,A,B,False,B
3206,"18-year-old girl presents with 6 months of amenorrhea with h/o low-grade fever, weight loss, pain abdomen, generalized weaknesses. On PR examination, palpable left-sided pelvic mass felt... Diagnosis is",A,D,False,D
3207,Very high first pass metabolism is seen in?,A,A,True,A
3208,"All are true about apoptosis, EXCEPT:",A,A,True,A
3209,All of the following are true about lactate utilisation in liver except -,A,C,False,C
3210,Complication of joint TB,A,A,True,A
3211,Which of the following test is employed in ADA for dental casting gold alloys?,A,B,False,B
3212,Which of the following is a feature of crush syndrome -,A,C,False,C
3213,"Amount of drug delivered by 9"" long tetracycline fibre:",A,B,False,B
3214,Cleft palate occurs due to disturbances in:,A,B,False,B
3215,Man working in hot environment & drinking lots of water without intake of salts is liable to develop -,A,C,False,C
3216,Hawthorne effect is seen in:,A,A,True,A
3217,Occipitoanterior position,A,A,True,A
3218,True about cephalhematoma is -,A,A,True,A
3219,Most common nerve damage in maxillary facture?,A,C,False,C
3220,Cork screw oesophagus seen in?,A,B,False,B
3221,Which of the following provide protection against malaria all except,A,B,False,B
3222,All are true for periodontal packs except?,A,A,True,A
3223,Penicillamine use in pregnancy is associated with this fetal complication ?,A,A,True,A
3224,Which RNA is used in RNA splicing ?,A,B,False,B
3225,Basis of the Norwegian system treatment is:,A,A,True,A
3226,Griseinger’s sign is seen in?,A,C,False,C
3227,Salt & pepper fundus ?,A,C,False,C
3228,"A 50-year-old man consults a physician because of a lesion on his nose. On examination, a flesh-colored lesion about 1 cm in diameter, with a rolled edge and central ulceration, is oserved. Which of the following is the probable diagnosis?",A,A,True,A
3229,"""Doughnuts"" used for?",A,A,True,A
3230,Which of the following drugs can cause seizures except?,A,A,True,A
3231,Pont’s analysis helps in:,A,A,True,A
3232,Kuppuswamy Scale for socio-economic status includes all EXCEPT?,A,A,True,A
3233,Maximum spread of malaria occurs in which month?,A,B,False,B
3234,Teratology is a study of,A,B,False,B
3235,Not seen in allergic pulmonary aspergillosis is,A,A,True,A
3236,Social psychology is ?,A,A,True,A
3237,Eye of tiger appearance is seen in -,A,A,True,A
3238,Sex with cadaver is called -,A,A,True,A
3239,"An anaerobe causing multiple abscess with discharging sinuses, demonstrating sulphur granules in pus is?",A,A,True,A
3240,True about atrial myxoma is?,A,A,True,A
3241,Patient on insulin in CKD stage 4. What is the dose adjustment of insulin required ?,A,B,False,B
3242,Which is the engaging diameter in occipitoposterior nresentation?,A,A,True,A
3243,Denholtz appliance is usually indicated in which of the following arch:,A,A,True,A.
3244,Dentogenic concept was first given by:,A,A,True,A
3245,Goals of second phase occlusal adjustment are:,A,D,False,D
3246,Vacuum assisted closure is contraindicated in which of the following conditions -,A,B,False,B
3247,Most common breech presentation in primigravida is ?,A,B,False,B
3248,Neonatal hypoglycaemia which does not respond to counter regulatory hormone administration is diagnostic of -,A,D,False,D
3249,Which is the centrally acting alpha 2 agonist muscle relaxant -,A,C,False,C
3250,Anticraving drug used for both smoking and alcohol cessation is?,A,D,False,D
3251,Descriptive epidemiology includes all Except:,A,A,True,A
3252,Minimum accepted interval between two doses of DPT vaccine?,A,B,False,B
3253,Which fracture of the petrous bone will cause facial nerve palsy:,A,B,False,B
3254,First choice when a surgical approach is needed for anterior teeth is?,A,A,True,A
3255,Contraction stress test false is ?,A,D,False,D
3256,Claudication due to popliteofemoral incompetence is primary seen in,A,B,False,B
3257,Involutional form are seen in which phase of bacterial growth,A,C,False,C
3258,"For brittle materials like few restorative dental materials, distribution of strength values tends to be?",A,C,False,C
3259,Non-selective Beta-blocker with sympathomimetic activity ?,A,A,True,A
3260,Which of the following enhances acute phase response ?,A,B,False,B
3261,"Mucocele of gall bladder, false statement is",A,B,False,B
3262,"When comparing the axiopulpal depth of inlay cavity with that of amalgam, the inlay preparation has:",A,B,False,B
3263,Number of stem villi at term in human placenta is,A,C,False,C
3264,"Human, animal, fomite or objects from which infective organism enters the host is called ?",A,B,False,B
3265,Which of the following statement is true about intermittent force?,A,A,True,A
3266,Quadrant hemianopia occurs due to lesion in?,A,D,False,D
3267,Insulin normally performs all of the following functions except–,A,D,False,D
3268,Preferred vein for central venous catheter inseion is,A,A,True,A
3269,Precisely directed high dose radiation is used in,A,C,False,C
3270,Preterm baby have,A,D,False,D
3271,Method not used for shoulder dystocia,A,A,True,A
3272,SI unit of luminal intesity is -,A,A,True,A
3273,"Man presented with acute abdomen, when man was put in knee chest position helped to relieve the pain what might be the cause.",A,C,False,C
3274,Thick pasty saliva is due to:,A,B,False,B
3275,20 years old man presented with the complaint of swelling of the wrist for the last two years. histopathological examination showed spindle-shaped cells and verocay bodies what is the diagnosis?,A,C,False,C
3276,Metrorrhagia is produced by the following except?,A,D,False,D
3277,The mean ratio of the anterior maxillary residual ridge resorption to the anterior mandibular ridge resorption is:,A,B,False,B
3278,The working part of the instrument with the spoon -shaped blade which has two curved cutting edges is?,A,A,True,A
3279,Regarding PPV vaccine following is true ?,A,A,True,A
3280,Ptyalism is seen in:,A,D,False,D
3281,Color of box containing drugs for treatment of category I of TB -,A,A,True,A
3282,Thumb sucking is a symptom of deeper emotional problem according to?,A,B,False,B
3283,"About Denaturation of protein,which is true ?",A,D,False,D
3284,Postmenopausal women 1st line of drug for osteoporosis is-,A,B,False,B
3285,Adulteration of drug is under which section of IPC,A,A,True,A
3286,The narrowest pa of the nasal cavity is ?,A,A,True,A
3287,Fertilized ovum usually gets attached to the uterus wall in:,A,A,True,A
3288,Glucose fever is related with -,A,A,True,A
3289,EMACO regime is for ?,A,B,False,B
3290,The ability of the denture to distribute forces over wide areas due to an increase in the denture base area:,A,B,False,B
3291,Nucleus ambiguus contains the centre for fibres of all of the following nerves except–,A,B,False,B
3292,Function of Ghrelin?,A,B,False,B
3293,Physiological antagonists are ?,A,D,False,D
3294,IL- 1 activated by-,A,A,True,A
3295,A 60 years old farmer has developed swelling on the sole of foot with discharging yellow granules. The diagnosis is -,A,B,False,B
3296,‘Peliosis heapatis’ is associated with all of the following except–,A,B,False,B
3297,Capecitabine belongs to which class of anticancer drug?,A,A,True,A
3298,Strawberry gums are seen in,A,C,False,C
3299,What should be the minimum distance between the finish line and the alveolar crest in order to preserve the periodontium:,A,B,False,B
3300,"A ligamental injection of 2% lidocaine with 1:10,000 epinephrine will cause the pulp circulation to:",A,A,True,A
3301,Achondroplasia is caused by which gene:,A,B,False,B
3302,"The inflammatory response in children is different from that of adults in that, the response in childrens dominated by?",A,B,False,B
3303,Relationship between insulin and glucose concentration?,A,C,False,C
3304,Failure of the sixth aortic arch arteries to form would lead to loss of blood supply to which of the following?,A,D,False,D
3305,Measurement of intracellular fluid in a 50 years old male is done by?,A,A,True,A
3306,Site of small chain fatty acid absorption is -,A,A,True,A
3307,Best indicator for ovarian reserve is ?,A,A,True,A
3308,Hammer toe deformity is seen in -,A,A,True,A
3309,In tuberculosis the cytokine causing fever is,A,A,True,A
3310,"34 weeks pregnancy with low lying placenta pre, floating head, Hb - 11 gm%. What should be the fuher line of management?",A,C,False,C
3311,Pain receptors are ?,A,C,False,C
3312,Which of the following fatty acid has maximum number of carbon atoms ?,A,C,False,C
3313,Treatment of choice of mucinous carcinoma of Gall Bladder confined to the lamina propria is -,A,A,True,A
3314,Eaton Lambe syndrome is seen with -,A,D,False,D
3315,What is maximum voluntary ventilation?,A,A,True,A
3316,Hernia most commonly strangulates in,A,D,False,D
3317,Dohlman procedure for-,A,B,False,B
3318,Erection of penis occurs in which phase of sexual cycle?,A,A,True,A
3319,Medical management of ectopic pregnancy has decreased success if ?,A,D,False,D
3320,Description of Waterhouse Friedrich syndrome,A,C,False,C
3321,Investigation of choice for multiple sclerosis,A,B,False,B
3322,According to which ADA specification no. types of gypsum products are classified?,A,A,True,A
3323,A series of speeches on a selected subject is?,A,A,True,A
3324,Asymmetric tonic neck reflex disappears at what age?,A,B,False,B
3325,Best test for ovulation ?,A,B,False,B
3326,Which of these is a secondary colonizer?,A,A,True,A
3327,Propranolol is used in ?,A,A,True,A
3328,Following is a feature of simple diffusion?,A,B,False,B
3329,Poor prognosis in first trimester USG is ?,A,A,True,A
3330,Which of the following is true about Mallory Weiss tear -,A,A,True,A
3331,Pion fracture is,A,A,True,A
3332,Which is the most abundant cailage-,A,A,True,A
3333,A pregnant woman has gingival enlargement comes for regular check up what is the reason for changes in gingiva:,A,B,False,B
3334,The radiological procedure for studying vesico-ureteric refluz is?,A,D,False,D
3335,Which of the following is true about menopause?,A,C,False,C
3336,Sciatic nerve damage most commonly?,A,B,False,B
3337,Pseudoplastic impression material is :,A,D,False,D
3338,"A 2-year- old boy presents with progressive clumsiness and difficulty walking. On physical examination, the child has
large calves. He has difficulty walking on his toes and has a waddling gait as shown. Which of the following is the most likely diagnosis?",A,D,False,D
3339,"In a particular trial, the association of lung cancer with smoking is found to be 40% in one sample and 60% in another. What is the best test to compare the results:",A,A,True,A
3340,Which test cannot differentiate endemic and epidemic typhus,A,A,True,A
3341,Japanese encephalitis vaccine in routine schedule is given in how many doses -,A,B,False,B
3342,If local drug delivery exceeds a period of 24hours is known as:,A,D,False,D
3343,True about serum sickness is,A,B,False,B
3344,Which hypothesis is based on the concept that control of periodontal disease depends on control of the amount of plaque accumulation?,A,A,True,A
3345,Preobesity is defined as a BMI of:,A,B,False,B
3346,Phase_____trial is used to signify the integration of a new clinical treatment into widespread public health practice?,A,C,False,C
3347,Main reason why ameloglyphics not recommended in forensic odontology:,A,B,False,B
3348,Treatment of scaphoid fracture,A,A,True,A
3349,The only ovoviviporous parasite ?,A,B,False,B
3350,Triptan taken by nasal route is ?,A,A,True,A
3351,Red cell volume is increased by what percentage in pregnancy?,A,B,False,B
3352,Chlamydospore is formed by ?,A,A,True,A
3353,Olfactory Great cerebral vein of Galen drains into -,A,C,False,C
3354,The punishment for voluntarily causing grievous hurt by dangerous weapons or means is given in ?,A,A,True,A
3355,Most common cause of chylothorax is?,A,C,False,C
3356,The maximum depression of soft palate is recorded when:,A,D,False,D
3357,Human Development Index (HDI) values range b/w?,A,B,False,B
3358,Example of allosteric inhibition,A,C,False,C
3359,Obstructive shock can be seen in,A,D,False,D
3360,A child is able to say short sentences of 6 words –,A,B,False,B
3361,Most common orbital tumor has its origin from?,A,B,False,B
3362,Cofactors for glutamate dehydrogenase?,A,A,True,A
3363,Tooth that shows greatest variation in eruption timing is:,A,A,True,A
3364,Preferred treatment for oral tongue carcinoma which infiltrates the local coical bone is -,A,C,False,C
3365,Insulin mediated transpo of glucose is ?,A,A,True,A
3366,Choledochal cyst is dilatation of,A,B,False,B
3367,Which does not stimulate active immunity -,A,D,False,D
3368,"When soldering a wire, which part of the flame is used?",A,A,True,A
3369,Alternative drug for cardiac arrest in place of epinephrine is?,A,C,False,C
3370,Which of the following shows overtriturated amalgam?,A,A,True,A
3371,Which of the following is not a supporting structure in the mandible:,A,A,True,A
3372,Which is not a stroke,A,A,True,A
3373,4th element in Paediatric treatment triangle:,A,B,False,B
3374,"During perfoming a total hip replacement, the surgeon found destruction of the aicular cailage and rnultiple wedge shaped subchondral depressions. What is this called ?",A,A,True,A
3375,Which of the following is not a pa of uveal,A,D,False,D
3376,Index used to assess the treatment need?,A,A,True,A
3377,Sentinel surveillance is done for:,A,B,False,B
3378,Resorption of distal phalanx is seen in,A,D,False,D
3379,Drug used in prophylaxis of meningococcal meningitis is?,A,B,False,B
3380,"In MRKH syndrome, which among the following is absent?",A,A,True,A
3381,Which of the following is the best reference for growth monitoring in children?,A,B,False,B
3382,Lipoproteins are of how many types?,A,A,True,A
3383,NPU for egg is ?,A,B,False,B
3384,CAD primodial prevention is by?,A,A,True,A
3385,WPW syndrome is associated with -,A,A,True,A
3386,Which is an indication for immediate placement of implant:,A,A,True,A
3387,Lipogenesis is stimulated by ?,A,A,True,A
3388,Resistance of mini screw to dislodgement comes from contact with?,A,D,False,D
3389,Which of the following is characteristic of a broad PPS?,A,A,True,A
3390,Small fragments lie free in the pdl is known as:,A,A,True,A.
3391,Which of the following is not a tributary of IJV?,A,B,False,B
3392,Mechanism of resistance to penicillins beta-lactamase is,A,C,False,C
3393,Which of the following requires vitamin BIZ ?,A,B,False,B
3394,"In comparison to hemoglobin, effect of myoglobin on Bohr effect?",A,B,False,B
3395,During pregnancy increased size of pituitary is caused by increased size of cells which secrete ?,A,B,False,B
3396,Tapping test is used to ?,A,B,False,B
3397,Whole blood is used as a sample for which test?,A,D,False,D
3398,Which is a hormone dependent liver tumor ?,A,A,True,A
3399,Decreased reading ability is seen in ?,A,B,False,B
3400,Tissue Bridging is seen in?,A,A,True,A
3401,What is the BMI for an obese person:,A,D,False,D
3402,Most potent H2 antagonist is :?,A,A,True,A
3403,Microcephaly is defined as head circumference?,A,B,False,B
3404,"A 25 year old male is receiving conservative management for an appendicular mass since 3 days now presents with a rising pulse rate, tachycardia and fever. The mode of management must be -",A,C,False,C
3405,Mac Ewan's triangle is the landmark for:,A,A,True,A
3406,"In order to cause resorption or orthodontic tooth movement, what should be the RANK:OPG ratio:",A,A,True,A
3407,In scleroderma features are all except:,A,B,False,B
3408,Aspirin causes:,A,D,False,D
3409,Hyaline membrane seen in the lung is composed of –,A,B,False,B
3410,Global aphasia is seen due to,A,A,True,A
3411,Which is not a contraindication for pancreaticoduo-denectomy,A,A,True,A
3412,Not increased in stress ?,A,D,False,D
3413,Drug used in both type 1 and type 2 Diabetes mellitus is?,A,A,True,A
3414,Allopurinol is a competitive inhibitor of?,A,B,False,B
3415,All of the following are true about Nissen Fundoplication except,A,B,False,B
3416,Daily pancreatic secretion ?,A,A,True,A
3417,Septic ahritis is diagnosed by,A,B,False,B
3418,Amide group is present in which pa of protein -,A,C,False,C
3419,Which is topical way of drug administration ?,A,B,False,B
3420,In RNTCP microscopic center is recommended for how much population ?,A,D,False,D
3421,Most effect treatment in DKA is?,A,A,True,A
3422,Which of these describes permanent dilatation and distortion of bronchioles?,A,D,False,D
3423,Victim was choked with mouth & nose covered with elbow around neck. It is called as ?,A,B,False,B
3424,Prazosin is effective in treating hypertension caused by the bite of which of the following?,A,A,True,A
3425,Best prognostic indicator of Gestational  trophoblastic disease as?,A,C,False,C
3426,"A 6 year old child presents with an abdominal mass, fever, bone pain and IVC thrombosis , the diagnosis could be -",A,B,False,B
3427,Small RNAs are ?,A,C,False,C
3428,A man under alcohol intoxication had fallen into a manhole and had a perineal injury with swollen scrotum and upper thigh along with blood at meatus. The patient is having difficulty passing urine as well. What will be the injury associated due to this trauma?,A,C,False,C
3429,Children with cerebral palsy are a special group with more predilections to dental trauma. This is because many children with cerebral palsy have protruding anterior teeth and they are subject to frequent falls.,A,A,True,A
3430,Examination of a 26 years old obese infeile female reveals. Fixed retroveed uterus & Nodularity of the uterosacral ligaments. The most likely diagnosis is ?,A,B,False,B
3431,Diagonal survey lines can be managed by using the following clasp:,A,A,True,A.
3432,Mechanism of action of Niclosamide is :?,A,C,False,C
3433,What is the effect of moderate exercise on cerebral blood flow,A,B,False,B
3434,A young male presents with a testicular mass on the right side. The AFP is elevated while the HCG is normal. The most appropriate next step is,A,B,False,B
3435,"Fetal karyotyping can be done by all, EXCEPT?",A,B,False,B
3436,Levels of ether anesthesia were demonstrated by whom?,A,B,False,B
3437,True about Keratinocyte is ?,A,A,True,A
3438,Anorectal angle is formed due to action of -,A,D,False,D
3439,E. coli infection occur in which enzyme defect,A,B,False,B
3440,Not True about blood supply of kidney -,A,B,False,B
3441,Prophylactic methergin given for ?,A,C,False,C
3442,"If the maxillary deciduous central incisors are over retained, the permanent central incisors erupt:",A,A,True,A
3443,Cold chain temperature monitoring is done by?,A,A,True,A
3444,Implant radiography was given by:,A,B,False,B
3445,Niacin therapy is contraindicated in diabetes because -,A,A,True,A
3446,In Kreb's cycle and Urea cycle the linking amino acid is,A,D,False,D
3447,"If 300 microgram anti D is given to mother , amount of blood it will neutralise ?",A,A,True,A
3448,Mifepristone acts on which receptor?,A,A,True,A
3449,Which of the following is not true for scabies?,A,B,False,B
3450,Danger area of face is called because of connection of facial veins to cavernous sinus through:,A,B,False,B
3451,"If effective treatment for a disease is introduced in a community, what will be the effect on incidence and prevalence ?",A,B,False,B
3452,Byproduct of condensation reaction between silicone base and alkyl silicate in presence of tin octoate:,A,A,True,A
3453,Renal vein thrombosis is associated with all of the following except:September 2011,A,B,False,B
3454,Sensitivity of gingival temperature probes (perio temperature probes) is,A,D,False,D
3455,After delivery upto which week is known as puerperium?,A,C,False,C
3456,Cold mould seal used as a separator is made up of:,A,B,False,B
3457,Posterior region of alveololingual sulcus forms:,A,C,False,C
3458,Cyanide is dangerous because it acts by?,A,B,False,B
3459,Which of the following is seen in young's syndrome ?,A,B,False,B
3460,Vitamin D absorption is decreased by ?,A,D,False,D
3461,GFR measurement help in determining ?,A,C,False,C
3462,Distance of cricopharynx from incisor teeth,A,B,False,B
3463,Type of chin cap indicated in patients with steep MPA angle and excess anterior facial height:,A,A,True,A
3464,An Adult with asthma presents with asthma symptoms every day and wakes up in the night approximately 2 to 3 days in a week.He can be classified as having :,A,B,False,B
3465,Parasitosis of extraocular eye muscles is seen in?,A,B,False,B
3466,45 year old female underwent modified radical mastectomy with axillary clearance for CA breast. After surgery she could not lift her arm above head. Which nerve is likely to be injured ?,A,A,True,A
3467,Blood bags are disposed of in,A,A,True,A
3468,Paltauf’s hemorrhage is seen in?,A,A,True,A
3469,Which of the following is not true about Nesiritide?,A,A,True,A
3470,Repeated fractures of porcelain fused to metal occur mostly due to:,A,D,False,D
3471,Ejection click of pulmonary stenosis is better heard in,A,A,True,A
3472,H improves ?,A,B,False,B
3473,Minimal dysfunction syndrome seen in,A,D,False,D
3474,Blue dot cataract is caused by,A,B,False,B
3475,Glucose is conveed to glucuronate by ?,A,B,False,B
3476,All are seen in 3' nerve palsy ?,A,D,False,D
3477,As per Drugs and cosmetic act prescription drugs are included in?,A,B,False,B
3478,Which vaccine is used to prevent death from pneumonia in children?,A,D,False,D
3479,Size of sperm ?,A,D,False,D
3480,The most common site of the branchial cyst is:,A,A,True,A
3481,Carcinoma of which of the following commonly presents with nodes in neck is:,A,C,False,C
3482,RMP can perform MTP in first trimester if he has assisted in MTPs -,A,A,True,A
3483,In which of the following methods of management is the benefit measured in natural units?,A,C,False,C
3484,Which hormone increases in PCOD ?,A,A,True,A
3485,Function of minor connector among the following :,A,A,True,A
3486,Most common cancer found in coal mine workers,A,C,False,C
3487,Skin erythema dose is:,A,A,True,A
3488,Leutriene inhibitors are used in asthma for,A,B,False,B
3489,Decidual reaction is due to which hormone ?,A,A,True,A
3490,Isolation of infected persons from others comes under?,A,B,False,B
3491,Smokers are prone to which lung infection,A,D,False,D
3492,LEEP stands for ?,A,A,True,A
3493,Which of the following decreases the risk of Pelvic Inflammatory Disease ?,A,A,True,A
3494,Caudate lobe of the liver - True is?,A,A,True,A
3495,Which of the following is true regarding Turner's syndrome?,A,A,True,A
3496,The most sensitive imaging modality for diagnosis of ureteric stone in patient with acute renal colic is -,A,C,False,C
3497,Collagen fibres start disintegrating in which of the following stage:,A,B,False,B
3498,Perform are produced by,A,C,False,C
3499,In electric pulp testing all of the following conditions require more amount of current to respond except:,A,A,True,A
3500,An ectopic rest of normal cell tissue is called–,A,A,True,A
3501,Huckaba’s mixed dentition analysis uses:,A,B,False,B
3502,Cohort study is:,A,B,False,B
3503,Changes in occurrence of a disease over long periods of time are known as :,A,D,False,D
3504,What is true regarding medium chain fatty acids ?,A,D,False,D
3505,Perio Gard is?,A,C,False,C
3506,High Flying prostate is a sign of -,A,A,True,A
3507,Highest content of cannabis is found in which pa of the plant?,A,B,False,B
3508,"Which dematophyte infects hair, nail and skin?",A,B,False,B
3509,Shoest transverse diameter is ?,A,A,True,A
3510,Which of the following drugs act directly without sexual stimulation ?,A,C,False,C
3511,Visual examination is used as screening test for,A,A,True,A
3512,Normal renal threshold for glucose is at plasma glucose level ?,A,B,False,B
3513,A delta fibres are stimulated directly by :,A,A,True,A
3514,Primary Sjogrens syndrome true is,A,D,False,D
3515,Abnormally eccentric placed pupil is called ?,A,B,False,B
3516,Choice of fluid case of burn in first 24 hour is?,A,B,False,B
3517,Cystatin C levels are used in urology for,A,B,False,B
3518,Which of the following is not a conditioned gingival enlargement:,A,A,True,A
3519,Absorption elution technique is used for -,A,C,False,C
3520,Indicatons of liver transplant in PCM poisoning are all except,A,D,False,D
3521,"In centric occlusion, the cusp tip of maxillary canine occludes with:",A,A,True,A
3522,Tocilizumab acts as an antagonist at which reeptor -,A,C,False,C
3523,The thyrocervical trunk is a branch of which pa of subclan aery?,A,A,True,A
3524,What is the MONICA project?,A,A,True,A
3525,Semen examination can be done ?,A,B,False,B
3526,Sequence of complexes in the electron transpo chain is -,A,A,True,A
3527,All of the following are consequences of Protein denaturation Except:,A,B,False,B
3528,Woman has 100 ml blood loss every 30 days. This is called as ?,A,A,True,A
3529,Dautrey procedure is done for the treatment of,A,A,True,A
3530,Daily fecal urobilinogen excretion in healthy adults?,A,B,False,B
3531,Pantaloon hernia is also called as -,A,B,False,B
3532,True about Purine synthesis ?,A,A,True,A
3533,Glomerular filteration of a substance depends upon?,A,C,False,C
3534,Velocity of human sperm -,A,A,True,A
3535,ADA specification number of mercury is:,A,B,False,B
3536,What is the shape of caecum in the newborn ?,A,C,False,C
3537,Safety officer is recommended where factory has how many workers ?,A,A,True,A
3538,Halts the progress of disease at its incipient stage and prevents complications?,A,A,True,A
3539,Antitubercular drug which makes the patient non-infective earliest ?,A,B,False,B
3540,Upward movement of the thyroid gland is prevented due to?,A,B,False,B
3541,The significance of free eugenol in root canal sealer-cements is an increase in:,A,A,True,A
3542,"During acclimitisation, decreased sweating is due to down regulation of ?",A,C,False,C
3543,Baholin's cyst treatment of choice -,A,A,True,A
3544,Immediate metabolic products during conversion of Fructus 1-6 bisphosphate to 2 molecules of pyruvate -,A,C,False,C
3545,Features which differentiate seizures from syncope include the following except,A,A,True,A
3546,P50 is increased by decrease of?,A,D,False,D
3547,Type C category of drug in pregnancy:,A,C,False,C
3548,Which of the following is/are known to influence food intake?,A,D,False,D
3549,Increased cerebral O2 consumption is caused by:,A,B,False,B
3550,Drug used in osteoahritis,A,B,False,B
3551,Which produces dissociative anaesthesia,A,D,False,D
3552,Lactose content is highest in:,A,A,True,A
3553,Fenestrations are common on?,A,D,False,D
3554,What is not seen in sho bowel syndrome,A,B,False,B
3555,"In glycolysis, inorganic phosphate is used reaction, catalyzed by ?",A,B,False,B
3556,Highest mobility on electrophoresis,A,C,False,C
3557,Contraindication for colostomy planning are all except -,A,B,False,B
3558,Connotation of the aorta is common in which syndrome –,A,B,False,B
3559,Cementation failure of a prosthesis cemented with Zinc Polycarboxylate occurs at:,A,B,False,B
3560,Scleritis is most commonly associated with:March 2005,A,A,True,A
3561,Child comes with blood sugar 32 mg/dl with convulsions Treatment is?,A,A,True,A
3562,True about CARIDEX is :,A,C,False,C
3563,"Narcolepsy, not true ?",A,A,True,A
3564,Investigation of choice for acute intracerebral hemorrhage is -,A,A,True,A
3565,Causes of hyperparathyroidism are all except,A,A,True,A
3566,Which of the following is a serine protease,A,A,True,A
3567,Which is not seen in Alzheimers disease,A,D,False,D
3568,Best view for collapse of middle lobe lung is -,A,D,False,D
3569,The best criterion for teeth selection is:,A,A,True,A
3570,True about VHL syndrome is,A,C,False,C
3571,Follicular lymphoma positivity?,A,D,False,D
3572,Bispinous diameter in anatomic outlet ?,A,A,True,A
3573,What are isoenzyme -,A,B,False,B
3574,Stretch impulse is carried by?,A,A,True,A
3575,Which of the following is not an in vivo test ?,A,D,False,D
3576,Lesion with no bone loss and no apical epithelial migration is known as:,A,A,True,A
3577,The features of Cushing triad are all except,A,D,False,D
3578,Internal stresses of an alloy can be relieved by:,A,C,False,C
3579,Urinary retention earliest in pregnancy is seen at ?,A,A,True,A
3580,The main cause of bruxism is:,A,D,False,D
3581,A cystic mass at the base of umbilical cord in a neonate could be,A,A,True,A
3582,Penile erection is mediated by?,A,A,True,A
3583,Duct of Bellini are present in:,A,C,False,C
3584,Thrombocythemia is characterized by,A,A,True,A
3585,Level of which of the following is not elevated in hea disease,A,A,True,A
3586,"In Aicular cailage, most active chondrocytes are seen in ?",A,B,False,B
3587,Flux is used during casting to:,A,A,True,A
3588,Main factor responsible for increased perinatal moality in twin pregnancy is ?,A,A,True,A
3589,Which of the following is not a cause of secondary Idiopathic thrombocytopenic purpura?,A,A,True,A
3590,Functional matrix theory revisited by Moss includes all of the following concepts except:,A,D,False,D
3591,Chymotrypsinogen is activated into chymotrypsin by:,A,A,True,A
3592,All of the following occurs because of prostaglandin use except?,A,B,False,B
3593,Which is the most common presentation in twin pregnancy?,A,B,False,B
3594,Hering's canal is present in ?,A,C,False,C
3595,Anti rabies vaccine is prepared by?,A,B,False,B
3596,Which of the following will have minimum retarding effect on tooth movement?,A,D,False,D
3597,"Periungual desquamation, which is a characteristic feature of Kawasaki syndrome, occurs at ?",A,A,True,A
3598,Shine dalgarno sequence is related to ?,A,B,False,B
3599,Enzyme deficient in phenylketonuria –,A,B,False,B
3600,Which statement is not true regarding crohn's disease :,A,A,True,A
3601,Following are the causes of maternal deaths in patients with hypeensive disorder of pregnanacy except ?,A,D,False,D
3602,A 36-week old pregnant lady with previous twin delivery. What is the Ovarian score?,A,A,True,A
3603,Sensitivity of a screening test tells about,A,A,True,A
3604,Stein Levinthal syndrome what hormone is raised?,A,A,True,A
3605,Alcoholism leads to deficiency of which vitamin ?,A,B,False,B
3606,"All of the following are inhibited during fasting/ starvation, except ?",A,C,False,C
3607,Calculate the relative risk for a population in which incidence of disease among exposed is 20 and non exposed is 4:,A,A,True,A
3608,What is the rate of progression of Aggressive periodontitis :,A,A,True,A
3609,"When alginate is mixed with tap water having high calcium sulfate and magnesium, what happens?",A,C,False,C
3610,Sentinel lymph node biopsy is used to map the lymph node status of which cancers?,A,D,False,D
3611,"In full mouth disinfection , tongue is clean with:",A,B,False,B
3612,Which of the following cells are predominantly seen in stage3 of gingivitis in epithelium:,A,D,False,D
3613,Vibration sense is detected by which type of receptor?,A,C,False,C
3614,Water treeing is caused by?,A,A,True,A
3615,Live influenza vaccine is given by which route ?,A,D,False,D
3616,"On polarising microscopy, refractile body in the centre of granuloma is seen in?",A,A,True,A
3617,Treatment of choice for FOLLOWING DISEASE is,A,A,True,A
3618,Pt. is able to recognise person by name but not by face. Lesion is in ?,A,D,False,D
3619,Consanguinous marriages increase risk of diseases -,A,B,False,B
3620,Complicated crown fracture is:,A,C,False,C
3621,The side of either dental arch corresponding to the side of the mandible moving away from the midline?,A,B,False,B
3622,Drug of choice for estrogen receptor positive breast cancer is ?,A,B,False,B
3623,Histopathology of doxorubicin toxicity shows?,A,A,True,A
3624,DOC for malaria in pregnancy ?,A,A,True,A
3625,Mechanism of action of Voglibose is :?,A,D,False,D
3626,Which of the following is the function of tensor tympani muscle?,A,A,True,A
3627,Skirts are used in:,A,A,True,A
3628,What lies between the middle and inferior turbinate?,A,A,True,A
3629,Pain is out of propoion to signs in which corneal ulcer?,A,B,False,B
3630,1st mediator of inflammation to be released is,A,C,False,C
3631,"In allergic bronchopulmonary aspergillosis, the location of lesions is",A,B,False,B
3632,Which occupational exposure may cause sterility in females ?,A,D,False,D
3633,Displacement is the defensive mechanism for?,A,A,True,A
3634,Which of these Rickettsial infections cannot be diagnosed by Weil-Felix reaction?,A,C,False,C
3635,All are true about sacrococcygeal teratoma except,A,B,False,B
3636,Which of the following type of bone provides better osteointegration:,A,C,False,C
3637,Which among the following is an example of supercooled liquid?,A,C,False,C
3638,Lip step classification was given by?,A,A,True,A
3639,If a mother is donating kidney to her son is an example-,A,B,False,B
3640,A 70 year pld male complaining of per rectal bleeding was diagnosed of having rectal/anorectal cancer. The distal margin of the tumor was 5 cm from the anal verge the treatment of choice would be -,A,C,False,C
3641,B+ Blood group can receive blood from all except,A,D,False,D
3642,Which organism causing acute bacterial prostatitis ?,A,D,False,D
3643,Child stas monosyllables speech in which age,A,B,False,B
3644,What characteristic finding of tuberous sclerosis is present at bih but not later in life?,A,A,True,A
3645,Chlamydia trachomatis infection commonly causes:March 2004,A,B,False,B
3646,Sensory region of the ulnar nerve is?,A,A,True,A
3647,Which of the following is not true about bicuspid aoic valve?,A,D,False,D
3648,Carriers are not an important source of transmission in the following disease:,A,D,False,D
3649,Peripheral vasospasm is observed with which of the following anti parkinsonion drugs?,A,A,True,A
3650,"The flabby tissue will interfere with the stability of the denture, the best treatment should be:",A,B,False,B
3651,True regarding traction diveiculi of esophagus is all except,A,A,True,A
3652,"If a person is having ventriular tachycardia, extra systoles appears to",A,B,False,B
3653,Normal pH of blood is?,A,D,False,D
3654,Linear base analysis was given by?,A,C,False,C
3655,Glomerulotubular feedback is for regulation of?,A,C,False,C
3656,Shadow casting is used in -,A,B,False,B
3657,A dentin bonding agent has two ends: hydrophilic and hydrophobic. The hydrophobic end binds to:,A,B,False,B
3658,Mitral valve replacement is recommended in patients with,A,D,False,D
3659,On CT chest 'halo sign' is noted in,A,B,False,B
3660,. Which of the following antiepileptic drug is associated with causing congenital hea disease in fetus?,A,B,False,B
3661,Most common site of esophageal perforation is?,A,A,True,A
3662,Alcoholic shows which type of cardiomyopathy-,A,B,False,B
3663,All are true about polycythemia vera except:,A,B,False,B
3664,Atient has fatigue. But not gaining weight. Body was warm. Investigation will show:,A,A,True,A
3665,"If content of A is 15%, what is the amount of G in DNA according to Chargaff s rule?",A,A,True,A
3666,Which statement best describes mechanism of action of azole?,A,A,True,A
3667,Dermatitis may be a clinical manifestation of deficiency states of all of following nutrients except -,A,D,False,D
3668,Following are contraindications to occlusal adjustment except:,A,A,True,A
3669,Punched out ulcer in esophagus is seen in,A,A,True,A
3670,Hilton's law is related to -,A,C,False,C
3671,Management of a patient with complete placenta pre at 38 weeks gestation without any vaginal bleeding is -,A,C,False,C
3672,"Automatic Implantable Cardioveer Defibrillator, (AICD) implantation is done for which of following conditions:",A,B,False,B
3673,Vitamin involved in decarboxylation ?,A,D,False,D
3674,Side effects of amiodarone are all except ?,A,D,False,D
3675,What is the capacity of stomach at bih,A,B,False,B
3676,Calcium absorption is hampered by,A,D,False,D
3677,Classification of mottling developed by Dean in?,A,A,True,A
3678,"In glycolysis, NADH is produced at ?",A,D,False,D
3679,Stroke volume increases in pregnancy by,A,C,False,C
3680,Characteristic site for development of venous leg ulcers is,A,A,True,A
3681,The minor connector should never be placed on the:,A,B,False,B
3682,Parasitic infestation which can lead to malabsorption syndrome?,A,D,False,D
3683,True about high altitude acclimatization?,A,D,False,D
3684,Rigidity is maximum with which material for major connector?,A,B,False,B
3685,Minimum population in town?,A,D,False,D
3686,Patient presented with proximal tubule proteinuria. Which metal is likely to be associated with it?,A,A,True,A
3687,Most common site of fracture of mandible is?,A,A,True,A
3688,"In malate shuttle, NADH Produces how many ATPs",A,C,False,C
3689,"Which probe is capable of coupling pocket depth measurement with CEJ detection, from which the clinical attachment level is automatically detected is?",A,B,False,B
3690,Type of retainer or crown in which all surfaces are restored except the lingual surface is known as :,A,A,True,A.
3691,4 year old child presented to the clinic with a history of fall on outstretched hand. Radiographs revealed a broken anterior coex with an intact posterior coex Of the radius with an exaggerated bowing of the radius. The fracture sustained is known as -,A,B,False,B
3692,Time interval between somatic and molecular death is -,A,A,True,A
3693,Degree of freedom for a contingency table with 3 rows and 6 columns is:,A,C,False,C
3694,Microtubular inhibitor drug also causes?,A,A,True,A
3695,Rebound increase in gastric acid secretion after stopping proton pump inhibitor therapy is due to?,A,C,False,C
3696,Which of the following is the most metabolically active pa of long bone?,A,A,True,A
3697,Fetid stomatitis refers to:,A,A,True,A
3698,Bilateral breast carcinoma,A,D,False,D
3699,Nigro Regimen is used for -,A,A,True,A
3700,"A child has marked difference of crown, root size, eruption pattern of left & right side of jaw. The condition is:",A,C,False,C
3701,Most common type of gallstone is-,A,B,False,B
3702,Withdrawal reflex is also known as ?,A,D,False,D
3703,"If the clasp assembly is not been placed on the tooth adjacent to the edentulous space, the minor connector is placed at:",A,D,False,D
3704,Fusion between two crowns after bicupidization to increase the occlusal plateau is known as:,A,A,True,A
3705,Magnan's symptoms are related to,A,A,True,A
3706,Tachyphylaxis is seen with which of the following drugs?,A,A,True,A
3707,School health checkup comes under -,A,B,False,B
3708,Ideal quality of root canal filling material is:,A,A,True,A
3709,True about Peussis is ?,A,C,False,C
3710,"In Schwann cells, Mycobacterium leprae divides after–",A,B,False,B
3711,Following is true about tamoxifene except ?,A,D,False,D
3712,Which among the following is most probable reason for preference of Cisatracurium over atracurium?,A,A,True,A
3713,Labour pain in uterus is carried by,A,B,False,B
3714,Lysosome with undigested paicle inside is known as -,A,C,False,C
3715,"If a dental college plans to conduct screening camp for school children under School Oral Health Programme, it comes under?",A,B,False,B
3716,"In water testing from a well by Horrock's apparatus, there is blue colour from 4th cup onwards. What is the amount of bleaching powder required to disinfect the water ?",A,B,False,B
3717,Proof stress is also known as:,A,B,False,B
3718,Epidemic resulting from person to person transmission is known as:,A,C,False,C
3719,Maculae cerulea is seen in ?,A,D,False,D
3720,"In GAP, most predominant is",A,B,False,B
3721,Most impoant factor which causes lactic acidosis in alcoholics -,A,A,True,A
3722,Russell silver syndrome is associated with which of the following?,A,D,False,D
3723,Female with hirsutism with ammenorrhoea and obesity. Diagnosis ?,A,A,True,A
3724,All are true about post paum depression except -,A,D,False,D
3725,In asthma diagnosis is by,A,A,True,A
3726,Swachh Bharat Abhiyan (SBA) was launched in the year?,A,B,False,B
3727,Wolff-Chaikoff effect is due to?,A,A,True,A
3728,Which of the following is Socratic method of communication?,A,B,False,B
3729,Rasburicase is an analogue of ?,A,D,False,D
3730,Most conclusive clinical sign of pregnancy is ?,A,A,True,A
3731,During night dental plaque growth rate will:,A,A,True,A
3732,Slection bias occurs during ?,A,A,True,A
3733,What is thelarche –,A,C,False,C
3734,Least toxic form of lead is -,A,D,False,D
3735,Name of the abutment which is marked by an arrow in the colour plate:,A,A,True,A
3736,Tensor tympani is attached at ?,A,A,True,A
3737,A patient with diabetes and COPD developed postoperative urinary retention. Which of the following drugs can be used for sho term treatment to relieve the symptoms of this person?,A,A,True,A
3738,"If laterally displacing prematurity occurs on mediotrusive side of mandible, do the following adjustment:",A,B,False,B
3739,Treatment of choice for oral candidiasis is?,A,B,False,B
3740,Bainbridge reflux causes?,A,D,False,D
3741,Pulpotomy comes under?,A,C,False,C
3742,Investigation of choice for hepatic metastasis form stomach cancer is,A,B,False,B
3743,Which of these is not a part of red complex?,A,C,False,C
3744,Colon is identified on X-ray,A,A,True,A
3745,21yr college girl with mild endometriosis treatment-,A,A,True,A
3746,PDL fibers that prevent extrusion are?,A,A,True,A
3747,The major components of the gingival connective tissue is?,A,D,False,D
3748,What is seen in withdrawal reflex ?,A,A,True,A
3749,Which of the following is/are true about pehes disease? 1. Avascular necrosis of femoral head2. Onset before 10 years of age3. Osteotomy is used for treatment4. Limb shoening,A,A,True,A
3750,The angle formed between the rest seat and long axis of the abutment should be:,A,A,True,A
3751,Drug used in vancomycin resistant staphylococcus aureus is?,A,C,False,C
3752,Second digit in 4 digit instrument formula indicates:,A,A,True,A
3753,Which of the following is not a cause of bias:,A,A,True,A
3754,Psychological autopsy is?,A,C,False,C
3755,In man what quantity of ethyl alcohol consumed daily for > 10 years increases the relative risk of development of alcoholic liver disease,A,B,False,B
3756,Loss of pain/temperature sensation on ipsilateral face & C/L body due to thrombosis in,A,A,True,A
3757,Prutchners retinopathy in associated with -,A,A,True,A
3758,Caries that occurs on the tooth that has been exposed to the oral environment is called as:,A,A,True,A
3759,False about Langer's lines is?,A,D,False,D
3760,Pupillary reflex pathway- All of the following are a pa except ?,A,A,True,A
3761,Strength of association of outcome and risk factor is measured by?,A,A,True,A
3762,Sonographic appearance of hydatid cyst is -,A,D,False,D
3763,Decorticate child – False statement is –,A,D,False,D
3764,Drug of choice for plasmodium vivax is:September 2006,A,B,False,B
3765,True about tonic neck reflex is,A,A,True,A
3766,Peritonitis,A,A,True,A
3767,Non - ionizing radiation among the following is -,A,A,True,A
3768,All of the following pass through the Sinus of morgagni except -,A,A,True,A
3769,Tibolone is used for ?,A,C,False,C
3770,Which of the following defines movement across scioeconomic status.,A,C,False,C
3771,Most impoant intracellular buffer ?,A,A,True,A
3772,Best technique for titanium welding:,A,C,False,C
3773,Which of the following is not an antimigraine agent?,A,B,False,B
3774,Most common age related change in vitreous ?,A,B,False,B
3775,"Which of the following metabolites is involved in glycogenolysis, glycolysis and gluconeogenesis ?",A,B,False,B
3776,A free audience is one which has gathered for the motive of?,A,A,True,A
3777,Herring's bodies are present in?,A,C,False,C
3778,Maximum amount of amiotic fluid is seen at how many weeks ?,A,B,False,B
3779,Paired T test is defined as-,A,A,True,A
3780,Most common type of calcium channels of skeletal muscles are ?,A,B,False,B
3781,Which of the following is NADP linked,A,A,True,A
3782,Which of these structures hinders in imaging the roots of maxillary molars:,A,C,False,C
3783,SI unit of absorbed dose is -,A,C,False,C
3784,"Ichy purple papule followed by hayperpigmentation on resolution, is seen in?",A,D,False,D
3785,Benefit of ketamine ?,A,B,False,B
3786,Tubal patency test in which phase of the menstrual cycle?,A,B,False,B
3787,Horrock's apparatus is used to measure ?,A,C,False,C
3788,ST Segment of ECG Corresponds to ?,A,B,False,B
3789,SEAM used in DUB is ?,A,A,True,A
3790,"1"" acetyl group donor in fatty acid synthesis is ?",A,C,False,C
3791,Exclusively Fetal blood loss occurs in ?,A,A,True,A
3792,Which of the following antithyroid medications had the maximum chances of causing agranulocytosis?,A,D,False,D
3793,How much percentage of the blunt trauma injuries to spleen in adults are currently managed non operatively?,A,C,False,C
3794,Which of following most commonly clinically used?,A,B,False,B
3795,Which of the following impression material is hydrophobic?,A,C,False,C
3796,"If a question refers to recent past (say last month), episodes that occurred longer ago may also be reported is?",A,A,True,A
3797,Spasm of accommodation mimics,A,B,False,B
3798,Children with accident-prone facial profiles belong to category of malocclusion,A,D,False,D
3799,In lichen planus all the following sites are affected except ?,A,B,False,B
3800,1mm change axial length of the eyeball would change the refracting power of the eye by ?,A,A,True,A
3801,Natural anticancer drug is ?,A,D,False,D
3802,Falange is a type of?,A,A,True,A
3803,Why fracture shaft femur is early stabilised,A,A,True,A
3804,Cryoglobulinemia,A,D,False,D
3805,Concentration of antibiotic required for biofilm is:,A,A,True,A
3806,Which of these drug dosages need not be modified in a renal impaired patient?,A,A,True,A
3807,Classical C section indicated in ?,A,B,False,B
3808,Glucocorticoids cause an increase in which of the following?,A,D,False,D
3809,Binder of gypsum bonded investment material is:,A,A,True,A
3810,A person has asthma attacks more than once during day and once during night,A,B,False,B
3811,Occlusal adjustment is done in following steps except:,A,D,False,D
3812,Partial agonist possess?,A,C,False,C
3813,8th and 9th rib costal cailage forms which type of joint?,A,A,True,A
3814,Ventricular septal defects showing reverse blood flow shunt. This sign is known as:,A,A,True,A
3815,"When deviation of the mandible is seen during opening and closing movements, zygomatic arch fracture should be suspected. Trismus or inability to close the mouth may be an indication of a condylar injury.",A,A,True,A
3816,Longest cutaneous nerve in body ?,A,C,False,C
3817,Which of the following does not indicates respiratory distress in neonate?,A,B,False,B
3818,Blanket areas which are spread all along the bone in a mosaic pattern are responsible for producing an alteration in the growing bone is known as:,A,A,True,A
3819,Lesion of which lobe causes hallucination of taste & auditory?,A,B,False,B
3820,Pituicytes are seen in ?,A,B,False,B
3821,Madarosis is seen in ?,A,B,False,B
3822,Osmolarity is defined as ?,A,A,True,A
3823,Reduced hemoglobin absorb light in which wavelength?,A,A,True,A
3824,Most common ovarian cyst to undergo torsion is ?,A,B,False,B
3825,Phosphate investment without carbon is used for casting of all of the following except:,A,A,True,A
3826,Open window technique is important for the removal of following teeth for orthodontic purpose:,A,A,True,A
3827,Vibration sense is detected by ?,A,B,False,B
3828,Methionine can entre the TCA cycle at which level?,A,C,False,C
3829,All of the following are features of juvenile CML except –,A,C,False,C
3830,Treponema pallidum is stained using?,A,C,False,C
3831,Which  dihydropyridine derivatives can be used as a substitute to nifedipine which does not cause gingival enlargement:,A,A,True,A.
3832,All of the following are true about Hirschsprung disease except -,A,D,False,D
3833,Which of the following drug/s can be used for immediate parenteral anticoagulation in patients with venous thromboembolism?,A,A,True,A
3834,Frankel behaviour scale is classified into how many types:,A,B,False,B
3835,Most potent anti oxidant ?,A,C,False,C
3836,Degloving skin involves removal of?,A,A,True,A
3837,Which of the following favour the movement of plasma into the interstitium from thecapillaries?,A,D,False,D
3838,First line investigation for deep venous thrombosis is -,A,A,True,A
3839,Only in vitro method that assess antibiotic susceptibility:,A,C,False,C
3840,The heart of randomized controlled trial is:,A,A,True,A
3841,What is definition of blindness according to WHO?,A,B,False,B
3842,Most common cause of pollution of drinking water,A,A,True,A
3843,"In Caldwell Luc operation, the approach is through the?",A,A,True,A
3844,If Vmax dec to 80% due to an inhibitor and Km is same as before which is the type of inhibition?,A,B,False,B
3845,Malignant melanoma false is,A,D,False,D
3846,Ayre's T-piece is which type of circuit,A,A,True,A
3847,Extrinsic system of coagulation is activated by,A,D,False,D
3848,Most common congenital uterine anomaly is ?,A,A,True,A
3849,Host derived pro inflammatory mediators:,A,A,True,A
3850,Esophageal manometry was performed - it revealed panesophageal pressurization with distal contractile integrity as >450mm Hg pressure in the body. What will be the diagnosis?,A,C,False,C
3851,Carcinoma endometrium with involvement of the vaginal wall is included in which stage ?,A,B,False,B
3852,Special Stain for cryptococcus :,A,C,False,C
3853,Internal anal Sphincter is formed by ?,A,B,False,B
3854,Advantage of Zinc phosphate over GIC is:,A,A,True,A
3855,Iron helps in virulence of which organism,A,C,False,C
3856,Ghon’s complex is not characterized by,A,A,True,A
3857,Most common cause of death in cervical cancer is -,A,D,False,D
3858,"Diseases which are imported into a country in
which they do not otherwise occur is:",A,A,True,A
3859,Elevations found on tooth surface leading to occlusal developmental groove:,A,A,True,A
3860,Phimosis is associated with,A,A,True,A
3861,Ascorbic acid is required for synthesis of ?,A,C,False,C
3862,Maximum broad coverage of denture bearing area provides:,A,B,False,B
3863,Left side shift in Arneth's count is seen in?,A,B,False,B
3864,Sentinel lymph node biopsy was first done in?,A,A,True,A
3865,"G2P1L1 female with 1 : 4 anti D titres at 28 weeks gestation, management is",A,A,True,A
3866,Thrombosis is most commonly associated with what site in CVP,A,A,True,A
3867,Enzyme require for cutting the strand DNA synthesis?,A,D,False,D
3868,All are true about congenital Toxoplasmosis EXCEPT,A,D,False,D
3869,"Among the different zones seen in the flame of the torch, the zone with the highest temperature is:",A,A,True,A
3870,All of the following are true about vasomotor rhinitis except ?,A,A,True,A
3871,In acquired syphilis,A,A,True,A
3872,Stapedius pulls stapes in which direction -,A,A,True,A
3873,"Wide QRS complex 0.12 seconds may be seen in all of the following, except",A,B,False,B
3874,Which of the following elastomeric impression material can lead to the  development of hydrogen gas that envolves from the set material  can result in pin point voids in the zypsum casts that are poured soon after removing the impression from the mouth:,A,B,False,B
3875,New born can be given breast milk after how much time following normal delivery?,A,A,True,A
3876,Amino acids with extra NH2 (amino group) in structure-,A,B,False,B
3877,Which of the following complement factors is a marker of humoral rejection?,A,C,False,C
3878,Meiosis occurs in,A,A,True,A
3879,Increase in lactate and pyruvate is seen in deficiency of,A,C,False,C
3880,Mickey Finn is ?,A,C,False,C
3881,Mechanism of action of Linezolid is :?,A,B,False,B
3882,Which of the following factors is the initiator of extrinsic coagulation system,A,B,False,B
3883,Furcation involvement will have worst prognosis in?,A,A,True,A
3884,Ethylene Glycol antidote is ?,A,D,False,D
3885,Which of the following increases Amphoterecin B induced nephrotoxicity?,A,D,False,D
3886,Samson's theory for Development of Endometriosis is ?,A,D,False,D
3887,All of the following is true about congenital hyperophic pyloric stenosis except,A,C,False,C
3888,Noradrenergic and specific serotonergic antidepressants (NaSSAs):,A,D,False,D
3889,Topical antifungal of choice for aspergillus infection of eye is ?,A,A,True,A
3890,The one-stage full-mouth disinfection concept consists of a combination of the following therapeutic efforts except?,A,A,True,A
3891,Heparin present in the plasma is secreted by which of the following cells?,A,B,False,B
3892,Metabolic change in severe vomiting is,A,A,True,A
3893,Extra permanent tooth to erupt is -,A,B,False,B
3894,Sympathomimetic drug which causes decrease in hea rate ?,A,B,False,B
3895,Which of the following statements about neuroblastoma is not true -,A,B,False,B
3896,Duration of maximum contraction depends upon?,A,A,True,A
3897,"In a population S.D is small and if a small sample size is taken, then",A,C,False,C
3898,World hea day is celebrated on ?,A,A,True,A
3899,Gullen Barre syndrome is most commonly assoviated with?,A,D,False,D
3900,Gastric lavage is contraindicated in which of the following:September 2010,A,B,False,B
3901,Substantia ferruginea is found in -,A,C,False,C
3902,What is false about post menopausal state ?,A,B,False,B
3903,Microbial killing by an antibiotic below its “Minimum inhibitory concentration” is known as?,A,D,False,D
3904,. Beta-blocker should be used with caution in patient of -,A,C,False,C
3905,Most common type of fibroid is ?,A,A,True,A
3906,Maternal moality rate is defined as ?,A,B,False,B
3907,What does chaperones assist in?,A,B,False,B
3908,Surface marking of the oblique fissure of the lung include all except,A,B,False,B
3909,Hormone responsible for galactopoiesis ?,A,D,False,D
3910,Stimulation of Alpha adrenoreceptor causes?,A,D,False,D
3911,Meningococcal vaccine contains ?,A,A,True,A
3912,Similarity between active transpo and facilitated diffusion ?,A,D,False,D
3913,Which vitamin toxicity is associated with excessive sweating -,A,A,True,A
3914,Purkinje fibres are inhibitory for ?,A,A,True,A
3915,17 OH steroid ?,A,D,False,D
3916,Which of the following pass through the vena caval opening of diaphragm?,A,A,True,A
3917,Swinging light test is positive in ?,A,C,False,C
3918,First case to come to the attention of investigator?,A,A,True,A
3919,Hernia common in children,A,A,True,A
3920,Ideal time to sta Iron therapy in a marasamic child with fever and hemoglobin 7 gm% is,A,A,True,A
3921,Inability of exchange of oxygen through lung tissue is known as:,A,B,False,B
3922,Nerve supply to the angle of the mandible is by ?,A,D,False,D
3923,Chvostek sign could be seen after -,A,B,False,B
3924,Which of the following about abdominal pregnancy is true?,A,D,False,D
3925,Lens subluxates in homocystinuria ?,A,D,False,D
3926,Ionic receptors are all except ?,A,A,True,A
3927,Contact lens staining occurs in which ATT drug?,A,B,False,B
3928,Monzygotic twin with one healthy baby born at term and one dead mummified fetusis suggestive of ?,A,D,False,D
3929,Rolling of leucocytes on endothelial cells is mediated by,A,D,False,D
3930,Which of these is a soft tissue analysis?,A,A,True,A
3931,'D' shaped pupil is seen in,A,C,False,C
3932,Decrease extracellular calcium leads to?,A,D,False,D
3933,"Selective reshaping of occlusal surfaces with the goal of establishing a stable, nontraumatic occlusion is?",A,C,False,C
3934,PE is which type of management technique?,A,C,False,C
3935,Non- essential amino-acids are all except -,A,D,False,D
3936,Non phagocytic cells involved in immunity causes lysis of viral infective cells and tumour cells:,A,A,True,A
3937,Organ with least chance of rejection,A,A,True,A
3938,Following are the indicatons of hysterosalpingography except,A,D,False,D
3939,Atropine is not an antidote for?,A,D,False,D
3940,Cecum forms the posterior wall of which hernia,A,A,True,A
3941,The Bipolar cautery is preferred over monopolar cautery in the following surgeries except,A,A,True,A
3942,"In spermatogenesis, independent assoment of paternal and maternal chromosomes occurs during-",A,A,True,A
3943,Mechanism of conversion of trypsinogen to trypsin -,A,A,True,A
3944,Most common ligament damaged in knee injury is,A,A,True,A
3945,Absorbable suture among the following is:,A,C,False,C
3946,Normal transpulmonary pressure during quiet breathing?,A,C,False,C
3947,FHS can be usually heard by stethoscope at ?,A,C,False,C
3948,Aggressive periodontitis is characterized by the following major common features except?,A,B,False,B
3949,Most suitable type of pelvis in female ?,A,A,True,A
3950,Aseptate vegetative hyphae are seen in?,A,D,False,D
3951,FERNING is due to ?,A,A,True,A
3952,Flexor carpi radialis inses into ?,A,B,False,B
3953,Drug of choice for anaesthesia in a patient with liver disease?,A,B,False,B
3954,Most mobile segment of veebral column is -,A,A,True,A
3955,Major source of energy for brain in fasting/ starvation ?,A,D,False,D
3956,Salivary protein is commonly found in:,A,A,True,A
3957,Prerequisite for sympathetic ophthalmitis,A,A,True,A
3958,True about lepromatous leprosy ?,A,C,False,C
3959,Which structure does not pass through superior thoracic apeure -,A,D,False,D
3960,Drug acting on 'S' phase of cycle ?,A,D,False,D
3961,Best to diagnose unruptured ectopic pregnancy ?,A,C,False,C
3962,Citrate used in fatty acid synthesis uses which enzyme ?,A,A,True,A
3963,All but one increase levels of sex hormone binding globulin,A,B,False,B
3964,Which stage of Leishmania is found in spleen aspirate of patient ?,A,A,True,A
3965,The vaccine against N-meningitidis contains ?,A,B,False,B
3966,"When a high survey line is present, the undercut will be deep. Hence, the clasp should be:",A,A,True,A.
3967,Which of the following is not a pa of ECM ?,A,A,True,A
3968,Nick oxide is synthesized from?,A,A,True,A
3969,Meigs syndrome is associated with which tumor ?,A,A,True,A
3970,Patients with which of the following conditions are at greatest risk of pernio,A,A,True,A
3971,Which of following  is not locally applied antiseptic:,A,A,True,A
3972,Sexual gratification by inflicting pain on paner -,A,B,False,B
3973,"In elbow, osteochondritis usually involves",A,D,False,D
3974,Cocaine was first used as local anaesthetic by ?,A,A,True,A
3975,Pegvisomant is ?,A,C,False,C
3976,Gingiva marked by an arrow is known as:,A,A,True,A
3977,High fusing ceramics?,A,A,True,A
3978,Which one of the following sets of components of cigarette smoke is a causal agent of coronary aery disease -,A,B,False,B
3979,Which of these is true about antibodies:,A,A,True,A
3980,Contralateral loss of pain and temperature is due to injury to:,A,B,False,B
3981,Alderman’s nerve is?,A,A,True,A
3982,Clasp indicated to engage a distobuccal undercut adjacent to distal extension space:,A,B,False,B
3983,Suture used primarily when the surgical procedure is of limited extent and involves only the tissue of the buccal or lingual aspect of teeth?,A,D,False,D
3984,By what age can a newborn recognize mother?,A,A,True,A
3985,For attention-deficit hyperactivity disorder drug of choice is,A,C,False,C
3986,"Which group of composite resins are called as ""dental caulk""?",A,A,True,A
3987,The process by which the three germ layers are formed during the development of the embryo is called–,A,A,True,A
3988,Ideal time gap between 2 live vaccination -,A,B,False,B
3989,Torsades de pointes is seen in all except,A,D,False,D
3990,The permanent teeth have all the following characteristics as compared to the deciduous teeth except:,A,A,True,A
3991,A:G maintained in,A,D,False,D
3992,Epalrestat  is a new?,A,D,False,D
3993,Amsel criteria for the diagnosis of bacterial vaginosis does not include?,A,D,False,D
3994,Chordoma arises from:,A,B,False,B
3995,Oral gymnastic appliance is the name given to:,A,D,False,D.
3996,Approach aims to shift the patients attention from the dental setting to some other situation is?,A,A,True,A
3997,Aspirin and NSAIDS are most commonly involved in which non-immunological reaction?,A,C,False,C
3998,Name the finish line which is similar to a knife edge but it is marginally thinner:,A,B,False,B
3999,Purtscher retinopathy is seen in?,A,C,False,C
4000,Prostate cancer that is limited to the capsule and not the urethra would be satged as -,A,C,False,C
4001,Both intranuclear and intracytoplasmic inclusion bodies seen in?,A,C,False,C
4002,What is the age of the child who draws a circle and builds tower of 7 cubes?,A,B,False,B
4003,Type of epithelium in which cell nuclie are lacking in the outer cell layers is?,A,A,True,A
4004,Hyperammonaemia inhibit TCA cycle by depleting?,A,A,True,A
4005,True about transdermal drug delivery system are all except?,A,D,False,D
4006,Ximelagatran is used as ?,A,B,False,B
4007,Patient with pulmonary fibrosis. Which antiarrhythmic drug should not be given,A,A,True,A
4008,Which is best to represent the data of following table -Year1991199219931994Number of LBW bodies751255025,A,A,True,A
4009,What is the percentage body surface area involved in head + face in burns,A,D,False,D
4010,Number of barr bodies in klinfellter's syndrome is -,A,B,False,B
4011,Patient comes with 3 missing teeth.Total edentulous area: 24 mm.if size of 1 implant is 5mm x 11.5 and other two implants are of same size. What is the diameter of other implants.,A,B,False,B
4012,First to occur after a sharp nerve cut ?,A,A,True,A
4013,Test used to compare two proportions:,A,D,False,D
4014,Internal resorption:,A,D,False,D
4015,Shingles Is caused by which of the following ?,A,A,True,A
4016,Test done to diagnose syphilis in newborn if mother is syphilitic -,A,A,True,A
4017,Taurine is biosynthesized by ?,A,D,False,D
4018,Trauma to primary dentition occurs most commonly in age group,A,A,True,A
4019,Which of the following is not an intrinsic muscle of eye?,A,D,False,D
4020,Stage 3 of renal failure is characterised by glomerular filtration rate (GFR) of:,A,A,True,A
4021,Nucleus ambiguus is not associated with which cranial nerve:,A,D,False,D
4022,"A Female patient was on lithium for bipolar disorder for 6 months.she fasted for some days due to religious condition and later presented with seizures,tremors, confusion and weakness. What investigations have to be done to diagnose her condition",A,B,False,B
4023,The cofactor vitamin B12 is required for the following conversion:,A,B,False,B
4024,Use of PGF 2 a analogues is contraindicated in ?,A,C,False,C
4025,Stereocilia are present in?,A,B,False,B
4026,The lingual flange of the lower denture in the posterior region is limited by:,A,D,False,D
4027,Proteins are stored as ?,A,A,True,A
4028,Cross sectional study is:,A,D,False,D
4029,"RGD Motifs helps in cementum formation has a sequence of 3 amino acids except one, which is:",A,C,False,C
4030,All are components of Active Management of the Third Stage of Labor except ?,A,A,True,A
4031,Jock itch is caused by?,A,A,True,A
4032,Which of the following is not a cause of neonatal anaemia?,A,C,False,C
4033,Oncotic pressure is contributed by?,A,D,False,D
4034,"Mean bone density amongst 2 groups of 50 people each is compared, which would be the best test:",A,B,False,B
4035,All can cause Multiple Collapsed Verterbra except ?,A,A,True,A
4036,Blackening of eye most common because of:NEET 13,A,D,False,D
4037,Not an absolute contraindication for methylergometrine use is ?,A,D,False,D
4038,Baroreceptors are related to which vessels?,A,A,True,A
4039,Which is the narrowest poion of the esophagus?,A,B,False,B
4040,Type of joint between major and minor connector in RPD:,A,A,True,A
4041,Chamberlains line is ?,A,A,True,A
4042,Most sensitive test in syphilis -,A,D,False,D
4043,Prosthetic valves are predisposed to -,A,D,False,D
4044,Which of the following is true about cocaine metabolite test,A,A,True,A
4045,The form of sexual perversion in which an individual achieves sexual gratification only by infliction of pain upon him by the partner is–,A,D,False,D
4046,Maximum success after reversal of tubal ligation?,A,C,False,C
4047,Variable deceleration is seen in ?,A,C,False,C
4048,Argemain oil contamination of mustard oil can be detected by ?,A,B,False,B
4049,Investivation of choice for liver metastasis in gastric carcinoma is?,A,B,False,B
4050,Most effective Cu-T is?,A,A,True,A
4051,The proper position of the toothbrush (i.e. Bass technique) at the gingival margin becomes difficult due to:,A,A,True,A
4052,Most potent opioid is ?,A,C,False,C
4053,Vitamin B12 deficiency causes ?,A,A,True,A
4054,Difference between clinical alveolar crest level and radiographic alveolar crest level is :,A,A,True,A
4055,Complication of Benign Ovarian Cysts is ?,A,A,True,A
4056,Which of the following is not an adverse effect of cyclophosphamide?,A,B,False,B
4057,Initiation of pulpal sensation by stimulating dentin is mediated by?,A,C,False,C
4058,Breast milk has more…………. in comparison to cow's milk:,A,B,False,B
4059,"Clinical trials providing the etiology of a disease by inducing it with the agent in animals, or withdrawing the agent?",A,A,True,A
4060,Common misdiagnosis of paial mole is,A,A,True,A
4061,Implant is seperated from adjacent bone by a soft tissue layer along most of the interface is known as:,A,B,False,B
4062,Crowning is,A,C,False,C
4063,HbsAg is based on which principle,A,C,False,C
4064,Ipsilateral third nerve lesion & contralateral hemiplegia seen in?,A,A,True,A
4065,"The patient came with proptosis, restriction of eye movements, and was Euthyroid. What could this be from?",A,D,False,D
4066,The most common type of strabismus seen in myopes is?,A,B,False,B
4067,MC location of gastrinoma in MEN-1 syndrome?,A,A,True,A
4068,Fastest onset skeletal muscle relaxant is?,A,A,True,A
4069,Tumor lysis syndrome is characterized by all except:,A,D,False,D
4070,"A fracture can be defined as a sudden violent breach of continuity of bone, which may be complete or incomplete in character. Contusion is produced by blunt trauma that results in edema and hematoma formation in the subcutaneous tissues.",A,A,True,A
4071,Most common cause of GERD:,A,B,False,B
4072,"Prolapsed of uterus in nulliparous women, treatment is?",A,A,True,A
4073,Specific activity of enzyme is ?,A,A,True,A
4074,Advantages of breast feeding for the children:,A,D,False,D
4075,"A 19-year-old girl has 1 week history of fever, anorexia and a sore throat. Her  cervical, axillary and inguinal lymph nodes are palpable. Palatal petechiae are seen with inflamed  tonsils. Lab investigation shows lymphocytosis and presence of atypical lymphocytes. Diagnosis?",A,C,False,C
4076,Oxidation of very long chain fatty acids takes place in ?,A,D,False,D
4077,CCR5 mutation is related to which condition ?,A,A,True,A
4078,Iliotibial band contracture in patients of poliomyelitis will lead to,A,B,False,B
4079,Lactate produced anaerobically is used by,A,A,True,A
4080,Multiple air fluid levels in X-ray of abdomen is seen in,A,C,False,C
4081,Tetany is seen in,A,A,True,A
4082,Eale's disease is ?,A,A,True,A
4083,Beta blockers used in thyroid storm cause ?,A,B,False,B
4084,Hypothalamus increases release of all hormones from the pituitary except ?,A,C,False,C
4085,Which of the following is an example of active transpo?,A,C,False,C
4086,The role of P-selecting in inflammation is–,A,A,True,A
4087,Tuberculosis spine; most common site is,A,C,False,C
4088,Most common presenting age of Ewings sarcoma is?,A,B,False,B
4089,Efficacy of a drug means?,A,D,False,D
4090,A young man met with a motorbike accident and had injuries to ileum and jejunum. Therefore the entire ileum and paial jejunum were resected. Which of the following would the patient suffer from,A,A,True,A
4091,"In children, CHF (congestion hea failure) is diagnosed by",A,A,True,A
4092,Type of inhibition of aconitase by Transaconitate is?,A,B,False,B
4093,Type of minor connector in mandibular distal extension denture base:,A,C,False,C
4094,24 day neonate with projectile vomiting & failure to gain weight .what is the diagnosis,A,A,True,A
4095,Which is not most important and decisive factor in CRP?,A,A,True,A
4096,Calcification in osteosarcoma is due to presence of,A,A,True,A
4097,Investigation of choice for optic neuritis is ?,A,A,True,A
4098,What is the effect of co administration of rifampicin and ritonavir in patients suffering from AIDS?,A,B,False,B
4099,Which of the following does not have sympathetic noradrenergic fibers ?,A,B,False,B
4100,Treatment of bronchiolitis includes all except -,A,D,False,D
4101,PGE1 analogue is ?,A,B,False,B
4102,IgM appears in fetus at what gestational age -,A,B,False,B
4103,"If the pocket wall is bluish red, soft, spongy, and friable, with a smooth, shiny surface; clinically it is referred to as?",A,C,False,C
4104,Which of the following is most impoant in sodium and water retention ?,A,D,False,D
4105,Waste Sharps should be disposed in ?,A,B,False,B
4106,Arm tongue time is ?,A,A,True,A
4107,Aggressive periodontitis differs from chronic periodontitis as the former has?,A,A,True,A
4108,An implant exhibiting peri-implant mucositis involves inflammation confined to soft tissue exclusively is referred to as:,A,A,True,A
4109,"In cardiac muscles, T-tubules are present at?",A,A,True,A
4110,Example of exopeptidase is ?,A,D,False,D
4111,Locking compression plating for is commonly indicated in the following fracture types,A,B,False,B
4112,"18 weeks pregnancy of a lady, last two times history of midtrimester aboion, which was painless. What is the diagnosis ?",A,B,False,B
4113,Tissue factor activates?,A,A,True,A
4114,All of the following are true about tibialis anterior except ?,A,D,False,D
4115,Facial fractures in children have a very low incidence because,A,A,True,A
4116,Lab investigation of choice for checking extrinsic pathway:,A,D,False,D
4117,Central chemoreceptors are not stimulated by?,A,A,True,A
4118,The incisal guidance should be:,A,A,True,A
4119,The treatment of choice in Attention Deficit Hyperactivity Disorder’s:,A,C,False,C
4120,"""Tree in bud appearance"" on CT is seen in",A,A,True,A
4121,Upto Level III lymph node dissection is done for which nodal status of oropharyngeal cancer?,A,B,False,B
4122,In cobalamin deficiency which is not seen,A,A,True,A
4123,Nerve injured in McRobes maneuver is ?,A,B,False,B
4124,Pain which goes through direct channels from skin receptors to pain centers in brain is component of:,A,C,False,C
4125,What is the average weight gain of the neonate per day,A,B,False,B
4126,Nalgonda technique for defluoridation is in what sequence?,A,D,False,D
4127,"Following corneal transplantation, most common infection occur ?",A,A,True,A
4128,Bagassosis is due to long term inhalation of?,A,B,False,B
4129,Ankyloblepheron is defined as,A,A,True,A
4130,Which nucleus is not seen in floor of the 4th ventricle -,A,A,True,A
4131,What is the difference between Hb-0 dissociation curve and Hb-CO curve?,A,B,False,B
4132,The sign with patch of dullness beneath the angle of left scapula in a patient with pericardial effusion is named as -,A,A,True,A
4133,Seminal colliculus is present in ?,A,B,False,B
4134,Dejerine roussy syndrome is?,A,A,True,A
4135,Most common breech position is,A,B,False,B
4136,The direction of resorption in mandibular ridge:,A,A,True,A
4137,"Azoospermic patient can be a father of a child, by which of the following?",A,C,False,C
4138,Plantiff is a person who ?,A,A,True,A
4139,Hyperanslucent chest X-ray is seen in all except,A,B,False,B
4140,Not a risk for ectopic pregnancy ?,A,A,True,A
4141,Which of the following is not involved in urethritis,A,B,False,B
4142,Lights criteria is used for,A,A,True,A
4143,Infantile body propoion in adults is seen in all except-,A,A,True,A
4144,Treatment of restless leg syndrome is?,A,A,True,A
4145,Relationship between positive predictive value and prevalence ?,A,B,False,B
4146,Normal urine flow rate in healthy adults in urodynamic study is -,A,B,False,B
4147,Which of the following structure is not derived from external oblique muscle:,A,A,True,A
4148,Area covered between two standard deviation in a normal distribution curve:,A,B,False,B
4149,Murmur heard in aoic stenosis,A,D,False,D
4150,"Kamla, 30 years old, P2L2 with 3.2 x 4.1 cm fibroid uterus, complains of menorrhagia and is on symptomatic treatment since 6 months. The patient refuses surgery. Next line of management is ?",A,A,True,A
4151,Kwashiorkar is due to deficiency of,A,A,True,A
4152,Tom smith septic ahritis is-,A,C,False,C
4153,Droplet nuclei is a type of ?,A,B,False,B
4154,"An abrasion results from friction along a surface, removing or peeling of the superficial layers of the skin that results in a raw exposed or bleeding surface. On the other hand, laceration is one which causes a discontinuity in the skin or mucosal surface, which can be simple, stellate, jagged, bev",A,A,True,A
4155,Hypertension is most closely related to the formation of which one of the following types of aneurysms?,A,B,False,B
4156,Dull visceral pain is carried by which type of neurons?,A,C,False,C
4157,"In last decade, duodenal ulcer and its morbidity is reduced due to",A,B,False,B
4158,3 month old child with indrawing chest with respitratory rate 52/min classified as,A,B,False,B
4159,"As per the sustainable development goals, The target for MMR is to achieve maternal deaths of",A,C,False,C
4160,In Diapragmatic Hernia. Most common anomaly is seen in,A,A,True,A
4161,The bio availability of the drug depends upon?,A,A,True,A
4162,"Drug-induced enlargement never occur in mouths with little or no plaque;
It can be absent in mouths with abundant deposits:",A,C,False,C
4163,Infective endocarditis least common in?,A,A,True,A
4164,The intraocular lens in cataract surgery is placed in ?,A,B,False,B
4165,Which of the following vitamin at higher doses causes cystoid macular edema-,A,A,True,A
4166,'Rule of 10' is applied in:,A,A,True,A
4167,Guanidinium group is associated with -,A,B,False,B
4168,Major reservoir of KFD ?,A,B,False,B
4169,Antibodies against PGL-1 are seen in?,A,A,True,A
4170,All of the following may lead to pneumatocele formation except,A,A,True,A
4171,35yr old female was watching TV for long hours with hands under her head. She complains of tingling sensation over her arm. Which type of nerve fibers is most likely to be affected?,A,C,False,C
4172,"By the commercial infant food, total oral intake of fluoride by infants is about?",A,A,True,A
4173,Coronary steal phenomenon caused due to,A,D,False,D
4174,"A 9-year-old child reports to the office with a maxillary permanent central incisor having a small hypoplastic spot on the labial surface as the chief complaint. The child gives a history of fall when he was 4 years old, which resulted in a fracture of his maxillary primary incisor. The most probabl",A,D,False,D
4175,A 25 years old lady with a history of fever for 1 month presents with headache and ataxia.Brain imaging shows dilated ventricles and significant basal exudates. Which of the following will be the most likely CSF finding:,A,A,True,A
4176,Inverse stretch reflex is a?,A,C,False,C
4177,A study had a normal distribution with the median value as 200 and standard detion 20. 68 % will fall between,A,C,False,C
4178,Bacterial species that have been proposed to be protective or beneficial to the host are all except;,A,C,False,C
4179,Laser used for dentin hypersensitivity acts by:,A,D,False,D
4180,The terminal portions of the principal fibers of PDL that are inserted into cementum and bone are termed as?,A,C,False,C
4181,CTEV shoe true is,A,C,False,C
4182,"Tetany in muscle occurs inspite of normal serum Ca"" level. Which ion is responsible ?",A,A,True,A
4183,Which of the following is not a contraindication of MRI,A,A,True,A
4184,Most commonly used technique for recording centric relation is :,A,D,False,D
4185,Carpal tunnel syndrome all are present except,A,B,False,B
4186,Commonest cause of cerebro vascular accident,A,C,False,C
4187,Mean hemoglobin in a 1 year old child is,A,A,True,A
4188,Glaucoma drug which is beta 1 selective beta blocker is?,A,D,False,D
4189,"Choice of adjuvant treatment for endometrial carcinoma stage IA, grade I is?",A,A,True,A
4190,Autosomal dominant mode of inheritance is seen in–,A,B,False,B
4191,Emphasis shifted from urban to rural services?,A,A,True,A
4192,Food poisoning that present within 6 hours is due to?,A,A,True,A
4193,Vasa pre is seen in which type of placenta ?,A,B,False,B
4194,Specific feature of simvastatin ?,A,C,False,C
4195,Transfer of metabolites in pulp is due to:,A,C,False,C
4196,In which part of fallopian tube does ectopic pregnancy occurs most frequently:,A,C,False,C
4197,Wright classification of behaviour does not include:,A,C,False,C
4198,Level 1 suppo of uterus & vagina is ?,A,D,False,D
4199,Following is true about leuteoma of pregnancy ?,A,D,False,D
4200,CSF pressure is increased in all except -,A,A,True,A
4201,Observation under nursing care for 24 hours in an hospital is defined as ?,A,A,True,A
4202,Metastasis to thyroid comes from which primary site of malignancy?,A,D,False,D
4203,Which of the following drug causes pigmentation of skin?,A,A,True,A
4204,Delphian nodes are ?,A,A,True,A
4205,Cold bend test is used to measure,A,A,True,A
4206,Which of the following GAG is not sulphated ?,A,D,False,D
4207,Differential diagnosis of solitary pulmonary nodule are all except -,A,D,False,D
4208,RET proto-oncogene is associated with the development of,A,A,True,A
4209,Most common cause of lobar consolidation,A,A,True,A
4210,Who much amount of alveolar bone should be lost to be seen on radiograph:,A,C,False,C
4211,Oropharyngeal commensal which predisposes to candidiasis -,A,D,False,D
4212,For prevention of headache during spinal anaesthesia?,A,B,False,B
4213,Pregnant uterus will compress ureters at ?,A,B,False,B
4214,Lorothidol added in periodontal packs acts as?,A,A,True,A
4215,A rapid chairside tets kit for AST (ASparate aminotransferase) is?,A,A,True,A
4216,Which organism can peneterate corneal endothelium?,A,C,False,C
4217,All of the following statements are true about calcifications in breast EXCEPT ?,A,B,False,B
4218,Amalgam scrap should be stored under:,A,B,False,B
4219,Investigation of choice in endometriosis ?,A,A,True,A
4220,An extra row of cilia posterior to the grey line,A,A,True,A
4221,"Embryo is called ""fetus"" after how many weeks post feilization/conception ?",A,B,False,B
4222,Which of the following is not commonly seen in Polycythemia Vera,A,C,False,C
4223,Who developed split palate appliance variety?,A,A,True,A
4224,All of the following are examples of Dietary fibre except-,A,B,False,B
4225,Central stellate scar is seen in,A,A,True,A
4226,The interval between ovulation and LH surge is ?,A,A,True,A
4227,"3 days old newborn with unknown inborn error of metabolism, hyperammonemia in blood.",A,C,False,C
4228,An individual of age 40 yrs presents with dysphagia to both solids and liquids with symptoms of regurgitation. Patient also complaints of chest pain and weight loss. Which of the following is the preferred investigation for diagnosis of this pathology?,A,C,False,C
4229,"Under ESI act, the state government's share of expenditure on medical care is?",A,A,True,A
4230,Not true about chronic pyelonephritis in children –,A,A,True,A
4231,Amount of diphtheria toxoid in DT is ?,A,A,True,A
4232,"3cm stone in cystic duct near the ampulla of vater, The Method of removal is a",A,A,True,A
4233,"33 yr old female with heavy menstrual bleeding for 6 months comes to the gynaecology OPD. On examination, no abnormality was seen. USG also appeared normal. The patient was tried to be managed on non-hormonal treatment but it failed. What will be the next management step?",A,A,True,A
4234,Which of the following is the principal steroid secreted by the fetal adrenal cortex?,A,A,True,A
4235,H is given in ?,A,B,False,B
4236,Finish line shown in the colour plate is known as:,A,A,True,A
4237,True about Bennett movement is:,A,A,True,A
4238,Which of the following is the most common anamoly in patients with fanconi's anemia?,A,B,False,B
4239,Diagnosis of filariasis is confirmed most commonly?,A,B,False,B
4240,GLUT2 is present mainly in ?,A,A,True,A
4241,Which of the following action of GH is mediated by IGF-1,A,A,True,A
4242,Most common cause of anterior uveitis ?,A,B,False,B
4243,Peau d’ orange appearance of breast is due to?,A,C,False,C
4244,LDD system is contraindicated:,A,C,False,C
4245,Nasal vestibule is,A,A,True,A
4246,Which of the following anesthetic agent most is lipid soluble?,A,B,False,B
4247,Which of the following is true about CTEV,A,B,False,B
4248,"Peau de orange appearance of Ca breast, what is the stage",A,A,True,A
4249,"A 2010 study with a group of 10,000 adults in a city were asked about their alcohol and tobacco consumption. The occurrence of cancer was studied in this group b/w the year 2015-2018. This is an example of?",A,C,False,C
4250,Virchow's triad consists of all except:,A,D,False,D
4251,Which of the following ECG features are not seen in patients with ventricular tachycardias?,A,D,False,D
4252,Management of ecclampsia in 34 weeks of pregnancy is -,A,D,False,D
4253,Coxsackievirus A16 causes,A,B,False,B
4254,"In order to complete a cutting circle of canal wall, the triangular shaft instrument requires:",A,A,True,A
4255,Q-T elongation is seen in which drug?,A,B,False,B
4256,Which view is taken for aoic window -,A,B,False,B
4257,Overnight fasting what occurs ?,A,A,True,A
4258,In which of the following type of fluid viscosity decreases with repeated stress:,A,C,False,C
4259,Most common etiology of erythema multiforme is?,A,B,False,B
4260,The normal distribution curve depends on:,A,C,False,C
4261,"For diagnosis of TB, Sputum microscopy has ?",A,C,False,C
4262,Most reliable indicator to prevent oesophageal intubation ?,A,C,False,C
4263,Which Dipheria vaccine is recommended in a 14 years old girl ?,A,C,False,C
4264,Vital capacity is measured by ?,A,D,False,D
4265,Baroreceptor is most sensitive for?,A,B,False,B
4266,Gamma knife utilizes -,A,C,False,C
4267,Cardiac output increases maximum at which week?,A,D,False,D
4268,An infeile woman has bilateral tubal block at cornua diagnosed on hysterosalpingography. Next treatment of choice is ?,A,B,False,B
4269,Locard is famous for:,A,A,True,A
4270,Which type of gingival enlargement has a tendency to recurrence:,A,B,False,B
4271,Amino sugar are formed forms ?,A,B,False,B
4272,"In a patient of trench mouth, interproximal architecture has been lost, and having history of smoking, the
antibiotic or combination required to treat this is:",A,A,True,A
4273,"In IVF, embryos are transferred back to uterine cavity at cells stage ?",A,B,False,B
4274,Most common intraocular malignancy in adults is?,A,A,True,A
4275,Baroreeaptors are located in ?,A,A,True,A
4276,Drug causing abruption placenta ?,A,B,False,B
4277,WHO has recommended a sugar intake of less than _____ of total energy intake for the prevention of caries?,A,B,False,B
4278,Most common cancer in pregnancy ?,A,B,False,B
4279,Chronic adrenal insufficiency is caused by the following organisms except,A,A,True,A
4280,DOC for diphtheria carrier state is?,A,C,False,C
4281,Visceral swallow is considered normal till the age of:,A,A,True,A
4282,All are alpha-blocker except?,A,B,False,B
4283,The cavosurface margin of inlay preparation should be:,A,C,False,C
4284,Effective antibiotic against refractory periodontitis is:,A,B,False,B
4285,Prolonged surgery time of vaginal hysterectomy would lead to damage to which nerve ?,A,A,True,A
4286,Hyaline membrane contains,A,B,False,B
4287,Features of Usher's Syndrome include all except ?,A,D,False,D
4288,PID after inseion of IUD is seen in how many weeks?,A,C,False,C
4289,Which of these is a selective COX-2 inhibitor:,A,A,True,A
4290,True about impact strength test is:,A,D,False,D
4291,"A child presents with recurrent pulmonary infections for hemoptysis due to associated bronchiectasia and on imaging characterized by unilateral loss of lung volume with hyperlucency on chest radiograph, reduction in vascularity on CT scan of the chest. The abdominal organs are normally place (d) mos",A,B,False,B
4292,Junction between the acrylic denture base and the major connector or any polished metal surface is known as:,A,A,True,A
4293,Maximum linolenic acid is present in ?,A,D,False,D
4294,A 40 year old male presented with a penetrating trauma to chest. He is dyspnoeic with distended neck veins with hypotension and mediastinum is shifted to opposite side. There is a sucking wound over the chest. The most appropriate management would be,A,A,True,A
4295,Mechanism of action of Abatacept is?,A,C,False,C
4296,Action potential generates at fastest rate in?,A,A,True,A
4297,What is the treatment for patient with hyperophic nonunion with deformity at fracture site?,A,D,False,D
4298,Folding defect is associated with which disease,A,C,False,C
4299,Levamisol is a/an ?,A,C,False,C
4300,Chronic lung disease in a infancy is defined as,A,A,True,A
4301,"Locally delivered, sustained-release form of minocycline microspheres for subgingival placement is?",A,C,False,C
4302,Niemann’s pick disease is due to deficiency of which enzyme?,A,A,True,A
4303,Pink color in the IMNCI cha is suggestive of,A,B,False,B
4304,Earliest sign of primary congenital glaucoma ?,A,A,True,A
4305,Snap set is a feature of :,A,A,True,A
4306,cAMP activates?,A,A,True,A
4307,Engagement of head in labour means ?,A,B,False,B
4308,"Statement 1: In the primary dentition, teeth are more frequently displaced or luxated than they  are fractured. Statement 2: This is because the alveolar bone in the young child has large marrow  spaces and is relatively pliable.",A,A,True,A
4309,Distending capacity of lung is maximum at?,A,B,False,B
4310,Which of these drugs is a non-selective β-blocker?,A,A,True,A
4311,'Floating Teeth' are seen in which of the following conditions:,A,B,False,B
4312,Distance between the end of the investment material(phosphate bonded) and the wax pattern should be:,A,A,True,A
4313,"Parents of the Child complains of assaulted by one of their relatives and anal pain in a child, On investigation test shows yellow iodine crystals with picric acid - what is the name of the test?",A,A,True,A
4314,Which type of implant design is preferred:,A,A,True,A.
4315,Normal Myeloid - erythroid ratio is -,A,A,True,A
4316,Abdominal wall structures that usually contribute directly to the spermatic cord include:,A,B,False,B
4317,Cutoff for surgery in an abdominal aoic aneurysm in asymptomatic patients-,A,A,True,A
4318,"Which metal results in ""Saturnine gout"" formation?",A,B,False,B
4319,RIFLE criteria is used for diagnosis of,A,A,True,A
4320,Screening is not useful in which carcinoma,A,A,True,A
4321,Which of the following is used for treastment of bronchiolitis is?,A,A,True,A
4322,All the following apply to Parkinson disease except,A,D,False,D
4323,X on BERA is generated at:,A,A,True,A
4324,Zieve syndrome is characterized by all except,A,A,True,A
4325,Limiting structures of the mandible:,A,D,False,D
4326,Most common complication of fracture of tibia,A,A,True,A
4327,Concavities in the crest of the interdental bone confined within the facial and lingual walls are known as?,A,B,False,B
4328,Cotton ball appearance in osazone test is suggestive of:,A,A,True,A
4329,Anorectal ring is made up of all of the following except–,A,A,True,A
4330,Which of the following enzyme decreases the orthodontic tooth movement?,A,A,True,A
4331,Nutrient aery runs ?,A,A,True,A
4332,"To take bitewing radiograph in adults, which ISO film is used?",A,A,True,A
4333,Refractory error measured by all except ?,A,A,True,A
4334,Most common sign of LI in children is,A,A,True,A
4335,Which of the following orthodontic wires has maximum surface friction with orthodontic brackets?,A,D,False,D
4336,TB uterus all is true except?,A,A,True,A
4337,Sites that bleed on probing have a greater area of inflamed connective tissue includes all except?,A,B,False,B
4338,Broadman's area for motor speech?,A,D,False,D
4339,Abuse of which of these drugs causes seizures most commonly?,A,B,False,B
4340,Binder present in phosphate bonded investment material is:,A,D,False,D
4341,Joint position sense from upper limb is carried by?,A,D,False,D
4342,"In patients requiring a lingual frenectomy, the denture should be made :",A,B,False,B
4343,Cross product ratio is determined by which study ?,A,A,True,A
4344,Crown height space for implants is measured form:,A,A,True,A
4345,All are features of SIRS except-,A,B,False,B
4346,Which of the following parameters remains unchanged during isotonicexercise?,A,B,False,B
4347,True for epidemiological triad,A,B,False,B
4348,Fibrosis of upper lobe is due to,A,B,False,B
4349,Type A bioterrorism Agent-,A,B,False,B
4350,What is the nerve supply of Submandibular gland:,A,B,False,B
4351,Kcat/km is a measure of -,A,B,False,B
4352,Cervical cancer III B treatment is ?,A,D,False,D
4353,Carcinoma originating from glands is called,A,C,False,C
4354,"Some patients with severe form of Idiopathic infantile hypercalcemia, presnt with phenotypic features similar to which of the following?",A,A,True,A
4355,Abetalipoproteinemia affects ?,A,A,True,A
4356,Killian's polyp is a/an,A,A,True,A
4357,The feature which distinguishes NUP from NUG is:,A,C,False,C
4358,Temperature of NICU is,A,B,False,B
4359,Which antibiotic should not be given after drinking milk?,A,B,False,B
4360,OMNIGENE is,A,A,True,A
4361,Extremities are warm in which type of shock,A,D,False,D
4362,Silk retina is seen in ?,A,B,False,B
4363,Drugs which is not metabolized by acetylation ?,A,D,False,D
4364,Austrian syndrome is caused by which infection,A,A,True,A
4365,Left recurrent laryngeal passes between ?,A,A,True,A
4366,History of trauma with a stab injury to the right lower chest with low BP and low pulse rate. It can be improved with IV fluids and after resuscitation in the trauma center patient's BP becomes normal. A chest X-ray showed clear lung fields. What will be the next step-,A,D,False,D
4367,The reflex in which there is inhibition of gastric emptying when there is acid and hypeonic solution in the duodenum?,A,A,True,A
4368,Tuberculosis of spine most commonly affects which veebral segment?,A,A,True,A
4369,Which of the following accumulates in maple syrup urine disease,A,D,False,D
4370,"For soldering an orthodontic wire, the solder and flux used are:",A,D,False,D
4371,Which of the following is not particulate radiation?,A,C,False,C
4372,All of the following can cause deficiency of pyridoxine except–,A,A,True,A
4373,One among following not the feature of oronasal respiration?,A,B,False,B
4374,Hypercementosis is not seen in:,A,A,True,A
4375,According to Misch thin cortical bone surrounds highly trabecular core is:,A,A,True,A
4376,A 30-year-old is 14 weeks pregnant. She had two painless deliveries at 16 weeks earlier. Next line of management is ?,A,B,False,B
4377,Elastic fibers of tunica media are secreted by,A,C,False,C
4378,Triad of normal pressure hydrocephalus includes all except -,A,A,True,A
4379,"In a case of salt-water drowning, in the first 8–12 minutes, all of these features occur except–",A,D,False,D
4380,Ricochet bullet is,A,C,False,C
4381,Which of the following is the management for neglected case of CTEV in a patient > 10 years of age?,A,A,True,A
4382,Most effective blinding technique ?,A,B,False,B
4383,Dispersive prism functions for,A,A,True,A
4384,Digital. radiography differs from conventional in,A,C,False,C
4385,"As fluid comes down the PCT, what is true ?",A,A,True,A
4386,Epithelial sodium channels has ?,A,A,True,A
4387,"Chandlers index for Hookworm, when it is health problem ?",A,A,True,A
4388,Which is maximally absorbed from GIT ?,A,B,False,B
4389,Arrange the following elastomeric impression material in decreasing order of their value of cofficient of thermal expansion:,A,A,True,A
4390,Carbapenem which has tendency to cause maximum seizures?,A,A,True,A
4391,"In humans, ascorbic acid cannot be synthesized because of ?",A,C,False,C
4392,"Which of the following is used for the patient on antiparkinsonian medication levodopa + carbidopa, but patient showing marked on - off effect?",A,A,True,A
4393,In cervical incompetence diameter of internal os of cervix is -,A,A,True,A
4394,Mechanism of action of Oseltamivir?,A,C,False,C
4395,Opioid causes ?,A,B,False,B
4396,Health care delivery indicators are all except?,A,A,True,A
4397,Most common type of cementoenamel junction is:,A,A,True,A
4398,Infeility is defined as ?,A,A,True,A
4399,"If the gold content in solder is decreased, it will lead to:",A,B,False,B
4400,Which of the following is present in materia alba?,A,C,False,C
4401,A new method for determining tooth mobility presented by Schulte is?,A,B,False,B
4402,Pure motor loss seen in?,A,B,False,B
4403,HMG-CoA in liver mitochondria is inhibited by ?,A,A,True,A
4404,What does the granules in granular cell subtype of ameloblastoma made of ?,A,B,False,B
4405,Pnigerophobia is fear of ?,A,A,True,A
4406,"A 55 year old woman presented with history of recurrent episodes of right upper abdominal pain for the last one year. She presented to emergency with history of jaundice and fever for 2 days. On examination, the patient appeared toxic and had a blood pressure of 100/60 mmHg. She was staed on intrave",A,A,True,A
4407,The earliest feature of 3rd cranial nerve involvement in diabetes mellitus patient is -,A,D,False,D
4408,Progesterone synthesis requires -,A,A,True,A
4409,Mantle field radiation was used for management of -,A,B,False,B
4410,Implantation occurs after how many days of feilization?,A,A,True,A
4411,The cavosurface angle for amalgam restoration:,A,A,True,A
4412,Which of the following cannot be used to detect HIV status in early infancy?,A,C,False,C
4413,Commonest cause for puerperal sepsis is:,A,B,False,B
4414,Example of precipitation test is,A,B,False,B
4415,Another name for mancehster operation for uterine prolapse is ?,A,A,True,A
4416,Which of the following can result in dactylitis,A,D,False,D
4417,Heme is synthesized from ?,A,B,False,B
4418,A person wants to study a disease ‘X’ and fat consumption. He collected data for a number of people affected with ‘X’ from the government hospital and details of fat consumption from food industry. This type of study is known as:,A,B,False,B
4419,Which is/are the usual first deformity/ies to be seen in CMT disease?,A,A,True,A
4420,True about Wiskott Aldrich syndrome is?,A,A,True,A
4421,"""This phenomenon is seen in:",A,A,True,A
4422,AII of the following are true regarding application of POP Cast except -,A,A,True,A
4423,The main function of the minor connector that joins the auxiliary rest to the major connector:,A,A,True,A
4424,The primary diagnostic evaluation for developmental dyslasia of hip is -,A,C,False,C
4425,Type V GIC is:,A,D,False,D
4426,Which drug is most likely to cause lipodystrophy:,A,A,True,A
4427,"In case of aberrant obturator aery, it arises most commonly from ?",A,D,False,D
4428,Tronspo process which is against concentration gradient and carrier mediated is ?,A,C,False,C
4429,What is the characteristic pattern seen in Brown sequard syndrome -,A,B,False,B
4430,"Rekha, a 35-year consults an ophthalmologist because of double vision and droopy eyelids. She also has complaints of generalized muscle weakness. IV injection of edrophonium dramatically, but only briefly, reverses her symptoms. This patient's probable disease has a pathophysiologic basis that is cl",A,A,True,A
4431,Which of the following is the basis for the intestine-specific expression of apoprotein B-48?,A,C,False,C
4432,Grade of tumor denotes,A,A,True,A
4433,Respiratory centres are stimulated by,A,C,False,C
4434,Thrombasthenia is defect of :,A,C,False,C
4435,Efforts directed towards discouraging children from adopting harmful lifestyles?,A,D,False,D
4436,True about placental site trophoblastic disease is,A,D,False,D
4437,Hyaline degeneration is found in -,A,A,True,A
4438,Which of the following cement has the property of reparative dentin formation:,A,A,True,A
4439,What is the level of the spine of scapula?,A,B,False,B
4440,Catalyst present in polyether is :,A,B,False,B
4441,Homicidal gunshot wound can be differentiated from suicidal gunshot wound by-,A,B,False,B
4442,All of the following drugs increase the risk of postoperative nausea and vomiting after squint surgery in children except ?,A,C,False,C
4443,True about colchicines is/are?,A,B,False,B
4444,"When fetus is at station +2 & fetal skull reaches pelvic floor, which of the following is true",A,A,True,A
4445,The pyrrole rings in haemoglobin are bound to each other by–,A,B,False,B
4446,True about Warthin’s tumor is?,A,C,False,C
4447,Which of the following hormone/drugs decreases orthodontic tooth movement?,A,D,False,D
4448,Spinal pathway mainly regulating fine motor activity ?,A,B,False,B
4449,Treatment options for CIN III include all of the following except -,A,C,False,C
4450,Contraindication of antimuscarinic drug ?,A,A,True,A
4451,Muskegon was a control city without any fluoride for?,A,D,False,D
4452,"During pregnancy, true statement about CVS is ?",A,D,False,D
4453,Wernickes encephalopathy develops secondary to accumulation of which substrate?,A,A,True,A
4454,79.	All of the following are true regarding Chediak-Higashi syndrome except–,A,C,False,C
4455,Least affected by radiation,A,B,False,B
4456,A trial which determines the feasibility and practicality of a study is called?,A,B,False,B
4457,"When the value of V/q is infinity, it means?",A,A,True,A
4458,Type of bacteria found in pulpitis:,A,A,True,A
4459,ALL of the following are causes of neonatal bradycardia except,A,D,False,D
4460,The best investigative modality for gall bladder stones -,A,C,False,C
4461,Bimatoprost is used as?,A,A,True,A
4462,If the drug  is delivered  in the area for less then 24hours is known as:,A,D,False,D
4463,What is responsible for regeneration of liver cells?,A,A,True,A
4464,Odontectomy refers to:,A,B,False,B
4465,Quinine acts on which stage of plasmodium life cycle?,A,C,False,C
4466,Prostate analogue in female is -,A,A,True,A
4467,Lysosomal enzymes are produced in the,A,A,True,A
4468,"A Patient with amenorrhea, short stature, less pubic hair can be in all of the following except:",A,B,False,B
4469,IDA was formed in?,A,A,True,A
4470,Stenver's view is used for -,A,C,False,C
4471,Fetoplacental circulation is established by?,A,C,False,C
4472,"Adult male with chronic atrophic gastritis, growth on skirrows medium & rapid urease test positive. Diagnosis is",A,A,True,A
4473,Content of femoral canal,A,A,True,A
4474,Slip sign is seen in,A,C,False,C
4475,What is the cause of intracorpuscular defects in hemolysis?,A,C,False,C
4476,Ogilvie's syndrome most commonly involves,A,B,False,B
4477,What percentage of reduction in dying from breast cancer can be achieved with annual screening after age of 50 yrs with mammography?,A,B,False,B
4478,Lipofuscin is,A,A,True,A
4479,Glucose is transpoed in renal tubular cells by,A,D,False,D
4480,Which of the following drug crosses BBB?,A,C,False,C
4481,Not an advantage of direct bonding?,A,D,False,D
4482,"Irrigation with the soft, site-specific tip is often called?",A,C,False,C
4483,Low glucose level in CSF occurs in all the following neurological diseases except`,A,A,True,A
4484,Faecal contaminantion of drinking water is evaluated by?,A,B,False,B
4485,Ratio of 02: N20 in Entonox is ?,A,A,True,A
4486,Genitourinary complication of ulcerative colitis,A,B,False,B
4487,Modified-Kaush Whipple operation is devised to preserve which pa of stomach?,A,A,True,A
4488,The greatest cause of failure of an occlusal rest is:,A,D,False,D
4489,Laxative abuse causes which of the following renal stones ?,A,B,False,B
4490,Leon William's classification suggests:,A,D,False,D
4491,"Fracture of denture at midline, reason is:",A,A,True,A
4492,The use of selected initial roots in overdenture therapy is called:,A,C,False,C
4493,Acetaminophen induced liver toxicity is due to ?,A,B,False,B
4494,Dentures which are made by using mucostatic impression technique will have:,A,A,True,A
4495,True about small intestinal tumor is -,A,A,True,A
4496,Vanaspati Ghee is foified with ?,A,B,False,B
4497,Aspirin decreases the risk of development of which of the following -,A,A,True,A
4498,Best indicator for spread of TB in a community?,A,D,False,D
4499,Radiofrequency ablation is,A,A,True,A
4500,The lesions found in idiopathic nephrotic syndrome include all except–,A,C,False,C
4501,Disease imported in a country where it doesn't occur?,A,C,False,C
4502,"What is the T stage of a 2.5cm lung carcinoma, not involving the pleura?",A,A,True,A
4503,Drawbacks of Florida (disc) probe system is,A,C,False,C
4504,Hand foot mouth disease is caused by ?,A,C,False,C
4505,Naltrexone is used in a case of opioid dependence:,A,B,False,B
4506,Pulmonary plethora is seen with - all except,A,D,False,D
4507,Paresthesia at anterolateral region of the thigh may occur in obese persons. It results from an abdominal panniculus adiposus that bulges over the inguinal ligament and compresses which underlying nerve?,A,D,False,D
4508,Which is specific for acquired immunity ?,A,A,True,A
4509,“Candle Bone” Disease is,A,B,False,B
4510,Normal value of CD4:CD8 ratio is -,A,B,False,B
4511,Pregnancy associated risk factors for pre-eclampsia include all except:,A,B,False,B
4512,"Double-ended Gracey curettes are paired in the following manner,except:",A,A,True,A
4513,Which is not seen in distal A,A,A,True,A
4514,Diversion of urine is best done at,A,A,True,A
4515,Oligomenorrhoea means ?,A,C,False,C
4516,"5 month pregnant female, which of the following is true?",A,B,False,B
4517,The difference between descriptive and analytic studies?,A,C,False,C
4518,Sitting in Tripod position at which month ?,A,A,True,A
4519,The pyruvate utilization in tissues is decreased in ?,A,A,True,A
4520,Which of the following antipsychotic have increased prolactin secretion -,A,D,False,D
4521,Simple mastoidectomy is done in:,A,A,True,A
4522,Non-Essential amino acid is -,A,D,False,D
4523,Material that can be used in a custom tray during final impression:,A,D,False,D
4524,Gastric lavage is not contraindicated after ingestion of which acid.,A,A,True,A
4525,Reciprocal changes in ECG in patients with inferior wall myocardial infarction are seen in which leads,A,A,True,A
4526,Ectothrix is caused by ?,A,B,False,B
4527,A 55 years old male with a knoen history of gall stones presents with chief complints of severe abdominal pain and elevated levels of serum lipase with periumbilical ecchymosis. All of the following are prognostic criteria to predict severity of the condition except,A,D,False,D
4528,Aoic valve closure occurs in which pa of cardiac cycle?,A,C,False,C
4529,Donovanosis is Caused By-,A,C,False,C
4530,Application of fluoride varnish after luting a crown has which of the following beneficial action:,A,D,False,D
4531,Renal transport maximum (Tm) is defined for –,A,C,False,C
4532,Fetal thyroid gland is able to synthesize hormones by weeks of gestation ?,A,C,False,C
4533,Pyogenic granulom true A/E,A,A,True,A
4534,Premature ejaculation is a pa of which phase of sexual disorders?,A,C,False,C
4535,Which of the following is non-selective 3rd generation Beta blocker ?,A,D,False,D
4536,Following are the indications of barium meal X-ray except -,A,D,False,D
4537,A 50 year old male presents with fever and malaise for 4 months& pain in the knees and ankles. Blood tests are normal apa from a raised ESR. Chest x-ray shows bilateral hilar adenopathy and pulmonary infiltrates most severe in the upper and mid zones. Mantoux test is negative. What is the most likel,A,B,False,B
4538,A patient came to the hospital with kidney damage. Blood smear showed thrombocytopenia and schistocytes. What do you suspect:,A,B,False,B
4539,What is Tiffeneau - Pinelli index?,A,A,True,A
4540,Which layer of the scalp is vascular?,A,B,False,B
4541,Minimum thickness of porcelain in metal ceramic restoration should be :,A,B,False,B.
4542,High strength amalgam is achieved by:,A,A,True,A
4543,HLA-Cw6 is associated with,A,B,False,B
4544,Number of holes in mosquito net ?,A,C,False,C
4545,The anti-tuberculous drug that acts by inhibition of DNA-dependent RNA synthesis is–,A,A,True,A
4546,A 40-year-old female complaints of pain on the cheek which triggers on chewing food and in between she has no pain. Diagnosis is:,A,A,True,A
4547,True about MALToma is,A,B,False,B
4548,Striated veebra is seen in,A,A,True,A
4549,First dental elastomer is:,A,A,True,A
4550,Best measure for GFR ?,A,A,True,A
4551,Vitamin given in homocysteinuria are all except,A,A,True,A
4552,Oxidative deamination occurs in ?,A,C,False,C
4553,Protein which is not synthesised In liver is,A,C,False,C
4554,Morula form is seen in which infection ?,A,D,False,D
4555,Neurovascular plane in anterior abdominal wall -,A,B,False,B
4556,Important factor responsible for intiation of conditioned gingival enlargement:,A,C,False,C
4557,Thorn apple is ?,A,A,True,A
4558,Inheritance associated with congenital adrenal hyperplasia -,A,A,True,A
4559,Maximum contribution to Colloidal osmotic pressure is by:,A,A,True,A
4560,Diaphragm is supplied by ?,A,A,True,A
4561,Spigelian hernia is,A,B,False,B
4562,"Female with 41 wk gestation confirmed by radiological investigation, very sure of her LMP, no uterine contractions, no effacement and no dilatation. What should not be done?",A,A,True,A
4563,"During a slide in centric, protrusive interference is seen on:",A,A,True,A
4564,According to Kim et al Classification Class III isthmus indicates:,A,B,False,B
4565,One gm of Hb liberates mg of bilirubin –,A,B,False,B
4566,Invasive infection s caused by all except ?,A,A,True,A
4567,Copper containing enzyme in collagen synthesis:,A,B,False,B
4568,Resolving power of electron microscope,A,C,False,C
4569,Meconium passage in utero leads to which of the following –,A,D,False,D
4570,Nicotinic acid is derived from ?,A,B,False,B
4571,Sarcoidosis is mimicked by chronic poisoning with ?,A,B,False,B
4572,Apnea hypoapnea index indicating obstructive sleep apnea is -,A,D,False,D
4573,"Female with blood sugar of 600 mg% and sodium of 110 mEq. Insulin was given, what will happen to serum sodium levels ?",A,B,False,B
4574,Reservoir of infection in enteric fever ?,A,D,False,D
4575,Lithium causes:,A,A,True,A
4576,Renin secretion is decreased by?,A,D,False,D
4577,All of the following are true about parapharyngeal abscess except?,A,B,False,B
4578,What should be the plan of management for a patient for whom while undergoing simple cholecystectomy T2 gall bladder carcinoma is discovered?,A,C,False,C
4579,ANUG most commonly involves:,A,A,True,A
4580,"A newborn begins vomiting after feeding, becomes severely jaundiced,and has liver disease. Treatment for possible sepsis
is initiated, and the urine is found to have reducing substances. A blood screen for galactosemia is positive, and  lactose containing substances are removed from the diet. Lactos",A,B,False,B
4581,Staging of rectal carcinoma is best done by -,A,A,True,A
4582,MTP can be done by a single doctor till ?,A,A,True,A
4583,Protrusive movement occurs after the condyles rotate for more than______degrees in TMJ:,A,B,False,B
4584,Factors responsible for development of OHSS include ?,A,D,False,D
4585,Site at which ossification stops in mandible is?,A,C,False,C
4586,Calculate the ejection fraction from the given volume pressure curve:,A,A,True,A
4587,Execution caspases of apoptosis are,A,D,False,D
4588,Metastasis to lungs come most commonly from,A,A,True,A
4589,Amount of graft shrinkage is maximum during :,A,B,False,B
4590,Drug of Choice for cholera,A,A,True,A
4591,Which of the following is most common visual defect in papilloedema,A,B,False,B
4592,Solution currently used for liver preservation for transplant is -,A,A,True,A
4593,Last stage of acute asthma is,A,B,False,B
4594,Anaerobes are resistant intrinsically against -,A,D,False,D
4595,Which of the following has no diagnostic value for diagnosing Wilson's disease:,A,C,False,C
4596,Structure immediately posterior to pancreatic head?,A,A,True,A
4597,"In uncemented ahroplasty of the hip , the stem remains attached to the bone by -",A,A,True,A
4598,Angular conjunctivitis is caused mainly by,A,A,True,A
4599,Only available depolarizing muscle relaxant is ?,A,B,False,B
4600,LacY in Lac Operon codes for ?,A,B,False,B
4601,Where can glucose 6 phosphate not be conveed to glucose ?,A,A,True,A
4602,"In acute inflammation, immediate transient permeability in cells is increased by:",A,B,False,B
4603,Esotropiais usually associated with:,A,B,False,B
4604,All of the following factors affect osseointegration except:,A,A,True,A
4605,Amount of proteins in human milk (in gms):September 2007,A,A,True,A
4606,All are true about Campylobacter Except:,A,B,False,B
4607,Best investigation for bone metastases is -,A,C,False,C
4608,Advantage of formoterol over salmeterol is ?,A,A,True,A
4609,Cerebellovestibular fibres pass through ?,A,C,False,C
4610,Ideal position for orotracheal intubation?,A,D,False,D
4611,Nuva ring contains ?,A,C,False,C
4612,Mechanism of action of Torcetraprib is ?,A,C,False,C
4613,Not a component of triple test in detection of Ca breast-,A,A,True,A
4614,DNA helicase is used in,A,A,True,A
4615,Different  Zones of ANUG were given by:,A,A,True,A
4616,Which of the following is not a type of occlusion,A,D,False,D
4617,"Urea, creatinine, nitric oxide formed by which amino acid",A,D,False,D
4618,Erthromycin binds to 50S ribosome and inhibits peptide synthesis by blocking whichstep?,A,A,True,A
4619,Which of these is/are factor/s developed for angiogenesis in the heart?,A,D,False,D
4620,Maxillary bone does not aiculate with:,A,B,False,B
4621,What is denonvillers fascia?,A,A,True,A
4622,Warmth sensation is carried by?,A,A,True,A
4623,Hyperimmune IgE syndrome is also called,A,A,True,A
4624,PQLI includes which of the following–,A,A,True,A
4625,"A 29-year-old woman diagnosed with type 1 diabetes at the age of 12 has poor control. HBA1c is 8.1 %. O/e, the patient has a raised, smooth lump that is firm on palpation at the lower abdomen. The most likely diagnosis is:",A,B,False,B
4626,Which of the following is/are feature/s of sprengels deformity?,A,D,False,D
4627,"In bladder injury, pain is referred to all except ?",A,D,False,D
4628,Function of cerebellum?,A,D,False,D
4629,All are activated by insulin except ?,A,C,False,C
4630,HPL has activity similar to which hormone ?,A,C,False,C
4631,Alkaline diuresis in acidic drug poisoning is not done in ?,A,D,False,D
4632,Mannitol is not used in?,A,B,False,B
4633,Nursing bottle caries is least likely to involve:,A,A,True,A
4634,Perinatal mortality includes deaths?,A,C,False,C
4635,Drug of choice in treatment of myasthenia gravis is?,A,C,False,C
4636,Most common cancer to occur in organ transplant patient is?,A,A,True,A
4637,"Condylar injury before the age of 3 years is likely to result in a significant mandibular growth distortion. After 12 years of age, condylar injury has little effect on mandibular growth.",A,A,True,A
4638,Which of the following is a biologically impoant tripeptide?,A,A,True,A
4639,Fish mouth appearance of valve in RHD is due to-,A,B,False,B
4640,Which of the following is required for fatty acid synthesis ?,A,A,True,A
4641,Reverse cholesterol transpo - all are true except-,A,D,False,D
4642,Steam Sterilisation cycle uses:,A,A,True,A
4643,Radiographic sign characteristic of pulmonary edema is -,A,A,True,A
4644,Which of these is used to assess possibility of dysplasia in a premalignant lesion:,A,D,False,D
4645,"TB in children, most common is -",A,C,False,C
4646,True about Campylobacter jejuni ?,A,B,False,B
4647,Simple hyperplasia with atypia will progress to ca endometrium in % of cases ?,A,D,False,D
4648,Brill-Zinsser disease is:,A,A,True,A
4649,Teeth lost as a result of trauma is classified by Ellis and Davey as,A,D,False,D
4650,"Yellowish, soft, sticky deposit somewhat less adherent than plaque is known as:",A,B,False,B
4651,Mael sign is seen in -,A,B,False,B
4652,Hemeralopia is seen in,A,C,False,C
4653,"10 cm tumor on anterior surface of thigh, what is done to know to diagnosis",A,A,True,A
4654,Gold standard micro analysis is:,A,C,False,C
4655,Ca vulva spreads to all except ?,A,D,False,D
4656,Secondary suturing of third degree perineal tear:,A,A,True,A
4657,Charcot’s triad includes all the following EXCEPT,A,B,False,B
4658,Tactile hallucination is seen with?,A,B,False,B
4659,'Pica' (urge to eat non-edible things like mud or clay) is characteristically seen in:,A,A,True,A
4660,. Hyoscine is antagonist at which cholinergic receptor?,A,A,True,A
4661,"Among various types of psoriatic ahriis, which variety is most common ?",A,D,False,D
4662,Characteristic feature of IgA nephropathy -,A,A,True,A
4663,True about erythema toxicum is?,A,D,False,D
4664,Feature (s) of Infantile glaucoma is/are except:,A,A,True,A
4665,Antibiotic of choice against gram positive anaerobes is:,A,C,False,C
4666,The hallmark of henoch schonlein purpura is,A,A,True,A
4667,Most common protozoan causing keratitis is,A,B,False,B
4668,Naber's probe has colour coded markings at:,A,D,False,D
4669,Bendamustine is useful for the management of ?,A,A,True,A
4670,Normal Uninary pH is ?,A,A,True,A
4671,Which snake bite causes hematologic abnormalities ?,A,C,False,C
4672,Fungal Infection which is acquired by traumatic inoculation is?,A,A,True,A
4673,Protein segregation occurs in ?,A,A,True,A
4674,Gold standard diagnostic technique for diagnosis of endometriosis?,A,A,True,A
4675,Following side effect is seen with?,A,D,False,D
4676,Krabbe's disease is-,A,A,True,A
4677,Sebaceous cyst occurs occur in all the following locations in body except,A,A,True,A
4678,According to the Dentogenic concept teeth selection should be done based on the concept of:,A,A,True,A
4679,True about trientene is :,A,C,False,C
4680,Which enzyme is of diagnostic impoance in chronic pancreatitis,A,A,True,A
4681,A 30 years old male is having prpductive cough with dysnea. Blood gas analysis shows low pa02. Chest x-ray is showing reticulonodular pattern. The causative agent is?,A,C,False,C
4682,Function of epinephirine and norepinephine in Fightor-Flight response is ?,A,B,False,B
4683,Random in Randomization in a clinical trial means:,A,D,False,D
4684,Air remaining in lung after normal expiration ?,A,B,False,B
4685,Bite is first raised physiologically at an age of:,A,B,False,B
4686,Most common infection in long term IUCD use -,A,D,False,D
4687,Standpipe in rural oreas is an example of which principle of primary health care?,A,D,False,D
4688,Shortest acting opioid analgesic is:,A,B,False,B
4689,Not a method for delivery of after-coming head of breech ?,A,B,False,B
4690,"In a standard normal curve, the area between one standard deviation on either side will be:",A,A,True,A
4691,Not to be given in malignant malaria,A,B,False,B
4692,Appropriate  statistical method  to  compare  two means is :,A,B,False,B
4693,Complete vesicular mole is associated Theca leutin csyts in what percentage of cases ?,A,A,True,A
4694,Preoptic nucleus lesion leads to?,A,A,True,A
4695,"When chlorate in water starts to disappear and free chlorine starts to appear, it is called:",A,A,True,A
4696,"A 50 year-old chronic alcoholic male patient, after a large binge of alcohol, presented to the emergency depament in subconscious state. He vomited several times, few of them mixed with blood. He had a history of hea burn and dyspeptic symptoms for past few tears. On physical exam, he had a temperat",A,A,True,A
4697,A vasodilator is obtained by decarbocxylation of?,A,B,False,B
4698,Right suprarenal vein drains into ?,A,A,True,A
4699,Cementicles are the fragments of:,A,A,True,A
4700,All are branches of the inferior mesenteric aery except ?,A,A,True,A
4701,In Precocious pubey age limit of girls is-,A,C,False,C
4702,Vitamin B12 is required for all of the following except ?,A,D,False,D
4703,True abour drug induced SLE is except ?,A,D,False,D
4704,Enzyme deficient in gangliosidoses ?,A,B,False,B
4705,Cremastric muscle is formed from ?,A,D,False,D
4706,Nerves of Branchial arch derived from:,A,C,False,C
4707,Which of the following is present in a XY child but not in a XX child ?,A,C,False,C
4708,Spirochetes becomes visible from which of the following zone:,A,B,False,B
4709,A composite restoration is to be done in case of a bleached tooth. Maximum bond strength will be achieved when composite is done after:,A,B,False,B
4710,Example of non-randomized trials are?,A,D,False,D
4711,Failure rate of Pomeroy's technique of sterilization?,A,A,True,A
4712,Treatment with mebendazole single dose 100 mg(repeated 3 weeks later) is done for –,A,A,True,A
4713,"A patient presents with wrist trauma. On investigations patient is diagnosed to have a sprained wrist, without any evidence of fracture. There is tenderness in anatomical snuffbox. Which ligament is commonly involved -",A,A,True,A
4714,"Parathyroid glands are removed by surgery, for recurrence investigation of choice",A,A,True,A
4715,Second most common STD after gonococcus ?,A,A,True,A
4716,A patient with native aoic valve disease came with right hemiparesis. What will you do to prevent fuher stroke?,A,C,False,C
4717,Treatment of choice for symptomatic neonatal hypoglycemia is,A,B,False,B
4718,People working in Word industry are exposed to increased risk of?,A,B,False,B
4719,Doll's eye reflex is used in?,A,C,False,C
4720,What is the level of the pulmonary valve?,A,D,False,D
4721,Drug acting on K+ channels include which of the following?,A,C,False,C
4722,Sentinel Surveillance is for?,A,B,False,B
4723,Sites of anchorage for a reverse pull headgear could be:,A,D,False,D
4724,"The subgingival microbiota differs in composition from the supragingival plaque, primaryily because of?",A,C,False,C
4725,Immediate treatment of acute dacryocystitis is?,A,A,True,A
4726,"A patient arrived in ER following an A with hypotension, respiratory distress and subcutaneous emphysema with no entry of air on one side. What will be the best management?",A,A,True,A
4727,Heoghe's sign is seen in?,A,A,True,A
4728,Thickness of cementum at apical and furcation area is about:,A,A,True,A
4729,Y chromosome is ?,A,C,False,C
4730,20 pregnant women were asked about the history of smoking when they came for regular antenatal visit and then followed out to see how many of them had low birth weight babies. What is the type of study:,A,B,False,B
4731,"According to MDG child moality has to be reduced by how, much by 2015 ?",A,B,False,B
4732,Powder burnt lesion seen in ?,A,A,True,A
4733,Dermatophytosis is not ?,A,D,False,D
4734,All of the following help in formation of IVC except -,A,A,True,A
4735,"According to Atwood's classification of ridges, high well rounded ridge is:",A,B,False,B
4736,Treatment of clopidogrel toxicity can be done with ?,A,B,False,B
4737,Defect in discriminating blue green vision is due to which drug :?,A,A,True,A
4738,Treatment of simple febrile convulsion is based on,A,A,True,A
4739,A classification  system for periodontal surgery includes all except,A,A,True,A
4740,type of cholesterol present in gallstones?,A,D,False,D
4741,Entacapone acts by selective inhibition of–,A,B,False,B
4742,Respiratory failure in a post operative patient is ?,A,B,False,B
4743,"Excess ingestion of iodine may develop goiter with thyrotoxicosis, this is known as:",A,A,True,A
4744,When the complimentary colour becomes dominant due to the fatigue of particular colour is known as:,A,B,False,B
4745,Sodium flouride may be use for preservation of,A,B,False,B
4746,Na+ is reabsorbed from the basolateral surface of the renal epithelial cells by which of the following?,A,C,False,C
4747,Which of the following is the last synchondrosis to fuse?,A,A,True,A
4748,Highest amount of RNA is present in,A,A,True,A
4749,The voltage gated Na+ channels are stimulated when the potential across the cell membrane reaches up to–,A,C,False,C
4750,A woman developed pain and crawling sensation on her legs at night. Clinical history of restless leg syndrome. Drug of choice?.,A,A,True,A
4751,Which of the following is a long term side effect of phakic 10Ls,A,A,True,A
4752,MC cause for hysterectomy is ?,A,B,False,B
4753,Which muscle helps in climbing a tree ?,A,C,False,C
4754,Which of the following is not a feature of physiological anaemia of infancy?,A,B,False,B
4755,Radioactive iodine is administered through which route,A,A,True,A
4756,Relief areas in the mandible:,A,D,False,D
4757,Not a feature of G-6PD deficiency?,A,A,True,A
4758,What are the advantages of free connective tissue graft:,A,D,False,D
4759,MTP act was last modified in?,A,A,True,A
4760,Which  is not true for components of DOTS?,A,D,False,D
4761,Shaffer's sign is seen in ?,A,D,False,D
4762,Serpiginous ulcer distal esophagus-,A,C,False,C
4763,In FPD keeping the walls of a preparation parallel will aid:,A,B,False,B
4764,Which bands known as artistic positioning bends?,A,C,False,C
4765,Oxygen therapy may not be useful in,A,D,False,D
4766,All are seen in emphysema except,A,D,False,D
4767,Vitamin E deficiency causes,A,C,False,C
4768,"A haemophilia person has married to a normal woman, then his:",A,A,True,A
4769,All of the following are true regarding breast milk as compared to cow's milk except,A,A,True,A
4770,Narrowest pa of ureter is ?,A,B,False,B
4771,Drug used in microsphere is?,A,D,False,D
4772,Fishman index is used for:,A,A,True,A
4773,Chi-square test is used to measure the:,A,A,True,A
4774,Low astigmatism in dim light is due ?,A,A,True,A
4775,Amino acid used in Carnitine synthesis is?,A,B,False,B
4776,Anti Jo-1 antibodies are a feature associated with?,A,C,False,C
4777,Material used to form clear polymer archwire?,A,A,True,A
4778,Concentration of Periochip is:,A,D,False,D
4779,In DNA polymerization bases of nucleotide chains are joined by,A,D,False,D
4780,Which of the following is false regarding carcinoid tumor ?,A,B,False,B
4781,% of ectopic pregnancy seen in fallopian tube is?,A,D,False,D
4782,Which is true of pathogenic mosquitoes ?,A,D,False,D
4783,What is the odds ratio for the following,A,A,True,A
4784,Striatum damage affects primarily ?,A,B,False,B
4785,Which of the following enzyme is not used by liver in urea cycle ?,A,C,False,C
4786,Anterior relations of the right kidney are all except?,A,D,False,D
4787,Neuroimaging features of neurocysticercosis are considered as criteria for definitive diagnosis -,A,A,True,A
4788,Visceral swallow normal tilt?,A,A,True,A
4789,Function of pre carving burnishing is/are:,A,D,False,D
4790,Burkitt’s lymphoma is due to which virus?,A,A,True,A
4791,Undermining resorption takes place in:,A,B,False,B
4792,"Posterior perforation of stomach, collection of contents occurs in which pouch ?",A,A,True,A
4793,Placental hormone with highest carbohydrate content is -,A,C,False,C
4794,False about chorionic vinous sampling -,A,A,True,A
4795,Therapeutic use of folic acid is,A,A,True,A
4796,Buccal shelf area is the area between the buccal frenum and anterior border of:,A,A,True,A
4797,Calretinin is used in,A,A,True,A
4798,Regarding FISH all are true except ?,A,D,False,D
4799,Cells which are predominant in the early stage of gingivitis is:,A,A,True,A.
4800,Maximum potassium loss is caused by which diuretics ?,A,B,False,B
4801,Murphy's eye is seen in -,A,B,False,B
4802,Gas exchange in tissues takes place at ?,A,B,False,B
4803,"Grade 1 Ca endometrium, there is presence of % non sqoumaous growth ?",A,D,False,D
4804,Medical management of fibroids is with all except -,A,D,False,D
4805,Hirschberg test is used for?,A,D,False,D
4806,Most common bone for which nailing is done,A,C,False,C
4807,DOC of prophylaxis for motion sickness?,A,A,True,A
4808,Diurnal variation of ACTH depends on ?,A,A,True,A
4809,Le Fo repair is done for,A,A,True,A
4810,Right ovarian aery is a branch of ?,A,A,True,A
4811,Congenital cataract commonly associated with visual defect?,A,B,False,B
4812,"All sections of IPC are related to grievous hu, except",A,A,True,A
4813,INH hepatotoxicity is due to which compound?,A,A,True,A
4814,Symbol ‘X’ denotes:,A,D,False,D
4815,Maxillary denture is retained by a thin film of saliva between tissue and the denture. What is this force called?,A,A,True,A
4816,Most common cause of otitis externa is?,A,B,False,B
4817,Most common malignancy of middle ear is,A,B,False,B
4818,Citrullinemia is due to deficiency of ?,A,D,False,D
4819,Anaplerotic reaction is catalyzed by ?,A,A,True,A
4820,Acanthosis nigricans is characterized by all of the following except ?,A,D,False,D
4821,"If the systolic blood pressure in a population has a mean of 130 mmHg and a median of 140 mmHg, the distribution is said to be:",A,B,False,B
4822,"In case of polytrauma with multiple injuries to the chest, neck and abdomen, highest priority is given to",A,A,True,A
4823,Weight of uterus at term is ?,A,B,False,B
4824,What is the total length of the colon?,A,B,False,B
4825,All of the following are associated with hyponatremia except,A,B,False,B
4826,Flow cytometry is done on,A,D,False,D
4827,Most serious complication of measles is:September 2008,A,B,False,B
4828,Which of the following shows polymerization by ring opening:,A,A,True,A
4829,Xanthuneric acid in urine is excreted in the deficiency of–,A,A,True,A
4830,Most common cause of nephrotic syndrome in adults:,A,A,True,A
4831,In a case of recurrent spontaneous aboion the following investigation is unwanted ?,A,B,False,B
4832,Which disease is diagnosed by jejunal biopsy?,A,B,False,B
4833,Placid disc used for?,A,A,True,A
4834,Diagonal survey line runs from :,A,A,True,A
4835,Palmer sign is related to ?,A,A,True,A
4836,"If the dentist concludes you have a cavity, but you don't is?",A,A,True,A
4837,Interdental papilla reconstruction can be done with:,A,C,False,C
4838,Which of the following is the LEAST consistent with a clinical diagnosis of acute appendicitis?,A,B,False,B
4839,Secretion of coisol is highest at?,A,B,False,B
4840,Important factor in determining the efficiency of bur is:,A,B,False,B
4841,What is Waenberg's sign?,A,B,False,B
4842,"Gingival recession increases with age. Recession refers to the location of the gingiva, not is condition;",A,A,True,A
4843,Mary’s law states the relationship of heart rate with?,A,A,True,A
4844,A study began in 1970 with a group of 5000 adults in Delhi who were asked about their alcohol consumption. The occurrence of cancer was studied in this group between 1990-1995. This is an example of:,A,C,False,C
4845,All of the following help reduce bias except:,A,A,True,A
4846,Vaginal pH before pubey is?,A,D,False,D
4847,Cupuliform cataract arises 	from?,A,C,False,C
4848,Which is not a secondary colonizers:,A,B,False,B
4849,Spleen extends from ?,A,B,False,B
4850,Which of the following bacteria is predominant in pregnancy gingivitis:,A,C,False,C
4851,Which of the following agent increases bone resorption?,A,D,False,D
4852,Most effective management of acute lead toxicity is?,A,D,False,D
4853,Total communication means ?,A,A,True,A
4854,Radiological view which best shows maxillary sinus and orbit is -,A,B,False,B
4855,A 45-year-old man is diagnosed with primary hypoaldosteronism. Which of the following laboratory results is most consistent with this diagnosis?,A,A,True,A
4856,Vacuum delivery produces?,A,B,False,B
4857,"A patient comes with episodic sudden severe sense of rotation associated with nausea on turning in bed. There is no
headache. Examination showed a fatigueable nystagmus. What is the most possible cause:",A,B,False,B
4858,What is true about retinal hemorrhage in new born?,A,D,False,D
4859,"A 31-year-old stockbroker drives to a high-altitude mountain resort to do some rock-climbing. Later that day, he experiences headache, fatigue, dizziness, and nausea. Which point on the graph above best corresponds to the relationship between plasma bicarbonate, pH, and P co2 in this patient?",A,A,True,A
4860,Indication of the chamfer finish line:,A,C,False,C
4861,True about myosin?,A,C,False,C
4862,Traumatic optic neuropathy due to closed head trauma commonly affects which pa of optic nerve -,A,A,True,A
4863,Episode of stable angina pectoris typically lasts for,A,B,False,B
4864,Singapore ear is,A,A,True,A
4865,Primary hormone for secretion of milk ?,A,B,False,B
4866,Macular edema is seen in?,A,A,True,A
4867,Omega oxidation of fathy acids occur?,A,B,False,B
4868,Major criteria for infective endocarditis include which of the following,A,D,False,D
4869,Most common mechanism of arrhythmia ?,A,A,True,A
4870,Glans penis is a continuation of -,A,A,True,A
4871,Most abundant aminoacid in brain is,A,A,True,A
4872,Best for management of respiratory alkalosis?,A,A,True,A
4873,Weakest phase of high copper Amalgam is:,A,B,False,B
4874,Rate of firing of axons depends on?,A,C,False,C
4875,All are examples of Paraprotein disorders except :,A,C,False,C
4876,Which of the following is the best Stent for Femoropopliteal Bypass?,A,D,False,D
4877,DOC for Onychomycosis?,A,A,True,A
4878,Fluorine is said to discover by?,A,B,False,B
4879,Investigation for bacterial vaginosis is?,A,B,False,B
4880,False about declaration of brain stem death in hospital -,A,B,False,B
4881,Most common symptom of genitourinary TB,A,D,False,D
4882,Toxin responsible for epidemic dropsy:AIIMS 07; UP 09; PGI 11,A,A,True,A
4883,Most common site of penile carcinoma is -,A,A,True,A
4884,Gall stone impacted causing intestinal obstruction,A,C,False,C
4885,Prophylaxis for HIV is optimally effective if staed upto ..... hrs of exposure,A,C,False,C
4886,Miscarriage is punishable under which IPC:AIIMS 13; NEET 14,A,D,False,D
4887,"Chronic arsenic poisoning does not cause:NEET 13,15",A,A,True,A
4888,HDL receptor is -,A,A,True,A
4889,Common intermediate between gluconeogenesis and fatty acid synthesis ?,A,A,True,A
4890,Liposome drug delivery system is used for all except ?,A,B,False,B
4891,SERMs are ?,A,C,False,C
4892,Posterior relation of right kidney are all except -,A,C,False,C
4893,Causative agent for melioidosis is ?,A,A,True,A
4894,When the variables follow standard distribution:,A,A,True,A
4895,Durg of choice for American trypanosomiasis is?,A,D,False,D
4896,Inhibin is a tumor marker for ?,A,A,True,A
4897,A paitent operated for transurethral resection of prostate develops UTI. The organism most commonly grown on culture will be -,A,B,False,B
4898,Nevus simplex commonly presents at ?,A,A,True,A
4899,Esophageal varices occur in which poion of esophagus?,A,C,False,C
4900,Double decidua sign is seen during-,A,B,False,B
4901,The transverse sinus is present posterior to which structures?,A,B,False,B
4902,Which of the following is not a mixed dentition analysis?,A,D,False,D
4903,Coronary sinus develops from ?,A,C,False,C
4904,Menstrual regulation effective upto ?,A,A,True,A
4905,All of the following are true about duodenum except?,A,B,False,B
4906,Which drug is a selective COX 2 inhibitor?,A,A,True,A
4907,Which of the following shoulder movements is/ are weak in patients of supraspinatus tear?,A,A,True,A
4908,Drug acting on 5HT4 receptor is ?,A,D,False,D
4909,What percentage of the sample is included in 1.95 SD:,A,B,False,B.
4910,Mentally retarded children have IQ:,A,B,False,B
4911,"ECG pattern seen in pulmonary embolism is:September 2009, March 2013",A,C,False,C
4912,HIV post exposure prophylaxis should be staed within?,A,D,False,D
4913,Gene for embryogenic stem cell is -,A,B,False,B
4914,PID is not aggravated by?,A,B,False,B
4915,The action of long acting muscle relaxants used during GA may be terminated by:,A,A,True,A
4916,DOC for digitalis is induced centro-chilar tachycardia?,A,B,False,B
4917,Which of the following drugs is not used in the management of acute myocardial infarction?,A,D,False,D
4918,Salivation of dog when food is given along with bell is?,A,A,True,A
4919,Main disadvantage of opioid analgesic:,A,D,False,D
4920,"Key pathogens that are strongly associated with periodontal disease status, disease progression, and unsuccessful periodontal therapy are all except?",A,C,False,C
4921,Golgi tendon organ responsible for?,A,D,False,D
4922,Which is not bacteriostatic antibiotic -,A,B,False,B
4923,Delayed eruption is failure of teeth to appear by,A,A,True,A
4924,Lisch Nodules on Iris is feature of?,A,C,False,C
4925,Rapid rise and fall in epidemic curve without any secondary waves is seen in:,A,A,True,A
4926,40 years old male complains of loin pain since 1 month. Patient's complaint of pain has severely increased over last 2 hours and pain now radiates from loin and to groin and anterior thigh and patient is writhing in bed for comfo. What is the most probable etiology?,A,B,False,B
4927,Line of withdrawal of a tooth is mainly determined by:,A,C,False,C
4928,Essential amino-acid deficiency affect nitrogen balance by,A,C,False,C
4929,In Thyroid follicle for how long Thyroxine is stored?,A,A,True,A
4930,Following is most suggestive of antemoem hanging:DNB 09,A,A,True,A
4931,Dimensions of bone screw as TAD?,A,A,True,A
4932,Acute intermittent porphyria is associated with which type of inheritance?,A,A,True,A
4933,Increased ICT is shown by,A,A,True,A
4934,True about thyroid hormone receptor is?,A,D,False,D
4935,Nissens fundoplication is a first line treatment for?,A,A,True,A
4936,Blood supply of tonsil is chiefly by:,A,B,False,B
4937,Mycobacterium tuberculosis grows in LJ media in?,A,C,False,C
4938,Not used for internal radiotherapy,A,D,False,D
4939,Soft X-rays having wavelength of 2 AU is known as:,A,A,True,A
4940,"A young librarian has been exceedingly shy and fearful of people since childhood. She longs to make friends, but even casual social interactions cause her a great deal of shame and anxiety She has never been at a party, and she has requested to work in the least active section of her library, even t",A,D,False,D
4941,Endothelial molecule involved in rolling is -,A,A,True,A
4942,The titanium alloy used for dental implant components includes:,A,C,False,C
4943,Darier’s sign is seen in?,A,A,True,A
4944,The most biocompatible cements to a pulp in decreasing order are:,A,A,True,A
4945,Cause of greenish-black stool in a neonate -,A,B,False,B
4946,Blood cells RBC’s and WBCs are suspended in,A,D,False,D
4947,Uses of Foster Miller probe is/are:,A,B,False,B
4948,Best level of prevention for Non-communicable disease?,A,B,False,B
4949,HbA1C criteria for a patient to be diagnosed with diabetes mellitus is,A,C,False,C
4950,Most common cause of iron deficiency in elderly,A,D,False,D
4951,Godell's sign is ?,A,C,False,C
4952,Most common presentation of cervical cancer is -,A,C,False,C
4953,Nosocomial infection is most commonly caused by:March 2004,A,A,True,A
4954,'Patch-clamp' is used for ?,A,D,False,D
4955,Draughtsman (Concentric Rings) on culture are produced by ?,A,A,True,A
4956,Probe remains within Junctional epithelium upto _ force,A,B,False,B
4957,Most common cause for UTI in children less than 5 years is?,A,A,True,A
4958,Cholesterol is the precursor of:,A,A,True,A
4959,"In total parenteral nutrition, no need to measure daily",A,A,True,A
4960,Which is a measure of how well resources are utilized to achieve predetermined objectives?,A,B,False,B
4961,Histelberger's sign is seen in?,A,B,False,B
4962,True about Vickers test:,A,A,True,A
4963,Apoptotic gene is-,A,A,True,A
4964,Mesangial deposits of IgA on renal biopsy is a feature of–,A,B,False,B
4965,True about weber’s syndrome are all except:,A,D,False,D
4966,Langerhans cell are seen in which layer of skin?,A,D,False,D
4967,All of the following are true about the bare area of the liver except,A,A,True,A
4968,All are true about SARS  Except:,A,A,True,A
4969,Healthy carrier is seen in?,A,B,False,B
4970,A patient after a heavy meal comes with epigastric pain. On examination tenderness and rigidity in the upper abdomen. X-ray showing pneumomediastinum. What can be the cause-,A,A,True,A
4971,Mid treatment flare up is most common in:,A,D,False,D
4972,Inner cell mass differentiates into ?,A,C,False,C
4973,A person repos 4 hours after having a clean wound without laceration. He had taken TT 10 years before. the next step in management is:,A,C,False,C
4974,HOME technique was given by:,A,A,True,A
4975,Alcohol is taken with aerated soft drinks because -,A,A,True,A
4976,Blood stored in citrate-phosphate-dextrose is better for hypoxic patients than acidic-citrate-dextrose because?,A,B,False,B
4977,Vesicoselective drug among these is?,A,B,False,B
4978,Lithium causes all Except:,A,D,False,D
4979,Most important step in management of acute diarrhea:,A,C,False,C
4980,Respiratory acidosis is recognized primarily by increase in,A,B,False,B
4981,Downhill esophagus varices develop as a result of obstruction of seen in,A,A,True,A
4982,Which of the following disease is closely related to enetropathy?,A,A,True,A
4983,Double arch aoa is seen in,A,A,True,A
4984,Closed mouth technique of recording impression records the tissues in:,A,A,True,A
4985,Sheehan syndrome is ?,A,B,False,B
4986,Abnormal thick labial frenum results in:,A,A,True,A
4987,Which of the following is true for chlorhexidine?,A,B,False,B
4988,Periosteal matrix acts on the microskeletal unit to bring about:,A,C,False,C
4989,The biosynthesis of the enzyme pyruvate carboxylase is repressed by ?,A,B,False,B
4990,Enhancement in CT contrast is due to -,A,A,True,A
4991,"Study of a person who has already contracted
the disease is called:",A,B,False,B
4992,Quincke sign seen in Aortic regurgitation is:,A,A,True,A
4993,"In apoptosis, protein hydrolysis is due to activation of",A,D,False,D
4994,What acts as both poison & antidote ?,A,A,True,A
4995,Physiological dose of hydrocoisone (mg/kg/day) is -,A,A,True,A
4996,Urine test done for blood sugar level estimation is?,A,D,False,D
4997,Marsch test is done for poisoning with ?,A,C,False,C
4998,Depth of gastric carcinomas is assessed by -,A,C,False,C
4999,Criteria for Puerperal pyrexia is temperature ?,A,A,True,A
5000,Which interdental cleaning methods recommended in case of complete loss of papilla & wide open interdental space?,A,B,False,B
5001,Zero-order kinetics is otherwise known as saturation kinetics. It is independent of:,A,A,True,A
5002,Etiological factor responsible for Aggressive periodontitis is / are :,A,D,False,D
5003,Anti-cholinesterase with central action ?,A,B,False,B
5004,Spectroscopy is used for interaction of -,A,A,True,A
5005,Maximum concentration of dextrose that can be given through peripheral vascular line in neonate –,A,B,False,B
5006,Which of the following tests is not used to differentiate between cochlear and retrocochlear hearing loss?,A,D,False,D
5007,Lileys zone 3 at 35 weeks gestation management is?,A,A,True,A
5008,Age at which a child should be advised to use toothbrush:,A,B,False,B
5009,‘Regression metamorphosis’ is observed in–,A,D,False,D
5010,The best method for routine monitoring of air pollution,A,A,True,A
5011,Disadvantage of tissue conditioners:,A,B,False,B
5012,Spread of infection causes,A,D,False,D
5013,Palatal lift prosthesis is used to treat:,A,A,True,A
5014,Investigation of choice for diagnosis of PID is ?,A,A,True,A
5015,Which ahritis causes no periosteal reaction,A,D,False,D
5016,Fossa ovalis is a remnant of -,A,B,False,B
5017,Melatonin,A,C,False,C
5018,Which of the following is a cerebellar nucleus ?,A,C,False,C
5019,Charge transferred across rows of detector in a 'Bucket brigade' fashion is seen in:,A,B,False,B
5020,Vegetation in mitral valve seen in which condition,A,B,False,B
5021,The value of elastic modulus for amalgam is:,A,A,True,A
5022,German measles are,A,C,False,C
5023,Trinucleotide sequence associated with spino-cerebellar ataxia is?,A,D,False,D
5024,Maximum urinary catheter induced infection,A,A,True,A
5025,Major central nucleus of sympathetic system is,A,D,False,D
5026,Largest intestinal protozoa is ?,A,B,False,B
5027,Paial ptosis is oculomotor nerve injury is due to intact -,A,A,True,A
5028,Human sperm remains feile for how many hours in a female genital tract ?,A,A,True,A
5029,Which muscle is paralyzed if there is hyperextension of metacarpophalangeal joint and flexion of the interphalangeal joint?,A,B,False,B
5030,Sullivan’s index is which of the following?,A,D,False,D
5031,The definition of exudate is,A,A,True,A
5032,Down syndrome is earliest diagnosed at ?,A,A,True,A
5033,"Volkmanns contracture, which aery is involved",A,B,False,B
5034,Which of the following is known as smart ceramic?,A,A,True,A
5035,"A 32-year-old woman complains of amenorrhea since the delivery of a baby 15 months previously, despite the fact that she did not breastfeed her baby. The delivery was complicated by excessive hemorrhage that required a transfusion of 2.5 liters of blood. She has also been fatigued and has gained an ",A,D,False,D
5036,Direct Occipitoposterior position is a ourable position in which type of pelvis ?,A,A,True,A
5037,Which of the following is an indication for thoracotomy in case of hemothorax ?,A,A,True,A
5038,Tanaka Johnston uses width of which teeth to estimate width of maxillary canine & premolar?,A,A,True,A
5039,In a child cessation of breathing for 20 sec. With bradycardia is –,A,A,True,A
5040,A multgravida 4 kg fetus is in labour since 15 hours and has 5cm dilation of cervix for last 8 hours. What is the fuher management of this patient ?,A,D,False,D
5041,An otherwise healthy 44-year-old man with no prior medical history has had increasing back pain and right hip pain for the past decade. The pain is worse at the end of the day. On physical examination he has bony enlargement of the distal interphalangeal joints. A radiograph of the spine reveals the,A,C,False,C
5042,Sialolithiasis is most commonly seen in which gland,A,C,False,C
5043,The prevelance of cyclosporin-A induced gingival overgrowth has been reported to about:,A,A,True,A
5044,"According to Munsell scale, colour of gingiva is:",A,A,True,A
5045,Linoleic acid is -,A,B,False,B
5046,"In 30 years female, with high alkaline phosphatase, low serum calcium, low serum phosphatase diagnosis is ?",A,D,False,D
5047,What is the tensor of vocal cords:,A,A,True,A
5048,All of the following are causes of perforation of cailaginous pa of nasal septum except?,A,A,True,A
5049,Frotteruism is ?,A,A,True,A
5050,A patient is having deficiency of Von Willebran factor. What abnormalities he will present with?,A,D,False,D
5051,Which of the following is not true about use of graft in vascular surgery,A,A,True,A
5052,Cristae are seen in?,A,B,False,B
5053,Brushing time in children under parent supervision:,A,A,True,A
5054,Epinephrine is most useful in?,A,B,False,B
5055,If probing force is upto 30gms then the probe remains:,A,B,False,B
5056,Which of the following is not a hypothesis of the revisited functional matrix  hypothesis?,A,D,False,D
5057,Food paicles mostly get obstructed in which pa of esophagus -,A,A,True,A
5058,Stability which is achieved in implants immediately after implant placement is known as:,A,A,True,A
5059,"For autopsy, stomach is open through -",A,D,False,D
5060,"All should be features of a substance to measure GFR, except ?",A,A,True,A
5061,Which of the following components of silver Amalgam alloy whitens the alloy:,A,A,True,A
5062,Which of the following statements is not true about iliolumbar ligament?,A,D,False,D
5063,The most common intracranial tumor in children is –,A,A,True,A
5064,Fibrous stroma of liver is derived from -,A,D,False,D
5065,In which of the following type of porosity is a hot spot created?,A,A,True,A
5066,Hypercoagulable factor is?,A,A,True,A
5067,Duchenne’s muscular dystrophy is?,A,C,False,C
5068,Disinfection of urine is which type of disinfection ?,A,D,False,D
5069,Which of the following is not true about metabolic syndrome?,A,C,False,C
5070,"DSM-4, Axis 3 contains?",A,D,False,D
5071,Coisol levels remain elevated for how many week/s following hemorrhage?,A,C,False,C
5072,"Residual Hypopigmentation following a drug reaction, is best known as?",A,B,False,B
5073,Rickets occurs due to which of the following reason?,A,D,False,D
5074,Blebs are found in which type of injury?,A,C,False,C
5075,Not a hemorrhagic lesion ?,A,C,False,C
5076,Most sensitive test for myaesthenia gravis,A,A,True,A
5077,Yellow-nail syndrome consists of,A,D,False,D
5078,Name the finish line which has a gingival finish wall perpendicular to the axial surfaces of the teeth:,A,B,False,B.
5079,Antitubercular drug which does not cross blood brain barrier is:,A,A,True,A
5080,Which of the following about the Sabin vaccine is not true?,A,D,False,D
5081,Renal blood flow is ?,A,A,True,A
5082,Pancreas divisum indicates which of the following ?,A,B,False,B
5083,Involvement of pulmonary lobules with visceral larva migrans is seen in–,A,B,False,B
5084,Following Drug is given safely in renal failure?,A,B,False,B
5085,Risorius is a muscle of ?,A,C,False,C
5086,Which of the following corroborates to the presence of clostridium difficle infection in patients taking antibiotics for another cause?,A,C,False,C
5087,Result of liquorice ingestion,A,B,False,B
5088,Asherman's syndrome false is ?,A,B,False,B
5089,"Among the following agents, maximum boiling point is associated with?",A,C,False,C
5090,Dual record system is useful for estimation of?,A,D,False,D
5091,Papillodema is seen in?,A,A,True,A
5092,A sexually active female with the profuse frothy foul-smelling discharge with intense itching. Strawberry cervix revealed on examination. What will be the diagnosis?,A,A,True,A
5093,‘Coronary-steal phenomenon’ is caused by–,A,C,False,C
5094,Which of the following is not a sign seen in acute apendicitis,A,D,False,D
5095,Severely anaemic pregnant patient in cardiac failure. Choice of transfusion?,A,B,False,B
5096,Pure motor palsy seen in poisoning of,A,C,False,C
5097,Hepatitis-E virus cause:,A,A,True,A
5098,"An 86 years old lady presented with severe constipation. She was a known hypeensive on medications for 10 years. In clinic, her BP was 157/98 mm Hg with a hea rate of 58/min. On taking here BP in the supine position it was found to be 90/60 mm Hg. She had the recent history of depression. She is tak",A,B,False,B
5099,All of the following are treatments of myopia except?,A,A,True,A
5100,False about limbus fossa ovalis -,A,C,False,C
5101,Proteoglycan present in the glomerular basement membrane is?,A,C,False,C
5102,Deficiency of p53 mutation is maximum in which lung carcinoma?,A,B,False,B
5103,X-ray of choice for age detection at around 16-17 years of age,A,B,False,B
5104,Unit for measurement of viscosity is,A,C,False,C
5105,Stranger anxiety develops at,A,B,False,B
5106,Which is the most common pancreatic endocrine neoplasm?,A,A,True,A
5107,Tyrosine kinase receptor is associated with proto!oncogene -,A,A,True,A
5108,MIBG dose is -,A,A,True,A
5109,Denominator in under -5 propoional moality rate?,A,B,False,B
5110,Sentinal surveillance is done to detect?,A,C,False,C
5111,Method of sterilization for fiberoptic laryngoscope:,A,B,False,B
5112,"A 40 years old lady reported with 1.5cm crater like ulcer on the palate for last 1 week which is rapidly growing, aggressive, ulcerative and perforating the hard palate is suggestive of:",A,C,False,C
5113,Suxamethonium acts through which channels ?,A,A,True,A
5114,Visor osteotomy is used for:,A,A,True,A
5115,The insulin glucagon ratio decreased. The enzyme is active at this time?,A,A,True,A
5116,"Minor connector should be rigid enough to support active components of a partial denture, but which among the following is the only flexible minor connector:",A,A,True,A
5117,Subpubic angle in Gynaecoid pelvis is?,A,A,True,A
5118,Function of tyrosinase is,A,C,False,C
5119,Nonselective a + 1 blocker is ?,A,B,False,B
5120,Muscae volitantes is seen in ?,A,C,False,C
5121,Less mitochondria are seen in -,A,C,False,C
5122,. Z plasty ideal angle,A,A,True,A
5123,Mendeloson’s syndrome is due to?,A,A,True,A
5124,First sign of maceration is,A,A,True,A
5125,Which of the following is present in normal vagina?,A,C,False,C
5126,Following are the causes of oligohydramnios except?,A,D,False,D
5127,"An 70 kg farmer is consuming 56 grams proteins, 275 grams carbohydrate and 60 grams lipids. He consuming?",A,B,False,B
5128,True about Ganers cyst is ?,A,A,True,A
5129,Chances of uterine rupture are least in -,A,A,True,A
5130,Neuropathy with INH therapy is least in patients?,A,B,False,B
5131,28 year old female complaints of foul smelling yellowish urethral discharge since 4 days. History of burning micturation. History of sexual contact with multiple paners 2 days before the onset of symptoms. Most likely diagnosis is ?,A,C,False,C
5132,Occlusal forces cause injury in periodontium with normal height?,A,C,False,C
5133,Which of the following  is not used as sub-gingival irrigant:,A,A,True,A
5134,All of the following are causes of acute hyponatremia except,A,B,False,B
5135,"In axillary nerve paralysis, all the following are true except",A,B,False,B
5136,Hybrid ionomer is also called as:,A,A,True,A
5137,Most sensitive test to detect early renal TB is -,A,A,True,A
5138,95% carrier and 5% cases are seen in ?,A,D,False,D
5139,"Soft palate that makes 45 degrees angle to the hard palate, comes under:",A,B,False,B
5140,A 28 year old lady on OCPs takes tetracycline for periodontitis and become pregnant after 2 months. This is because?,A,A,True,A
5141,Hegar sign all are true except ?,A,B,False,B
5142,Which among the following is renin antagonist?,A,C,False,C
5143,Treatment of Tetanus is done by all except,A,D,False,D
5144,Carotid body function in an organ work as:,A,A,True,A
5145,Slowest blood flow is seen in ?,A,D,False,D
5146,Prothrombin Time is increased in:,A,D,False,D
5147,Pulpal inflammation is marked by:,A,C,False,C
5148,Which of the following hardness test is used extensively for determining the hardness of the metal and metallic materials:,A,B,False,B
5149,Due to Donnan-Gibbs effect?,A,A,True,A
5150,"Patients have precancerous lesions with abdominal swelling and inguinal nodes are seen. On examination, lymphadenopathy was found. The most probable carcinoma related to this condition will be?",A,A,True,A
5151,Ascitic fluid SAAG < 1.1 what is the disease associated with,A,A,True,A
5152,Drug used in Erectile dysfunction when PDE-5 inhibitor is not effective?,A,D,False,D
5153,Stellate granuloma seen in,A,B,False,B
5154,HIV screening among sex workers is an example of?,A,A,True,A
5155,"Punched out a crater-like depression at the crest of interdental papilla, covered by pseudomembrane is known:",A,B,False,B
5156,pH of vagina in pregnant woman is usually ?,A,A,True,A
5157,Sexual gratification obtained by enema is called -,A,C,False,C
5158,RQ is least in ?,A,B,False,B
5159,Most common site of carcinoma prostate is ?,A,A,True,A
5160,Calculus present over mandibular anteriors is rich in:,A,D,False,D
5161,Transferases are classified as ?,A,C,False,C
5162,Pancoast’s triad includes all of the following Except:,A,B,False,B
5163,Skin involvement along with collar stud ulceration in intestine on radiography. Diagnosis is -,A,D,False,D
5164,In paograms recommended by 'WHO' the distance between the ale and action lines is ?,A,B,False,B
5165,Evans syndrome is,A,A,True,A
5166,Red degeneration of fibroid is seen in ?,A,B,False,B
5167,Limiting amino acid in cereals ?,A,A,True,A
5168,D and L isomerism is -,A,D,False,D
5169,Urea breath test is used for diagnosis of:,A,A,True,A
5170,Tetanic contraction is due to accumulation of ?,A,B,False,B
5171,"For determining the age between 1-13 years, the best X-ray is–",A,A,True,A
5172,Edman's reagent is used for,A,B,False,B
5173,Total energy stored in the body at the point of fracture is known as:,A,A,True,A
5174,Which of these is a homopolysaccharide?,A,D,False,D
5175,PDL fibers that are removed to prevent relapse are?,A,A,True,A
5176,Posterior scalloping of veebrae is not seen,A,A,True,A
5177,Most impoant cerebral vasodilator?,A,A,True,A
5178,Most important criteria for the success of the implant is:,A,B,False,B
5179,External version is done after?,A,A,True,A
5180,Physiologic change in leukocyte numbers in pregnancy is,A,A,True,A
5181,Tonic neck reflex disappears at what age ?,A,B,False,B
5182,Placing GIC under composite for pulp protection is called:,A,A,True,A
5183,Which of the following defines vital capacity?,A,C,False,C
5184,"Glutamine is Increase in CSF, blood and urine, this is due to deficiency of",A,A,True,A
5185,Total surface area of respiratory membrane ?,A,C,False,C
5186,Unspecified pain pathway is for?,A,D,False,D
5187,Viral infections usually cause:,A,A,True,A
5188,ORS contains 75 mEq/l-,A,A,True,A
5189,Chi-square test is for:,A,D,False,D
5190,A lady washes her hands 40 times per day for no apparent reason.  Cognitive behavior therapy for her treatment should include?,A,A,True,A
5191,Changing the tilt of cast during surveying changes the:,A,D,False,D
5192,IPC 201 is for -,A,A,True,A
5193,Which enzyme is seen in stratum intermedium?,A,A,True,A
5194,Differences between human milk and cow milk are all of the following except:September 2005,A,D,False,D
5195,Number of freni in the maxilla:,A,A,True,A
5196,Confusion assessment scale used for which of the following?,A,B,False,B
5197,True about iceberg of disease ?,A,B,False,B
5198,Rideal-walker coefficient for disinfectant used for cholera stool should be ?,A,A,True,A
5199,Dunlop traction is a type of traction used in management of,A,C,False,C
5200,All are true about Marie - strumpell disease except :,A,A,True,A
5201,Anticodon is located on?,A,B,False,B
5202,"All viruses are associated with specific inclusion body, except ?",A,A,True,A
5203,C factor is highest in which of the following:,A,C,False,C
5204,PGs in semen are secreted by ?,A,A,True,A
5205,Color code used in cephalogram for retention is:,A,A,True,A
5206,Palatal height index given by?,A,C,False,C
5207,All are associated with diabetic gangrene except?,A,B,False,B
5208,Rake angle is:,A,A,True,A
5209,All replanted permanent teeth with complete root development should have a pulpectomy soon after replantation regardless of the length of time the tooth was out of the mouth. The pulp is extirpated before the splint is removed preferably within one week after the injury.,A,D,False,D
5210,Cloacae are present in,A,A,True,A
5211,What is false about Eale's disease amongst the followwing?,A,A,True,A
5212,Separation of proteins by their mass ?,A,C,False,C
5213,Features of marasmus are all except :,A,A,True,A
5214,Detergent action of bile salts is due to:,A,C,False,C
5215,When Va / Q is infinity?,A,B,False,B
5216,"The ""gold standard"" for recording change in periodontal status is?",A,A,True,A
5217,Iritis in young patient with joint pain -,A,A,True,A
5218,"Dysplastic hip in a child, investigation of choice",A,C,False,C
5219,Somatosensory coex lesion will cause ?,A,C,False,C
5220,Plasma membrane is mainly composed of ?,A,C,False,C
5221,Maternal side layer of the placenta is called ?,A,A,True,A
5222,Benzocaine is used in which type of anesthesia?,A,A,True,A
5223,Km value is defined as:,A,A,True,A
5224,"In a patient who was brought to casualty after A with pulse rate 108, SBP 80. Which fluid is to be given ideally?",A,B,False,B
5225,Which of the following has same concentration in CSF and plasma ?,A,A,True,A
5226,Seen in SIADH,A,D,False,D
5227,Pott’s Disease is,A,A,True,A
5228,True about Carboxyhemoglobin?,A,B,False,B
5229,Which of the following is true about drugs useful in amoebiasis:,A,A,True,A
5230,Buccal shelf area is the primary stress bearing area in mandibular edentulous ridge because:,A,A,True,A
5231,Minimum amount of bone around implant should be:,A,C,False,C
5232,"A patient is presenting with recurrent staphylococcal infection, kyphoscoliosis and typical faces. The patient is suffering from ?",A,B,False,B
5233,Weight of newborn quadruplets by -,A,B,False,B
5234,Young child with laughing spells. Diagnosis -,A,A,True,A
5235,What is the effect on radiograph if there are scratches on intensifying screen?,A,A,True,A
5236,Which is an example of indeterminate two couple system?,A,D,False,D
5237,Which of the following is preferable for casting gold alloys?,A,B,False,B
5238,Adenine phosphoribosyl transferase is involved ?,A,A,True,A
5239,"A 45 year old female presents with mass in Right Breast, Upper Outer guardant. Mammography shows a specific type of calcification. All of the following types would definitely indicate a benign nature EXCEPT ?",A,D,False,D
5240,Minimum pressure required to initiate a biological process for initiation of a tooth movement is:,A,A,True,A
5241,Max damage is done by which poison -,A,B,False,B
5242,what is the size of Periochip:,A,A,True,A
5243,What is the purpose of a control group in an experimental study?,A,C,False,C
5244,what is Hardy's tooth:,A,A,True,A
5245,Which of following is not a free radical -,A,A,True,A
5246,Anisocoria in Horner's syndrome is due to,A,A,True,A
5247,Menkes disease is associated with which enzyme deficiency.,A,A,True,A
5248,Dental caries incidence decreases with decrease in decrease in sugar intake?,A,B,False,B
5249,candidate marker of Aggressive periodontitis is /are :,A,C,False,C
5250,Beri- Beri occurs due to deficiency of:,A,A,True,A
5251,Phacoemulsification uses,A,A,True,A
5252,True of 02-Hb dissociation curve?,A,C,False,C
5253,MRI sequence used to assess soft tissue pathology is,A,B,False,B
5254,Oxidation of drugs is mainly takes place in?,A,B,False,B
5255,Least common presentation of twins ?,A,D,False,D
5256,Molotov cocktail is?,A,A,True,A
5257,Physiological dead space is calculated by ?,A,C,False,C
5258,Rifampicin acts by?,A,A,True,A
5259,"Bacteria that produces hydrogen peroxide (H2O2), which either directly or by host-enzyme amplification can kill A.actinomycetemcomitans is?",A,B,False,B
5260,LDH has how many isoenzymes,A,D,False,D
5261,"38 yr old patient with high risk of coronary aery disease risk has hypeention, which of the following antihypeensive drugs will be suitable as a first line treatment for this patient?",A,A,True,A
5262,Breast conservation surgery is contraindicated in all except -,A,D,False,D
5263,Ulcer with rolled out everted edge:,A,D,False,D
5264,Tay-Sach disease is due to deficiency of,A,A,True,A
5265,True about Asperger syndrome:,A,B,False,B
5266,Method of reduction of inguinal hernia,A,B,False,B
5267,"A 55 year male has history of dysphagia with vomiting of undigested food throughout the day, weight loss, emaciated & dehydrated. No mass palpable per abdomen. The modality of treatment is",A,A,True,A
5268,Case of diagnosed cholecystitis presentation acute pain sharp going to the back diagnosis,A,B,False,B
5269,Lactose produced by glycolysis is used by?,A,A,True,A
5270,Renal angle is the angle between?,A,A,True,A
5271,Meconium can passed upto - days in healthy bady -,A,B,False,B
5272,Bilirubin in serum can be measured by,A,A,True,A
5273,Development of peritoneal cavity is from ?,A,B,False,B
5274,Chemiosmotic coupling of oxidation phosphorylation is related to ?,A,B,False,B
5275,Which of the following is the causative agent of Lymphogranulomavenereum?,A,D,False,D
5276,Based on the shape of the powder particles type of Amalgam alloy is / are:,A,A,True,A
5277,Drug commonly used in treatment of endometriosis is?,A,B,False,B
5278,"As per Bolton’s analysis, the ratio of sum of mesiodistal widths of the mandibular anteriors to the mesiodistal width of the maxillary anteriors should be:",A,A,True,A
5279,Gene for insulin responsive glucose transpoer is located on chromosome?,A,A,True,A
5280,Brinnell hardness number is directly proportional to which of the following:,A,D,False,D
5281,Healthy adult cardiac reserve is ?,A,B,False,B.
5282,Relationship of upper lower jaw base length is?,A,C,False,C
5283,"Which eye muscle has radial, longitudinal and circular fibres?",A,D,False,D
5284,Fumarate is formed from which amino acid,A,B,False,B
5285,Robust serum antibody response to infecting  agent is seen in,A,C,False,C
5286,Presence of mitosis is a characteristic of:,A,C,False,C
5287,True about electrophoresis in patients of multiple myeloma,A,B,False,B
5288,Most common presenting feature of complete mole is ?,A,C,False,C
5289,Pregnancy is contraindicated in all of the following except -,A,D,False,D
5290,Hemorrhage commonly seen with tril trauma in elderly -,A,A,True,A
5291,Alpha subunit of hCG is similar to ?,A,D,False,D
5292,Type of implant in which restoration of implants in or out of occlusion at least 48hours after the implant placement but within a shorter time interval than coventional healing is:,A,A,True,A.
5293,All of the following are true for ingestion of acid except -,A,D,False,D
5294,Smoking is preventive for ?,A,A,True,A
5295,Detachment or separation of cementum from the root surface is known as:,A,D,False,D
5296,"Organ which can utilize glucose, FA and ketone bodies is -",A,B,False,B
5297,Long-standing pelvic inflammation may lead to which of the following conditions?,A,A,True,A
5298,Ethacrynic acid would act at which of the above areas?,A,A,True,A
5299,"Finish line to be prepared in cementum, best suited is:",A,C,False,C
5300,In Retinitis pigmentosa decreased level of?,A,A,True,A
5301,Influenza pandemic is,A,A,True,A
5302,"What will happen, when a stone cast is kept above 90°C:",A,A,True,A
5303,Most sensitive investigation for Diffuse axonal injury is -,A,A,True,A
5304,Bohler's angle is seen in:,A,A,True,A
5305,Yellow Fever certificate of vaccination is valid for?,A,B,False,B
5306,During functional endoscopic sinus surgery the position of patient is,A,A,True,A
5307,True regarding Bowen's disease is ?,A,D,False,D
5308,Arbor vitae are seen in ?,A,B,False,B
5309,Highest funding for reproductive health is by -,A,A,True,A
5310,"When osseous defects amenable to reconstruction are present, technique of choice is?",A,A,True,A
5311,False about Odds Ratio is :,A,B,False,B
5312,Naloxone is a opioid antagonist that acts at the following receptor/s–,A,A,True,A
5313,The next step following the surveying of cast should be:,A,A,True,A
5314,Meralgia paraesthetica is due to the involvement of:,A,A,True,A
5315,Biological value of protein is,A,C,False,C
5316,Volume of distribution of a drug is 500 ml and target concentration of drug in blood is 5 g/L. 20% of administered drug is reached to systemic circulation. What will be the loading dose of that drug -,A,B,False,B
5317,"Which of the following famous personalities had hydrocele associated with hernia, which proved to be fatal?",A,A,True,A
5318,Plasma factor present in both serum & plasma is:,A,B,False,B
5319,Eye structure with maximum refractive power:March 2007,A,C,False,C
5320,'C' fibers carry sensations through which pathway?,A,C,False,C
5321,All are examples of Intangible benefits except?,A,A,True,A
5322,"""Triangle of Petit"" is a landmark for which block?",A,A,True,A
5323,Name the minor connector shown in the colour plate:,A,A,True,A.
5324,Which of the following is not a feature of Down's syndrome?,A,C,False,C
5325,Limb bud appear at what weeks of gestation?,A,A,True,A
5326,Glucose oxidase conves glucose to?,A,A,True,A
5327,"Difference between ganglioside & cerebroside, all except?",A,B,False,B
5328,Cerebro-occulo-genital syndrome has the following features except,A,A,True,A
5329,Periosteal reactions is seen in,A,D,False,D
5330,"If HbAl C is 8%, What will be the value of blood glucose ?",A,A,True,A
5331,Acid used for forging signature is ?,A,A,True,A
5332,Which of the following is an example of a second-generation apex locator?,A,D,False,D
5333,Which of the following is true about Crohn's disease?,A,B,False,B
5334,Plane of cleavage during placental separation runs through,A,A,True,A
5335,Which one of the following drug is not used for medical management of ectopic pregnancy?,A,B,False,B
5336,"Condition where there is ingrowth of the endometrium, both glandular and stromal component in myometrium is ?",A,A,True,A
5337,Which of the following is not a marker of bone formation:,A,D,False,D
5338,During heel touch phase of walking pressure in calf compament is ?,A,A,True,A
5339,Half life of Prealbumin is ?,A,A,True,A
5340,Which viral gene acts as carcinogen in causing carcinoma cervix -,A,B,False,B
5341,Mechanism of action of Teriparatide is ?,A,A,True,A
5342,Hea tube is formed at -,A,B,False,B
5343,Why adenosine has a sho half life?,A,C,False,C
5344,The best ﬁnish line for an anterior jacket crown is:,A,A,True,A
5345,Antiretroviral therapy is to be given in HIV infected patients irrespective of presence of symptoms if CD4 count is less than?,A,C,False,C
5346,Abstinence period before semen analysis is ?,A,C,False,C
5347,"Morphine causes all, EXCEPT:",A,B,False,B
5348,"In Adipocere, color change seen is -",A,A,True,A
5349,DAG acts by?,A,A,True,A
5350,Edrophonium test is used in the diagnosis of?,A,D,False,D
5351,Which of the following are rapidly adapting cutaneous receptors that respond to deeppressure?,A,B,False,B
5352,The free margin of lesser omentum forming the anterior boundary of epiploic foramen contains which of the following?,A,A,True,A
5353,Mechamism of secretion of ammonia in distal tubule is?,A,A,True,A
5354,Infectivity of convalescent carrier of cholera lasts for?,A,B,False,B
5355,"In Preload, there is",A,B,False,B
5356,Locally applied antimicrobial is/are:,A,D,False,D
5357,"At which relative volume of PMNs that reaches the JE, the tissue loses cohesiveness and detaches from tooth surface?",A,A,True,A
5358,Hypomagnesemia is not seen in,A,B,False,B
5359,Human living standards can be compared in different countries by -,A,B,False,B
5360,Precentral gyrus & coicospinal tract are essential for?,A,D,False,D
5361,Which of these is not an absolute indication for orthodontic cast setup?,A,A,True,A
5362,Multiple supernumerary and unerupted teeth are the characteristic features of:,A,C,False,C
5363,Osseocailagenous junction is present at ?,A,C,False,C
5364,"Regarding NAD and NADP, true is ?",A,B,False,B
5365,"A polytrauma CT scan, CT brain shows a lesion with concave margin",A,D,False,D
5366,The protective level of antitetanus antitoxin is,A,B,False,B
5367,Haemophilia A is best treated by infusion of:,A,A,True,A
5368,Spironolactone should not use along with?,A,C,False,C
5369,Feilized ovum reaches the uterus at what day of menstrual cycle?,A,B,False,B
5370,"Which of the following is referred to as the ""Window of the limbic system""?",A,B,False,B
5371,Cowden syndrome,A,B,False,B
5372,At 20 weeks of gestation amniotic fluid volume is ?,A,B,False,B
5373,"A 10 year old child presents with non foul purulent smelling discharge, which is painless. Patient repos that he is able to hear better in the presence of discharge than when the ear is dry. The most probable diagnosis is",A,A,True,A
5374,Failure of convergence of eye balls is known as:,A,A,True,A
5375,Inspiratory squeaks are the physical examination finding of,A,A,True,A
5376,According to Horning and Cohen stage 7 is called as:,A,D,False,D
5377,Which one of the following shows allosteric inhibition?,A,D,False,D
5378,"A diabetic patient having sensory involvement, tingling, numbness, ankle swelling, no pain. Diagnosis is",A,A,True,A
5379,Multiagent chemotherapy induces remission in of the patients of acute myelogenous leukemia,A,B,False,B
5380,Carnitine is synthesised from -,A,D,False,D
5381,High chance of rupture in tubal pregnancy are seen in which ?,A,B,False,B
5382,Risk factors for molar gestation are all of the following except -,A,A,True,A
5383,Vitamin A prophylaxis is an example of:,A,C,False,C
5384,The most common form of shock in a surgical patient is :,A,C,False,C
5385,Treatment of nasal bone fracture includes all except,A,D,False,D
5386,For comparing different wire materials & their sizes most efficient method is?,A,A,True,A
5387,In head injury unilateral dilatation of pupil is seen due to ?,A,A,True,A
5388,Inhibitors of glycolysis are all except ?,A,D,False,D
5389,"After 4 months of renal transplantation, a patient can likely to develop which infection-",A,B,False,B
5390,Damage to occulomotor nerve causes all except:,A,D,False,D
5391,Retraction ball seen in,A,B,False,B
5392,Whitaker test is done for?,A,D,False,D
5393,"A 45 year old carpenter with a blunt trauma to his arm sustained a fracture followingwhich he developedwrist drop, loss of extension at fingers and loss of sensations on the lateral aspect of the wrist joint. Which of the following is true ?",A,C,False,C
5394,Carcinoma due to inherited mutation of p53 protooncogene,A,A,True,A
5395,Which anti-histaminic has very less cholinergic side effects?,A,D,False,D
5396,The nutrient aery to the femur is?,A,D,False,D
5397,The most widely used tumour marker for pancreatic cancer is–,A,B,False,B
5398,“Yellow black” granules are seen in which fungal infection?,A,B,False,B
5399,Contraindication for induction of labour is all except?,A,A,True,A
5400,During not used in the treatment of acute asthma is?,A,A,True,A
5401,RMP in smooth muscles?,A,A,True,A
5402,Superior vena cava develops from -,A,A,True,A
5403,Width of JE at CEJ is?,A,A,True,A
5404,Most common mode of spread for genital tuberculosis is?,A,A,True,A
5405,"Polytrauma patient came to EMS, dose of crystalloid given should be",A,A,True,A
5406,Multiple episodes of acute chest syndrome are associated with,A,A,True,A
5407,Number of lobes in breast,A,A,True,A
5408,"Discomfort, pain and swelling on salivary gland stimulation is indicative of:",A,A,True,A
5409,All are occupational cancers except ?,A,A,True,A
5410,Not true about PnG is,A,B,False,B
5411,Sternocleidomastoid muscle is examined by,A,A,True,A
5412,Which of the following is not an advantage of fluid resin technique:,A,B,False,B
5413,"A patient is depressed for past 3 years, do not go out of his hours much and is cut off from society.  But with normal sleep and normal weight.  Most probable diagnosis is?",A,B,False,B
5414,What is the maintainance fluid requirement in a 6 kg child ?,A,B,False,B
5415,Which of the following is true about propeies of VLDL/LDL-,A,B,False,B
5416,Which aery supplies the paracentral lobule?,A,C,False,C
5417,Iris cloboma is most common in ?,A,A,True,A
5418,WHO recommend its member states to introduce community water fluoridation in?,A,A,True,A
5419,"Thoracoscore , what is not the component",A,D,False,D
5420,Maximum amniotic fluid at ?,A,A,True,A
5421,Male pseudohermaphrodism most common cause -,A,A,True,A
5422,Ansiokonia is ?,A,A,True,A
5423,Apoprotein - C ?,A,A,True,A
5424,Blisters are absent in ?,A,B,False,B
5425,Post dural puncture headache usually presents with in ?,A,C,False,C
5426,Nonsense codons bring about ?,A,D,False,D
5427,Emtricitabine is classified as?,A,C,False,C
5428,All of the following retards the orthodontic tooth movement except:,A,A,True,A
5429,100 day glaucoma is caused by,A,C,False,C
5430,Kerley B lines seen in mitral stenosis when the resting left atrial pressure exceeds,A,B,False,B
5431,Körner’s septum is formed by which of the following:,A,D,False,D
5432,Which of the following provides excellent details about the chemodectomas?,A,C,False,C
5433,Conversion of Norepinephrine to epinephrine is mainly by?,A,A,True,A
5434,True about anti - Parkinson drug levodopa is :?,A,C,False,C
5435,Cold cure acrylic expand in water by:,A,A,True,A
5436,True about the radiologic feature of Localized aggressive periodontitis,A,A,True,A
5437,The severity of mitral stenosis can be judged by-,A,C,False,C
5438,Metamorphopsia is seen in ?,A,C,False,C
5439,Which of the following is true regarding premature milk as compared to mature milk?,A,B,False,B
5440,Hinge fracture is:,A,D,False,D
5441,All are causes of anovulatory amenorrhoea except?,A,A,True,A
5442,Tinnel's sign is meant for:,A,A,True,A
5443,Disease occurring due to inadequate use of water or improper hygiene?,A,A,True,A
5444,Negative autopsy is defined as -,A,A,True,A
5445,Tram tract appearance of glomeruli is found in?,A,D,False,D
5446,Lithotomy position increases vaginal opening by how many cm -,A,B,False,B
5447,Sexual perversions(Exhibitionism) is under section,A,B,False,B
5448,Pouring up the impression and removal of the cast several times does not alter the dimensional stability of:,A,B,False,B
5449,"In centric relation, condyles are in which position in the glenoid fossa:",A,A,True,A
5450,Deficiency of enzyme aromatase leads to deficiency of which hormone ?,A,B,False,B
5451,Treatment of choice in anorectal carcinoma,A,A,True,A
5452,Acral lentigines type of malignant melanoma occurs in -,A,D,False,D
5453,PSGN is an example of which type of hyper sensitivity,A,B,False,B
5454,"In a community of 1000000 population 105 children were born in a year out of which 5 was still bihs, and 4 died within 6 months after bih. The IMR is ?",A,C,False,C
5455,All are true about compliance of lung except ?,A,D,False,D
5456,ANP acts at which site ?,A,A,True,A
5457,Claudication due to popliteal femoral incompetence is primarily seen in,A,B,False,B
5458,Which of the following can be the consequences of an internal porosity in casting?,A,D,False,D
5459,Most common cause of peptic ulcer in adult patients:,A,A,True,A
5460,How many days a person can live without food and water ?,A,B,False,B
5461,Anti epileptic of choice in pregnancy is?,A,B,False,B
5462,Outraging modesty of women is which section of IPC?,A,B,False,B
5463,Lendrum stain is done for ?,A,B,False,B
5464,Magnification obtained by colposcopy is ?,A,B,False,B
5465,Investigation of choice for pancoast tumor is -,A,B,False,B
5466,Following are the features of true labour pain ?,A,D,False,D
5467,Plasma inulin of a person is 4 mg/ml and urine flow rate is 20 ml/min. What will be GFR if urine inulin is 50 mg/ml?,A,B,False,B
5468,3 - subumit of insulin receptor binds to ?,A,D,False,D
5469,Which of the following drugs acts by inhibiting the transcription of DNA to RNA?,A,A,True,A
5470,Primer which etches and primes dentin is known as:,A,A,True,A
5471,Loading dose of a drug is given?,A,A,True,A
5472,Type of suture used in complete perineal tear is -,A,C,False,C
5473,Ureteric bud develops from:,A,A,True,A
5474,Physiological adhesions between foreskin and glans penis persist until years of age -,A,D,False,D
5475,Investigation with least radiation dose in the diagnosis Meckel's diveiculum is -,A,D,False,D
5476,All are true regarding tricuspid atresia except –,A,A,True,A
5477,Rate limiting steps in TCA cycle ?,A,B,False,B
5478,Pulmonary alveoli are kept dry due to:,A,D,False,D
5479,Bilirubin is formed from metabolism of:,A,C,False,C
5480,Sodalime is used to absorb CO2 in:,A,A,True,A
5481,"In inflammatory myopathy, which group of muscles is not affected",A,C,False,C
5482,Saddle nose deformity is seen in?,A,D,False,D
5483,Gametocidal antimalarial drug for all species of plasmodium ?,A,C,False,C
5484,"55 year old lady complaints of mass in the vagina, which is reducible & increases on defecation. The diagnosis is?",A,B,False,B
5485,The finish line which has a sliding fit is/are:,A,D,False,D
5486,All are seen in Nephrotic syndrome except,A,B,False,B
5487,Only disease which is eradicated worldwide ?,A,A,True,A
5488,Best radiograph to view fracture of condyle:,A,C,False,C
5489,Phase mediate transfer of cDNA into host is known as?,A,A,True,A
5490,Most hydrophilic elastomeric impression material among  the following:,A,B,False,B
5491,Which of these is not a type of occlusal morphology of mandibular 2nd premolar:,A,A,True,A
5492,Not true about VEGF is -,A,D,False,D
5493,Trigger Finger Involves Which joint ?,A,C,False,C
5494,First line of treatment of mastitis in a lactating mother is-,A,A,True,A
5495,Thoracic duct opens into systemic circulation at?,A,A,True,A
5496,Methergin is given for prophylaxis of ?,A,B,False,B
5497,Basket weave appearance of glomerular basement membrane on electron microscopy is seen in,A,A,True,A
5498,Plaque that causes maximum connective tissue and bone destruction is?,A,D,False,D
5499,New born baby with hea rate less than 60 beats per minute can be resuscitated by all except,A,A,True,A
5500,Burning pain is carried by which type of fibres ?,A,B,False,B
5501,Uvula vesicae is produced by which prostate lobe?,A,C,False,C
5502,Not seen in following disease :,A,A,True,A
5503,HOX gene is associated with,A,A,True,A
5504,Gracey curette: True statement is:,A,B,False,B
5505,All are true about Wilm’s tumor Except:,A,A,True,A
5506,Which of the following is true for RHD?,A,B,False,B
5507,Gas released from oligosaccharide metabolism by intestinal bacteria is,A,A,True,A
5508,Epistaxis after ligating external carotid aery is due to which vessel?,A,C,False,C
5509,"In patients in whom there is severe immunodeficiency or malnutrition, NUG and NUP may progress to:",A,B,False,B
5510,What can be the use of a periodontal probe?,A,A,True,A
5511,Fuher investigation is essential in a newborn with which condition?,A,A,True,A
5512,Prophylactic thyroidectomy is indicated in,A,B,False,B
5513,Propofol shows following effect on EEG?,A,B,False,B
5514,The function of Paneth cells is to secrete which of the following?,A,B,False,B
5515,Molecular mimicry is established in the presence of ?,A,A,True,A
5516,The most common organ to be involved in the acute phase of Graft vs host disease is?,A,C,False,C
5517,Fluconazole resistant candidiasis in a HIV positive patient is treated by:,A,B,False,B
5518,Superior marginal gyrus is a pa of?,A,A,True,A
5519,Commonest complication of pars planitis ?,A,B,False,B
5520,Ganer's cyst are seen at ?,A,C,False,C
5521,Amelogenesis imperfecta is a disorder of:,A,A,True,A
5522,Foetal lung maturity is assessed by –,A,A,True,A
5523,Not true about highly selective vagotomy -,A,A,True,A
5524,Gastric secretions are essential for absorption of -,A,A,True,A
5525,Which of the following was plant-derived latex crosslinked with sulfur introduced as a denture base material in 1853?,A,A,True,A
5526,High survey line is commonly seen in:,A,C,False,C
5527,Active principle of Oleander is?,A,B,False,B
5528,Irregular pupil is seen in ?,A,B,False,B
5529,Von wilebrand factor is synthesized by all except?,A,A,True,A
5530,Pruritis is caused by deficiency of -,A,C,False,C
5531,Agger nasi is,A,D,False,D
5532,Features in favour of ventricular tachycardia are all the following EXCEPT,A,C,False,C
5533,Enzyme which acts on aspaate,A,D,False,D
5534,The treatment of choice for baholin cyst is ?,A,A,True,A
5535,Phosphate/phosphorus is present in which pa of cell?,A,B,False,B
5536,All are true about red muscle fibers except ?,A,B,False,B
5537,Which of the following anesthetic agent is a potent bronchodilator -,A,B,False,B
5538,Mouth to mouth respiration provides what percentage of oxygen ?,A,C,False,C
5539,Two same charged proteins can be separated by all except -,A,C,False,C
5540,The interdental gingiva in deciduous dentition is?,A,A,True,A
5541,Which of the following  statement is not true about local administration of antimicrobials compared to systemic administration:,A,D,False,D
5542,Best method for methanol poisoning treatment:March 2007,A,A,True,A
5543,Most common cause of portal hypertension children is –,A,C,False,C
5544,Which common tracer in PET is usually administered in the form of a glucose sugar,A,A,True,A
5545,HSV-2 causes latent infection in which nerve plexus/ ganglia ?,A,C,False,C
5546,Enzyme replacement is done for?,A,C,False,C
5547,Bond strength required to counteract the effect of polymerization shrinkage in composite resins:,A,D,False,D
5548,Intra-aerial thiopentone injection leads to?,A,A,True,A
5549,I.R.I.S. is -,A,A,True,A
5550,All of the following are causes of pseudoparalysis except,A,D,False,D
5551,Which of the following is a technique/method based on behavioural sciences,A,A,True,A
5552,Which of the following elastomeric impression material yields water as a by-product during reaction?,A,B,False,B
5553,cAMP action mediates all except ?,A,D,False,D
5554,The type of electrode used for planing tissue is:,A,A,True,A
5555,Intrauterine adhesions best seen by?,A,C,False,C
5556,Psoriatic ahritis most commonly involves which joint -,A,A,True,A
5557,Immunoglobulin which crosses placenta readily is?,A,A,True,A
5558,Acute tonsillitis effects which nerve:,A,A,True,A
5559,Wool-Soer disease is caused by,A,A,True,A
5560,Platelet aggregation and vasoconstriction caused by:,A,D,False,D
5561,Pectus excavatum is,A,B,False,B
5562,Dose of diphtheria antitoxin is-,A,A,True,A
5563,The best accounted function to MIP-26 in lens,A,B,False,B
5564,Non-specific pain pathway is for?,A,A,True,A
5565,Not a content of sperm ?,A,C,False,C
5566,Which 'P' is not a feature of lichen planus ?,A,C,False,C
5567,Which vaccine is contraindicated in pregnancy:,A,A,True,A
5568,Prognosis of surgery for liver secondaries is best for which cancer?,A,A,True,A
5569,Breast milk protects from infections as it contains all of the following except:,A,B,False,B
5570,Iron is conserved by?,A,A,True,A
5571,Abraxane is a :?,A,A,True,A
5572,"Isolated gingival recession defect is there but the nearby architecture is very thin, the preferred technique is:",A,A,True,A
5573,Guidewire-induced spasm of the distal superficial femoral artery is best treated with:,A,B,False,B
5574,Clinical alarming sign of MgSO4 toxicity is ?,A,A,True,A
5575,The most commonly used laboratory test to distinguish between staphylococci and micrococci is–,A,A,True,A
5576,One of the following is not a side effect of atropine?,A,A,True,A
5577,Main component of denture cleansing agent is:,A,B,False,B
5578,Bond formation between ribose sugar and nitrogen is ?,A,D,False,D
5579,Lipophilic fungus is ?,A,A,True,A
5580,Which of the following is true about menetrier's disease,A,A,True,A
5581,Function of Guiding plane is / are :,A,D,False,D
5582,Larynx below the vocal cords drain into ?,A,A,True,A
5583,Acute salpingitis is most commonly caused by ?,A,B,False,B
5584,Which of the following type of headgear is indicated in a patient with low mandibular angle or horizontal grower:,A,C,False,C
5585,Lining epithelium of vocal cord is,A,A,True,A
5586,Massive transfusion is defined as transfusion of,A,A,True,A
5587,Which of the following wires can be bent for maximum number of times before it gets fractured?,A,C,False,C
5588,Griffth classification is base on,A,B,False,B
5589,A term baby on breastfeeding with bilirubin 14mg/dL which of the following is true?,A,C,False,C
5590,The best medium to preserve an avulsed tooth is:,A,D,False,D
5591,Which of the following elastomeric impression material shows highest permanent deformation:,A,A,True,A.
5592,True about post-exposure prophylaxis in HIV ?,A,B,False,B
5593,Wolffian duct remnant in female is,A,D,False,D
5594,Aldolase-B is involved in metabolism of ?,A,B,False,B
5595,The most common arrhythmia associated with laparoscopic surgery is ?,A,B,False,B
5596,Risk of transmission can be determined by a patient complaining of chills and fever following a louse bite 1/2 weeks before. He had rashes all over the body and was delirious at the time of presentation to the hospital and subsequently went into coma. A provisional diagnosis of vasculitis due to ric,A,C,False,C
5597,Tzank cell is ?,A,A,True,A
5598,Miracle fruit is used to change the taste from?,A,B,False,B
5599,Earliest finding for renal tuberculosis on IVP is?,A,D,False,D
5600,Pulsatile tinnitus is a feature of ?,A,A,True,A
5601,All are genetic amino acid deficiency diseases except:,A,A,True,A
5602,Following are radiological findings in rheumatoid ahritis except -,A,A,True,A
5603,Study of alcohol intake for 10 year and occurring of hepatic disease. The type of study is:,A,A,True,A
5604,Dentin translucency as a factor of age estimation was not used by:,A,A,True,A
5605,Which of the following is derived from the neural tube except?,A,C,False,C
5606,"A patient complains about nausea, vomiting and stomach cramps after attending a social gathering pay, which causative organism is likely responsible for Food Poisoning within 3 hours.",A,A,True,A
5607,Gross reproduction rate is ?,A,C,False,C
5608,“Falanga” is defined as?,A,A,True,A
5609,This Organism is?,A,C,False,C
5610,Pruritus is a feature of which of the following ?,A,D,False,D
5611,What is true about lateral tibial condyle ?,A,C,False,C
5612,All of the following are main branches of Trigeminal nerve except ?,A,D,False,D
5613,"A patient diagnosed with Rheumatoid ahritis was on medications. After 2 years, he developed a blurring vision and was found to have corneal opacity. Which drug is most likely to cause this?",A,B,False,B
5614,All of these protect RBCs from free radical damage except –,A,B,False,B
5615,Laryngeal mask airway is contraindicated in?,A,C,False,C
5616,Specificity of antibody is dependent on ?,A,B,False,B
5617,Test of association between two qualitative variables is done by:,A,A,True,A
5618,Longest acting anti-cholinesterase -,A,A,True,A
5619,All are incinerated except ?,A,D,False,D
5620,Scan of which part of patient is involved in sure smile,A,A,True,A
5621,Which of the following doesn't act on IIb/IIIa receptors?,A,D,False,D
5622,Boyle's Law states that ?,A,A,True,A
5623,Which of the following oral hypoglycaemic drugs has the longest t 1/2 ?,A,C,False,C
5624,Which of the following is a Cl- channel activator?,A,A,True,A
5625,IgA nephropathyis not associatedwith?,A,D,False,D
5626,Na*- K*- 2Cl- is inhibited by -,A,B,False,B
5627,"Which of the following clotting factor in a patient on Warfarin therapy, would have decreased gamma carboxyglutamate residue?",A,A,True,A
5628,All of the following are features of a nasal foreign body except?,A,D,False,D
5629,Placenta is formed by:,A,D,False,D
5630,The anti platelet action of aspirin in small doses lasts for how many days?,A,A,True,A
5631,Complement factor through which common pathway begins:,A,A,True,A
5632,Type IV respiratory failure occurs due to,A,D,False,D
5633,The alpha rhythm appearing on an electroencephalogram has which of the following characteristics?,A,B,False,B
5634,Advantage of the finish line bevel is/are:,A,D,False,D
5635,Decreased fetal hea sound is due to which drug -,A,A,True,A
5636,Which of the following muscle determines the vertical favourability of the mandibular angle fracture:,A,B,False,B
5637,Most common cause of pneumonia in early onset sepsis a neonate is,A,C,False,C
5638,Most common location of ectopic salivary gland is -,A,A,True,A
5639,Cabbage-like odour is seen in ?,A,D,False,D
5640,Nasopharyngeal carcinoma is most common in?,A,C,False,C
5641,Anemia of prematurity - True is,A,A,True,A
5642,Submucosal resection is the treatment of choice of?,A,A,True,A
5643,"In an area with fluoride rich water, the defluoridation of water is which level of prevention?",A,A,True,A
5644,Warm antibody in AIHA is -,A,C,False,C
5645,Risk of scar rupture in lower segment of previous scar present is ?,A,A,True,A
5646,The surveying table should not be tilted more than:,A,B,False,B.
5647,True about vertical compaction technique is:,A,D,False,D
5648,Which one of the following is the LEAST consistent with a diagnosis of intussusception?,A,D,False,D
5649,Common hepatic aery is a branch of -,A,D,False,D
5650,Ove gestational diabetes is defined as blood glucose more than_?,A,B,False,B
5651,Alpha one anti trypsin works by,A,C,False,C
5652,COXtype 3 is a product of-,A,B,False,B
5653,Activator of enzyme sulfite oxidase is?,A,C,False,C
5654,Sluder's neuralgia is also called as,A,A,True,A
5655,Which is the widow's aery in myocardial infarction?,A,C,False,C
5656,"According to immunization schedule, children should receive influenza vaccine ?",A,A,True,A
5657,The differentiating feature between IBS and organic GI disease is:,A,B,False,B
5658,Actin is which type of protein?,A,C,False,C
5659,Adrenal reserve is best tested by means of infusion with,A,B,False,B
5660,Milliary shadow in chest ray is seen in all Except:,A,D,False,D
5661,CSF/plasma glucose ratio is ?,A,A,True,A
5662,Giant cell tumor ls similar to giant cell granuloma in all of the following features except:,A,D,False,D
5663,Alkaptonuria occurs due to deficiency of which of the following enzymes?,A,C,False,C
5664,Surgery of choice in 42 year old P3L3 with diffuse endometriosis is ?,A,C,False,C
5665,Blood pressure is dependant on?,A,D,False,D
5666,Precipitation in comparison to agglutination requires -,A,D,False,D
5667,"NST, what is seen except?",A,A,True,A
5668,Which of the following type of the clasp is preferred for teeth with a medium survey line?,A,A,True,A
5669,In Twin Block appliance the angulation of inclined planes should be:,A,D,False,D
5670,A 25 year old asthmatic patient on theophylline is given ciprofloxacin by his dentist. He developed dyspnea and palpitations. Probable cause is:,A,B,False,B
5671,Fishy odour is found on growth of which organism,A,A,True,A
5672,The severity of recession is determined by the?,A,C,False,C
5673,Hypopigmented macules are found in?,A,B,False,B
5674,Cardiotmdcity is the side effect of :?,A,A,True,A
5675,Antistress Vitamin is?,A,D,False,D
5676,Content of anatomical snuffbox,A,A,True,A
5677,Maximum safe limit for exposure to mercury vapours is:,A,A,True,A.
5678,Instrument used to measure GCF is?,A,A,True,A
5679,Which one of the following is an autosomal recessive disorder?,A,A,True,A
5680,"During administration of NSAIDs in children, the most important of dose administration is?",A,A,True,A
5681,Cubitus valgus develops as complication of -,A,B,False,B
5682,Urea & Kreb's cycle are linked at ?,A,D,False,D
5683,Modified MallamPati grading is used in assessment of -,A,A,True,A
5684,Drugs used in ectopic pregnancy ?,A,D,False,D
5685,A child of less than one year with asthma treatment -,A,A,True,A
5686,"In which of causes of oral ulcer, Auto-antibodies are not seen?",A,D,False,D
5687,Most common complication of fracture neck of femur,A,B,False,B
5688,Generation time for M tuberculosis,A,D,False,D
5689,Disc diffusion method is also known as,A,A,True,A
5690,"What will you do when 3 yrs old child parents come to phc with fever, cough since 5 days with chest indrawing present under mnci classification",A,B,False,B
5691,Propagative cycle is seen in ?,A,C,False,C
5692,Aminoacyl tRNA gets attached to which site of ribosome?,A,B,False,B
5693,Cell bodies of orexigenic neurons are present in ?,A,C,False,C
5694,Classical name of mid cycle abdominal pain with vaginal bleeding is called ?,A,B,False,B
5695,Nerve supply of the extraocular muscles is constituted by all except,A,B,False,B
5696,Smack is -,A,D,False,D
5697,Serum ascitic fluid gradient of 1.5 (SAAG) with ascitic fluid protein of 2.8gm/d1. the most likely cause is,A,D,False,D
5698,Whose classification of traumatic injuries is based on the system adopted by WHO in its application of International Classification of diseases to Dentistry and Stomatology?,A,B,False,B
5699,"After placement of implant, time taken for the formation of granulation tissue is:",A,C,False,C
5700,Complement mediated hypersensitivity reaction is?,A,B,False,B
5701,Chronic bronchitis is said to be present when patient has chronic cough,A,A,True,A
5702,Higher center for righting reflex?,A,C,False,C
5703,Crescentic nephritis can be seen in–,A,D,False,D
5704,Premature termination of the flow of molten metal during solidification leads to:,A,B,False,B
5705,Haploid number of chromosomes is seen in ?,A,A,True,A
5706,Shivering stops completely below:,A,B,False,B
5707,Mechanism of action of nicorandil is ?,A,A,True,A
5708,Durg used in post prandial sugar control is?,A,D,False,D
5709,Location of visual coex?,A,D,False,D
5710,Cricoid cailage lies at which veebral level ?,A,C,False,C
5711,Non IgE mediated anaphylactic reaction includes -,A,D,False,D
5712,"True statement regarding the relationship of somatostatin, insulin and glucagon is–",A,D,False,D
5713,Crypts of Leiberkuhn are seen in which of the followingorgan?,A,A,True,A
5714,Which fungus is most commonly associated with orbital cellulitis in patients with diabetic ketoacidosis.,A,B,False,B
5715,A patient with normal succinylcholine metabolism will have Dibucaine number between?,A,B,False,B
5716,Hob nail appearance is seen in,A,A,True,A
5717,Components responsible for counter current mechanism in kidney are all except:,A,A,True,A
5718,A 45 year old male presenting with penile cancer extending upto the glans penis is treated with,A,A,True,A
5719,Venous blood with high hematocrit is seen in ?,A,C,False,C
5720,Which of these is a long acting drug due to its enterohepatic circulation?,A,B,False,B
5721,Milk teeth – Total no. in human being –,A,A,True,A
5722,"For activity of antipsychotic, action is required at which receptor -",A,A,True,A
5723,H And L variety seen in,A,C,False,C
5724,Cotton wool skull is a radiological feature of -,A,A,True,A
5725,Regarding PCOD all are true except ?,A,A,True,A
5726,"The following is the commonest site for venous ulcer:March 2013 (a, e)",A,A,True,A
5727,Halita a mouth wash includes:,A,A,True,A
5728,Amount of blood loss in Stage I of hemorrhagic shock is -,A,A,True,A
5729,"12 yr old Child admitted to ICU with blunt trauma and femur fracture- Pao2 60% despite 100%o2 and rebreather mask, CXR shows lung fields clear but the patient remains confused. What is most likely the diagnosis -",A,B,False,B
5730,Secretion of bile out of hepactocytes occurs ?,A,D,False,D
5731,Metyrosine acts by inhibiting ?,A,C,False,C
5732,Adrenaline effects insulin by?,A,B,False,B
5733,Pre-operative prophylaxis for pheochromocytoma,A,C,False,C
5734,Most common cause of optic atrophy in children is?,A,A,True,A
5735,Which of the following surveyor has circular beaded undercut gauge:,A,A,True,A.
5736,All of the following are uses of octreotide except :?,A,A,True,A
5737,All of the following are are a pa of medial wall of the middle ear except?,A,A,True,A
5738,Low osmolar ORS has low content of?,A,B,False,B
5739,What generates intracellular signals when cells are subjected to shear stress,A,C,False,C
5740,"A population study showed a mean glucose of 86 mg/dL in a sample of 100 showing normal curve distribution, what percentage of people have glucose above 86 mg/dL?",A,B,False,B
5741,Chromosome 22 deletion syndrome is ?,A,B,False,B
5742,Patient of 1st degree hea block complains of dizziness. Best treatment for this patient is,A,D,False,D
5743,5 HT 1 agonists are used as?,A,D,False,D
5744,Laser iridotomy is done in ?,A,A,True,A
5745,Most effective antibody for precipitation ?,A,B,False,B
5746,Mechanism of action of IUCD is all except ?,A,D,False,D
5747,"In otosclerosis, which is most affected?",A,A,True,A
5748,True statement regarding posterior cruciate ligament is:,A,C,False,C
5749,Which of the following is common between the medial and lateral plantar arch?,A,B,False,B
5750,Not required for chi-square test:,A,A,True,A
5751,Second sight is seen in ?,A,A,True,A
5752,All of the following are medical uses of erythropoietin except -,A,D,False,D
5753,Which of the following is used as a substitute for wrist extensors in radial nerve PalsY?,A,A,True,A
5754,A lady with bilateral hearing loss since 6 years. It was worsened during pregnancy. Type of graph her impedence audiometry will show?,A,A,True,A
5755,Which of the following presents with hypokalemia and metabolic acidosis ?,A,A,True,A
5756,WHO VISION 2020 initiative includes ?,A,B,False,B
5757,Activators of Acetyl CoA carboxylase are all except,A,B,False,B
5758,Parotid mass mixed consistency,A,A,True,A
5759,Frontal headache is caused by which of the following?,A,D,False,D
5760,Drug not used in prophylaxis of MD P ?,A,A,True,A
5761,Extramedullary but Intradural Spinal Mass is ?,A,B,False,B
5762,"With which of the following events, the feto maternal haemorrhage risk is the least ?",A,A,True,A
5763,Thickness of die spacer should be:,A,B,False,B
5764,Racecadotril is used for?,A,B,False,B
5765,"In periodontitis, the microorganisms are localized in:",A,A,True,A
5766,After Road traffic accident a patient presented to casualty with vitals showing BP of 90/60 mm Hg with hea of 56 bpm. Which kind of shock occurs ?,A,D,False,D
5767,Which of the following contains the ovarian Neurovascular bundle?,A,A,True,A
5768,Pneumatic bone is all except?,A,B,False,B
5769,"CA-125 is a marker for the screening of ovarian cancer. To characterize this test, histopathological confirmation of ovarian cancer was done in a coho of patients. 60/100 women who tested positive for this test had ovarian cancer and 20/100 women who tested negative had ovarian cancer. What is the n",A,B,False,B
5770,Doubling time of beta HCG in early pregnancy is ?,A,B,False,B
5771,The uterine blood flow at term is -,A,B,False,B
5772,All of the following are markers of ovarian reserve except -,A,B,False,B
5773,Marshalls triad is seen in ?,A,A,True,A
5774,Most accurate method for the diagnosis Gastroesophageal Reflux Disease (GERD) is,A,C,False,C
5775,Prophylactic Thyroidectomy for MEN 2 is recommended at age of,A,A,True,A
5776,Acute phase reactants are stimulated by -,A,D,False,D
5777,"Definition of complicated urinary tract infection is, the infection which fail to resolve or recur within week/s of standard therapy.",A,B,False,B
5778,CA-125 is?,A,A,True,A
5779,Tumor marker for germ cell malignancy are all except?,A,D,False,D
5780,Normal02 extraction ratio of tissues ?,A,A,True,A
5781,Disciform keratitis is seen ?,A,A,True,A
5782,"According to WHO classification of anterior tooth fractures, concussion or luxation injury comes under:",A,B,False,B
5783,Diphtheria toxin's mechanism of action is:September 2009,A,B,False,B
5784,Section 89 IPC is for?,A,A,True,A
5785,In a normal curve what is the area that comes under 1 standard detion-,A,B,False,B
5786,Pseudopapilitis with silk shot appearance is seen in?,A,B,False,B
5787,Incontinentia pigmenti involves all exept ?,A,A,True,A
5788,Morbid fear of darkness known as:,A,D,False,D
5789,Acetyl CoA can be converted in to all of the following except:,A,D,False,D
5790,Most widely accepted theories of gypsum setting?,A,B,False,B
5791,Caseating necrosis occurs in,A,B,False,B
5792,Which of these area is most prone to microbial attack?,A,C,False,C
5793,An orthodontic tooth movement that takes place along the vertical axis is,A,A,True,A
5794,Least failure rate is of ?,A,C,False,C
5795,First bone to sta ossifying -,A,A,True,A
5796,Pirenzapine is used -,A,B,False,B
5797,Atypical side effect montelukast ?,A,B,False,B
5798,Which of these is type C drug in pregnancy?,A,D,False,D
5799,Most common organism associated with breast abscess,A,B,False,B
5800,Isaac syndroma is characterised by -,A,B,False,B
5801,"A man slept with head over forearm, next morning he complains of tingling, numbness over forearm. It is caused by ?",A,B,False,B
5802,Which of the following constitutional aicle is not related to children:,A,A,True,A
5803,Which of the following is a feature of Localized Aggressive Periodontitis,A,D,False,D
5804,"Bismuth classification in which class, hepatic duct confluence is involved",A,C,False,C
5805,Which of the following is not a high-risk pregnancy?,A,D,False,D
5806,Healing is also delayed by all except?,A,C,False,C
5807,Bennett's movement influences:,A,C,False,C
5808,Thumb print appearance in culture film smear is seen -,A,A,True,A
5809,The red complex consists of all except?,A,A,True,A
5810,"With reference to fetal hea rate, a nonstress test is considered reactive when?",A,A,True,A
5811,Decubitus ulcer in a case of prolapse uterus occurs mainly due to:,A,C,False,C
5812,An elderly man with a long-standing mole over the face which is increasing in size and showing irregular borders. What will be the diagnosis?,A,A,True,A
5813,Parrot beak appearance is seen in,A,A,True,A
5814,"A young 20 yrs old girl presents with complaints of pain in legs, intermittent vomiting, and headache since 2 months. Her physical examination was normal. What is the most possible diagnosis?",A,B,False,B
5815,"Which of the following types of porosities is caused by
the simultaneous nucleation of solid grains and gas bubbles, at the first moment that the alloy freezes at the mold walls?",A,A,True,A
5816,HTLV-1 can be transmitted by -,A,A,True,A
5817,A 20 year old male presents with history of gradual onset pain and swelling in left knee since 6 months. Now since last 1 month patient has staed limping while walking and also has flexion deformity of knee. Ultrasonography shows presence of synol thickening. What is the most probable diagnosis?,A,B,False,B
5818,Basiliximab is an -,A,C,False,C
5819,Tyrsoine is the precursor of all except ?,A,A,True,A
5820,Enzymes act by ?,A,B,False,B
5821,Blood tissue barrier in testis is formed by?,A,B,False,B
5822,Massaging of nasolacrimal duct is done in ?,A,B,False,B
5823,6 year old son of pregnant women is suffering from chicken pox. Which of the following is given to pregnant women ?,A,C,False,C
5824,Not true about Bohr effect?,A,D,False,D
5825,Oxidised LDL is more athreogenic because ?,A,B,False,B
5826,Diabetes insipidus is said to be present when,A,B,False,B
5827,Father of Amalgam is:,A,A,True,A
5828,Base of sphenoid fuses with occipit at the age of -,A,C,False,C
5829,"A newborn after prolonged labour is not breathing well and after 30 seconds of receiving 100% oxygen by bag and mask, hea rate is 88 beats per min, what is the next step in management?",A,C,False,C
5830,Best view for sphenoid sinus is -,A,A,True,A
5831,A 75-yrs-old woman with diabetes is talking oral drugs. One day she doesnt eats for 18 h. Her serum glucose concentration is 48 mg/dL. Which of the following drugs has most likely aggravated this fasting hypoglycemia?,A,B,False,B
5832,"During final finishing of composite you find a void, what will you do:",A,A,True,A
5833,"Patient with choriocarcinoma & jaundice, treatment of choice is ?",A,B,False,B
5834,A.A.comitans is a member of:,A,A,True,A
5835,Which of these organisms require a high concentration of serum containing cholesterol and other lipids in the medium for its growth?,A,C,False,C
5836,Repetitive stimulation of a skeletal muscle fiber will cause an increase in contractile strength because repetitive stimulation causes an increase in which of the following?,A,A,True,A
5837,Substrate which is both secreted & filtered ?,A,C,False,C
5838,Bull's eye lesions are found in ?,A,C,False,C
5839,Fimbriectomy procedure is known as-,A,A,True,A
5840,Chromosomal study is best carried out in ?,A,B,False,B
5841,Suggilation is due to which of the following?,A,B,False,B
5842,Glaucoma drainage devices ?,A,B,False,B
5843,Main feature of Antiphospholipid antibody syndrome:,A,B,False,B
5844,Treatment of jaundice in third trimester ?,A,D,False,D
5845,Pressure in laproscopy is,A,A,True,A
5846,Milestones at 1 year of age are all except,A,B,False,B
5847,Cementum formed before the eruption of the tooth is :,A,A,True,A
5848,Blood transfusion associated acute lung injury occurs due to -,A,B,False,B
5849,Normal velocity of blood is ?,A,A,True,A
5850,"A lady with 35 weeks of pregnancy is admitted in view of first episode of painless bout of bleeding yesterday. On examination Hb 10g%, BP 120/70 mmHg, uterus relaxed, and cephalic floating. FHS regular. Next line of management is ?",A,A,True,A
5851,Topodiagnosis of facial nerve has all the tests except,A,C,False,C
5852,Hemophilus parainfluenzae requres -,A,A,True,A
5853,All of the following are true about thymus except?,A,A,True,A
5854,Most abundant source of fuel in starvation -,A,C,False,C
5855,Which of the following is not a feature of long standing mouth breathing habit:,A,D,False,D
5856,Brodie-Trendelenburg test is positive in:,A,B,False,B
5857,SADE classification classifies,A,C,False,C
5858,Presence of Velcro crackles at the lung base on auscultation is a sign of,A,A,True,A
5859,Only vitamin that help in carbon fixation ?,A,A,True,A
5860,Which category waste is disposed in red bags ?,A,C,False,C
5861,MALToma is located in which layer of gastrointestinal tract,A,A,True,A
5862,Aschoff Body is made up of?,A,C,False,C
5863,Persistent generalized lymphadenopathy is seen in which stage of AIDS.,A,C,False,C
5864,All of the following are extrinsic laryngeal membranes except?,A,D,False,D
5865,Which of the following is not relief area in the maxilla:,A,B,False,B
5866,Efficiency of carbamazepine reduces with time due to:,A,D,False,D
5867,Target group in Secondary prevention is,A,B,False,B
5868,Amount of chlorhexidine gluconates been incorporated per chip in periochip is?,A,A,True,A
5869,Which is the best indicator for sho term control (2-3 weeks] of blood glucose ?,A,A,True,A
5870,Inhibition of Na* ATPase leads to?,A,C,False,C
5871,Daylight factor in the kitchen should be ?,A,A,True,A
5872,Substance with highest thermogenic effect ?,A,A,True,A
5873,Which isoform of LDH is raised in Anemia ?,A,D,False,D
5874,Repeatitive chains of glucosamine with uronic acid are seen in ?,A,C,False,C
5875,"During starvation, which level increases ?",A,C,False,C
5876,Alternate fuel for brain is,A,B,False,B
5877,Which is not a chaperon protein -,A,D,False,D
5878,In carcinoma cervix surgery to retain conception is done in which stage ?,A,A,True,A
5879,Antiepileptic drug used for prophylaxis of migraine is?,A,C,False,C
5880,Serum appeary milky white in ?,A,D,False,D
5881,Embryo gets implanted at what stage of development?,A,D,False,D
5882,Which of the following type of drug-induced gingival enlargement has a tendency to bleed:,A,B,False,B
5883,Half life of T3 ?,A,C,False,C
5884,Which of the following are cusps of the aoic valves?,A,A,True,A
5885,Wernicke’s hemianopic pupil is due to lesion of?,A,A,True,A
5886,Inhibition of hea by vagus is mediated by which receptors -,A,B,False,B
5887,Most common type of congenital cataract is ?,A,B,False,B
5888,Parathyroid autoimplantation takes place in which of the muscle?,A,D,False,D
5889,Swiss cheese pattern is seen in ?,A,A,True,A
5890,Increased spatulation of ZnPO4 cement results in:,A,B,False,B
5891,In pregnancy plasma volume increased maximum at what gestational age?,A,B,False,B
5892,A dental disturbance that has a greater psychological impact on both the parents and child is,A,C,False,C
5893,Most common malignant ovarian tumor is ?,A,A,True,A
5894,Flushing with niacin in reduced by -,A,A,True,A
5895,Nagler reaction detects?,A,A,True,A
5896,Most common cause of death in cancer is -,A,C,False,C
5897,Medulloblatoma arises exclusively from the cells of,A,A,True,A
5898,Not an example of excess tissue growth,A,B,False,B
5899,Which of the following histological type of breast carcinoma worst prognosis?,A,D,False,D
5900,Empty Delta sign is seen in?,A,C,False,C
5901,Sumatriptan acts as an agonist at this receptor?,A,C,False,C
5902,What can be the cause of distorted casting?,A,D,False,D
5903,"In sickle cell anemia, translocation on codon 6 is due to substitution of ?",A,A,True,A
5904,Amyloidosis occurs in all except,A,A,True,A
5905,Best test among the following for calculating the hardness of gold:,A,A,True,A
5906,Zone 3 is known as:,A,C,False,C
5907,In early pregnancy clinical signs of feeling the cervix and the body of bulky uterus separated because of softened isthmus at 6 - 8 weeks of gestation :,A,D,False,D
5908,Dowry death is under which IPC ?,A,A,True,A
5909,Which of the following types of shock wiil usually have warm peripheral extremities ?,A,A,True,A
5910,Fallen fragment sign -,A,D,False,D
5911,The distolateral border of the denture base rests in the:,A,A,True,A
5912,"As compared to other anterior teeth, a maxillary canine is often found impacted because:",A,B,False,B
5913,A pregnant lady in the 3rd trimester is visiting a chloroquine-resistant malaria endemic area. Which drug can be used as prophylaxis for her?,A,A,True,A
5914,Which of the following is endogenous pyrogen,A,A,True,A
5915,Genetically mediated VLDL overproduction is a feature of all except ?,A,B,False,B
5916,IV Mannitol is used for treatment of,A,C,False,C
5917,ZYNOMER is:,A,C,False,C
5918,Great cardiac vein lies in ?,A,B,False,B
5919,True about glucokinase is -,A,C,False,C
5920,Investigation of choice for acute subarachnoid hemorrhage is -,A,B,False,B
5921,Pneumocystis jerovici is:,A,B,False,B
5922,No gingival enlargement is seen in:,A,A,True,A
5923,"A patient presents with icterus, but there is no evidence of bilirubin in urine. What is the most likely cause of jaundice in this patient?",A,A,True,A
5924,Most commonly involved organs in graft versus host disease are all Except,A,D,False,D
5925,Method to map genes located on a particular locus in a chromosome:,A,A,True,A
5926,Antihypeensive drug causing erectile dysfunction?,A,A,True,A
5927,Most common cause of intermittent proptosis ?,A,A,True,A
5928,Components of Mala D are all except ?,A,B,False,B
5929,Frontal lobe syndrome consists,A,D,False,D
5930,Which Passive immunity is also provided through colostrum and breast milk?,A,B,False,B
5931,Lattice phenomenon is seen in -,A,A,True,A
5932,Fast induction and recovery is seen in?,A,C,False,C
5933,Effect of hypoparathyroidisrn on bones include -,A,A,True,A
5934,Shape of indenter in Knoop hardness test:,A,B,False,B
5935,The first step involved in relining a distal extension rpd is:,A,A,True,A
5936,Indications of thoracotomy in blunt chest trauma include all except,A,D,False,D
5937,Which parameter conclusively rules out malnutrition?,A,A,True,A
5938,Chin cup was introduced by:,A,A,True,A
5939,CD59 marker of which disease,A,A,True,A
5940,B cells are located in which region of lymph nodes,A,B,False,B
5941,"Conjunctival injection, pharyngeal injection, polymorphic rash, cervical lymphadenopathy can be seen in",A,B,False,B
5942,A study that gives the prevalence of delusion in the elderly at a given point of time?,A,C,False,C
5943,Arm span and height become same at what age (year) -,A,B,False,B
5944,Mesothelioma is positive for which intermediate filament,A,B,False,B
5945,Main disadvantage of relining and rebasing is:,A,A,True,A
5946,Which among the following is not an objective of surveying:,A,D,False,D
5947,Which acute phase reactant induces rouleaux formation,A,B,False,B
5948,Chauffeur fracture is -,A,C,False,C
5949,The ratio of casein to albumin in Human milk is:,A,C,False,C
5950,What is not used in PCOS ?,A,D,False,D
5951,Third order neurons of sensations from face arise in?,A,B,False,B
5952,Which of the following is a pro-coagulant?,A,D,False,D
5953,Upper age limit to diagnose a patient as having primary amenorrhoea is ?,A,D,False,D
5954,Attachment on posterior surface of sacrum?,A,C,False,C
5955,Raspberry tumor is seen in,A,C,False,C
5956,Mature finger grip comes at what age?,A,B,False,B
5957,Drug of choice for drug induced peptic ulcer ?,A,C,False,C
5958,Embedding of new periodontal ligament fibers into new cementum and the attachment of the gingival epithelium to a tooth surface previously denuded by disease known as?,A,A,True,A
5959,Posterior interosseus aery is a branch of ?,A,A,True,A
5960,Therepeutic phlebotomy is not done in which of the following conditions ?,A,B,False,B
5961,Obliterative endaeritis in vasa vasorum is seen in -,A,C,False,C
5962,All of the following are features of granulomatous thyroiditis except?,A,B,False,B
5963,True regarding point source epidemic is:,A,B,False,B
5964,Organism Causing LGV,A,A,True,A
5965,Which of the following is not excreted in kidney ?,A,A,True,A
5966,Mucostatic or passive impression technique is proposed by:,A,A,True,A
5967,Continuous cell line for viruses not present for?,A,D,False,D
5968,Drug used for medical management of acromegaly due to small pituitary tumors is?,A,D,False,D
5969,Earliest marker of renal damage in a known case of diabetes mellitus is,A,A,True,A
5970,"Mean value of marks in a distribution of 100 students in a class is 105 and Standard deviation is 10. How many  
students will have their marks in the range 85-125?",A,C,False,C
5971,Radiological signs of acute pancreatitis on plain radiography are -,A,D,False,D
5972,A 54 year old woman is diagnosed as having carcinoma of the renal pelvis of size less than 4 cm without any metastasis. The best treatment option is,A,A,True,A
5973,Head of baby is removed in breech delivery by which maneuver ?,A,D,False,D
5974,When does basiocciput fuses with basisphenoid?,A,A,True,A
5975,If there is more than 0.3mm gap between the finished casting and the tooth preparation then what should be done:,A,C,False,C
5976,Which of these is the penultimate tooth to erupt:,A,A,True,A
5977,Risk factors for the ectopic pregnancy are ?,A,D,False,D
5978,Glucose transpoer involved in insulin stimulated glucose transpo is GLUT ?,A,B,False,B
5979,Felon most common complication,A,B,False,B
5980,Unable to consolidate long term memory. Which lobe of the brain is involved,A,C,False,C
5981,Which is least injured in gynaecological procedures?,A,A,True,A
5982,Disturbed nasal breathers have tongue position in?,A,B,False,B
5983,Material used for passive impression technique:,A,A,True,A
5984,Which enzyme deficiency causesLesch-Nyhan syndrome ?,A,A,True,A
5985,Cholestasis of pregnancy false is ?,A,A,True,A
5986,Most common pulmonary tumor in children is -,A,A,True,A
5987,"True about 2,4-Dinitrophenol is?",A,A,True,A
5988,Stomach wall is mainly drained by all lymphnodes except?,A,A,True,A
5989,Which looks same on Ti & T2 on MRI,A,C,False,C
5990,A 22-year-old primigravida visits ANC OPD with 20 weeks POG. On examination uterine height reveals a 16-week size.USG shows reduced liquor. What will be the diagnosis?,A,A,True,A
5991,Cag A gene is associated with,A,B,False,B
5992,Incorporation of reactive oxygen radicals for broad spectrum antibacterial therapy for the treatment of Aggressive periodontitis is known as :,A,A,True,A
5993,Abdominojugular reflex appears after compressing abdomen for,A,B,False,B
5994,Which of the following antipsychotics show paial D2 agonist activity?,A,A,True,A
5995,Cushing ulcer is seen in case of-,A,D,False,D
5996,"In fetus, insulin production begin at weeks of gestation -",A,B,False,B
5997,Healthy carrier are not seen in,A,B,False,B
5998,A person who was physically dependent on  heroin is now maintained on methadone. He succumbs to temptation and buys an   opioid. He takes it and rapidly goes into the withdrawal. Which drug did he take?,A,A,True,A
5999,A useful diagnostic procedure for distinguishing between psychogenic and organic impotence is?,A,C,False,C
6000,For reimplantation digits are stored in,A,D,False,D
6001,True about finger printing is -,A,B,False,B
6002,"A 62-year-old diabetic female had a fall and head injury 2 months back ,now has progressive right-sided weakness with speech difficulty. Her fundus examination revealed papilloedema. What is the most probable diagnosis?",A,D,False,D
6003,True about oral iron preparations ?,A,C,False,C
6004,Which of the following constituent of silver amalgam alloy controls the rate of reaction between silver and amalgam:,A,B,False,B
6005,Mechanism of action of tianeptin is :?,A,A,True,A
6006,Ashermans syndrome is characterized by ?,A,A,True,A
6007,Common deformity in chiari H malformation is -,A,D,False,D
6008,Kasai operation,A,A,True,A
6009,Hegar sign?,A,D,False,D
6010,Ligament which prevents spleen to fall in left iliac fossa -,A,B,False,B
6011,About heparin true is:,A,A,True,A
6012,C factor is highest in which of the following?,A,A,True,A
6013,Synergistic action is shown by all except ?,A,D,False,D
6014,Central Dogma of molecular biology indudes all except ?,A,D,False,D
6015,Gall bladder is realted to which segment of the liver?,A,B,False,B
6016,Hematological carcinoma is commonly linked to,A,B,False,B
6017,Which of the following is not a component of the composition of silicate cement?,A,A,True,A
6018,Wax spacer should be used in the tray for the final impression over:,A,A,True,A
6019,Ist permanent teeth to appear –,A,A,True,A
6020,Acrodermatitis enteropathica is a multiorgan failure due to deficiency of:,A,D,False,D
6021,"What is the meaning of the French word ""Debridement""",A,A,True,A
6022,Which of the following anomaly needs consideration in restorative treatment?,A,A,True,A
6023,All are true about CNS leukemia except,A,D,False,D
6024,Persistent OP position is most common in which pelvis?,A,B,False,B
6025,Material which can be used for making special tray:,A,D,False,D
6026,Which of the following is untrue regarding piebaldism?,A,A,True,A
6027,Not a personal protective equipment,A,B,False,B
6028,Which of the following is true about ovarian ectopic pregnancy?,A,C,False,C
6029,False about PDA is,A,A,True,A
6030,Orientation jaw relation gives the angulation of the maxilla in relation to the:,A,C,False,C
6031,Arachidonic acid oxidation involves how many cycles of beta oxidation?,A,D,False,D
6032,Which arch form based on trifocal ellipse?,A,A,True,A
6033,Drug of choice for listeria,A,B,False,B
6034,"A 2–year–old boy has vitamin D resistant rickets. Is investigations revealed serum Calcium–9 mg/ dl, Phosphate- 2.4 mg/dl, alkaline phospitatase–1041 IU, normal intact parathyroid hormone and bicarbonate 22 mEq/L. Which of the following is the most probable diagnosis –",A,C,False,C
6035,All of the following are features of Tubotympanic CSOM except ?,A,D,False,D
6036,M'naghten rule comes under which section of IPC?,A,C,False,C
6037,A girl with bad behavior like smashing and throwing objects was admitted in the hospital. There also she was behaving very badly with staff & abusing nurses. But she behaves very well with a one very good looking resident doctor. Diagnosis is?,A,C,False,C
6038,The estimated prevalence of the phenytoin induced gingival overgrowth is about:,A,A,True,A
6039,Primary anterior teeth intruded as the result of a blow may often re-erupt within:,A,C,False,C
6040,"13 yr old child visit gynaecology OPD with a complaint of not attaining menarche with karyotype 46XX. On examination, clitoromegaly is seen. Which enzyme is most likely to be deficient in the above condition?",A,A,True,A
6041,Required for IOL power calculation ?,A,D,False,D
6042,Mesodermal in origin ?,A,C,False,C
6043,"1 year old male child is having a Hea Rate 40/min, BP 90/60. His serum Potassium = 6.5 what is the next best management?",A,D,False,D
6044,Which of the following is not a metabotropic receptor for serotonin?,A,D,False,D
6045,"In a laterally displacing prematurity, following inclines are adjusted:",A,D,False,D
6046,Lipid rafts are seen in?,A,C,False,C
6047,Cyanide odour is of ?,A,D,False,D
6048,Therapeutic conization is indicated in?,A,C,False,C
6049,Main objective of covering the retromolar pad is:,A,A,True,A
6050,The booster dose of tetanus toxoid is given at intervals of–,A,C,False,C
6051,Which of the following is a phase I metabolic reaction?,A,A,True,A
6052,Most common ossicle affected due to trauma -,A,A,True,A
6053,All are true about anaerobic infection except -,A,B,False,B
6054,Wallerian degeneration is for ?,A,A,True,A
6055,"Most commonly affected word, if maxillary incisor teeth are anteriorly paced?",A,A,True,A
6056,Coracohumeral ligament inses on?,A,B,False,B
6057,"A 33-year-old man presents with a 5-week history of calf pain, swelling, and low-grade fever. Serum levels of creatinine kinase are elevated. A muscle biopsy reveals numerous eosinophils also she had peripheral blood eosinophilia. Which of the following interleukins is primarily responsible for the ",A,B,False,B
6058,What type of muscles are medial two lumbricals?,A,A,True,A
6059,Group-D chromosome is?,A,D,False,D
6060,Which of the following tripeptide ?,A,A,True,A
6061,Fish odor syndrome is caused by deficiency of which enzyme?,A,C,False,C
6062,Which die material gives the most dimensionally acurat die:,A,B,False,B.
6063,Infundibular diveiculum is an extention of ?,A,C,False,C
6064,65 year old person with hearing loss with normal speech discrimination is suffering from?,A,B,False,B
6065,Jai Vigyan National Mission is for?,A,C,False,C
6066,Anticoagulant used  for blood glucose estimation is?,A,A,True,A
6067,In which type of denture stomatitis there is generalized inflammation with diffuse erythema:,A,A,True,A
6068,Enzyme involved in oxidative phosphorylation ?,A,C,False,C
6069,Autosomal recessive Polycystic kidneys - all are true except -,A,A,True,A
6070,Sarcoma botryoides all are true except ?,A,A,True,A
6071,True about coproporphyrin I and coproporphyrin III is -,A,D,False,D
6072,Paial anterior dislocation of one segment of the spine over another is,A,B,False,B
6073,Bacteria responsible for ectopic pregnancy is,A,B,False,B
6074,Which of the following hormones interacts with a cytoplasmic receptor and then localizes in the nucleus and directs protein and nucleotide synthesis?,A,D,False,D
6075,Kilian's dehiscence is outpouclμng of:,A,A,True,A
6076,Urease is a/an ?,A,D,False,D
6077,Staphlyoma involvement ?,A,D,False,D
6078,The number of times the air in a living room should be recycled is ?,A,D,False,D
6079,Holograph will is defined as,A,B,False,B
6080,Type of Bridge which consists of two fixed retainers attached to their abutments and connected by a rectangular bar that follows the curve of the ridge under it is known as:,A,C,False,C
6081,Microcirculation consists of ?,A,B,False,B
6082,"A 32-year-old female with mild hypeension. Two days after normal delivery, she develop seizures, headache. No proteinuria was there. On imaging she was found to have parasagittal infarction and hematoma 3x2cm.The most probable cause is?",A,B,False,B
6083,Following X-ray finding is associated with Chilaiditi syndrome -,A,A,True,A
6084,Novus actus interveniens is -,A,B,False,B
6085,Vinyl impression materials can be disinfected by immersing in :,A,B,False,B
6086,A non-competitive inhibitor of an enzyme?,A,C,False,C
6087,Size of platelets is ?,A,C,False,C
6088,Sterilization is a process in which:,A,A,True,A
6089,"22-year-old women presents to the emergency depament with a chief complaint of severe left upper quadrant pain after being punched by her husband. Her blood pressure is 110/76, her pulse is 80 bpm, and her respiration rate is 24 breaths per minute. The best means to establish a diagnosis is which of",A,A,True,A
6090,True about culex larvae ?,A,A,True,A
6091,MC cause of Primary Amenorrhea is ?,A,A,True,A
6092,Selenium deficiency is seen in –,A,A,True,A
6093,All of the following drugs act on cell membrane except:,A,C,False,C
6094,Anterolateral decompression is done for,A,A,True,A
6095,Anchorage value is increased in?,A,A,True,A
6096,Which is not related to HIV,A,B,False,B
6097,"""Bread-crumb"" appearance is seen in ?",A,D,False,D
6098,"In Modern obstetrics, for sensitized Rh-negative mother what should be done to evaluate the condition of the mother?",A,B,False,B
6099,CSF rhinorrhea seen in:,A,C,False,C
6100,The organic content of hydroxyapatite; Ca1062 is highest in?,A,A,True,A
6101,Red colour in cariogram signifies?,A,A,True,A
6102,Salivary schintigraphy is useful in?,A,D,False,D
6103,Midpoint between suprasternal notch and pubic symphyses passes through which plane?,A,A,True,A
6104,What structure passes through the quandrangular space ?,A,B,False,B
6105,A 37-year-old patient is an intensive care unit nurse whose job required that she remain very alert. Which of the following antidepressants is best for this patient?,A,B,False,B
6106,Which of the following is true about effect of insulin and glucagon on gluconeogenesis?,A,A,True,A
6107,For post exposure prophylaxis for HIV the regimen is ?,A,B,False,B
6108,True about gestational diabetes is ?,A,C,False,C
6109,Custom tray should be ____mm short of the sulcus:,A,B,False,B
6110,Emphysema presents with all except,A,C,False,C
6111,Hyaline layer of Hopewell smith is found in:,A,C,False,C
6112,True about HGPRT is all except–,A,A,True,A
6113,Most common complication of Cones,A,A,True,A
6114,Voluntary admission can be done maximum up to how much time according to MHA 2017,A,A,True,A
6115,Daily water loss in sweat during normal activities ?,A,A,True,A
6116,Strongest phase of all forms of silver Amalgam alloy is:,A,A,True,A
6117,"In a case of perforation peritonitis, emergency lapratomy, 2nd post operative day develops oliguria. Diagnosis",A,B,False,B
6118,Alzehiemer type II astrocyte are seen in -,A,B,False,B
6119,Which of the following is not a type of chisel?,A,A,True,A
6120,Dilatation & evacuation is done for all ecxept ?,A,A,True,A
6121,Preferred treatment for menorrhagea in reproductive age group?,A,C,False,C
6122,Perihepatic fibrosis occurring in Fitz Hugh Cuis Syndrome is due to -,A,A,True,A
6123,"Statement 1: Stabilization by splinting is usually done for 7 to 14 days after avulsion. 
Statement 2: Rigid  stabilization can induce replacement resorption of the root.",A,B,False,B
6124,HU is measure of,A,A,True,A
6125,Colored kit for STD treatment is which type of approach?,A,C,False,C
6126,Which of these inhalational steroids is useful for the management of symptoms of acute bronchial asthma?,A,A,True,A
6127,Most of the dental cements are set by an acid-base reaction except:,A,A,True,A
6128,Trench mouth is other name for?,A,B,False,B
6129,Non-motile bacterium is -,A,C,False,C
6130,All of the following provide protection against malaria except -,A,B,False,B
6131,Most common cause of ophthalmoplegia ?,A,C,False,C
6132,N-butyl cyanoacrylate is used for:,A,A,True,A
6133,All of the following organs are in direct contact with the spleen except?,A,C,False,C
6134,Surfactant is produced by?,A,B,False,B
6135,"In primary tooth, intrusion is common because:",A,A,True,A
6136,Flapping tremors are not seen in,A,B,False,B
6137,A person is declared dead if he/she is not found for,A,A,True,A
6138,Basic stain for osteoblast:,A,A,True,A
6139,Active compound secreted by neutrophills against pathogen is known as?,A,B,False,B
6140,Major supply of medial surface of cerebral hemisphere,A,B,False,B
6141,Unilateral lacrimal gland destruction may be caused by?,A,A,True,A
6142,Seasonal trend is:,A,A,True,A
6143,"At a high altitude of 3000 m, a person complains of breathlessness. All of the following can be used for the management of this person except?",A,D,False,D
6144,Most common primary site for congenital  tuberculosis is?,A,A,True,A
6145,Following physiological changes are seen in vagina in pregnancy except ?,A,C,False,C
6146,Acid that is increased in acne comedones is?,A,B,False,B
6147,All found in LVF except,A,A,True,A
6148,Which of the following cannot be treated by laparoscopy-,A,C,False,C
6149,Which of the following is glucocoicoid synthesis inhibitor?,A,D,False,D
