index,question,ground_truth,predicted,correct,raw_response
0,"A junior orthopaedic surgery resident is completing a carpal tunnel repair with the department chairman as the attending physician. During the case, the resident inadvertently cuts a flexor tendon. The tendon is repaired without complication. The attending tells the resident that the patient will do",B,A,False,A
1,A 67-year-old man with transitional cell carcinoma of the bladder comes to the physician because of a 2-day history of ringing sensation in his ear. He received this first course of neoadjuvant chemotherapy 1 week ago. Pure tone audiometry shows a sensorineural hearing loss of 45 dB. The expected be,D,A,False,A
2,"Two weeks after undergoing an emergency cardiac catherization with stenting for unstable angina pectoris, a 61-year-old man has decreased urinary output and malaise. He has type 2 diabetes mellitus and osteoarthritis of the hips. Prior to admission, his medications were insulin and naproxen. He was ",B,B,True,B
3,"A 39-year-old woman is brought to the emergency department because of fevers, chills, and left lower quadrant pain. Her temperature is 39.1°C (102.3°F), pulse is 126/min, respirations are 28/min, and blood pressure is 80/50 mm Hg. There is blood oozing around the site of a peripheral intravenous lin",D,A,False,A
4,"A 35-year-old man comes to the physician because of itchy, watery eyes for the past week. He has also been sneezing multiple times a day during this period. He had a similar episode 1 year ago around springtime. He has iron deficiency anemia and ankylosing spondylitis. Current medications include fe",B,B,True,B
5,A 39-year-old man presents to the emergency department because of progressively worsening chest pain and nausea that started at a local bar 30 minutes prior. The pain radiates to the epigastric area. He has a 5-year history of untreated hypertension. He has smoked 1 pack of cigarettes daily for the ,D,B,False,B
6,A 68-year-old male comes to the physician for evaluation of right flank pain. He has a history of diabetes and peripheral artery disease. His blood pressure is 160/90 mm Hg. Physical examination shows abdominal tenderness and right flank tenderness. An ultrasound shows dilation of the right ureter a,C,A,False,A
7,"A 65-year-old man is brought to the emergency department 30 minutes after the onset of acute chest pain. He has hypertension and asthma. Current medications include atorvastatin, lisinopril, and an albuterol inhaler. He appears pale and diaphoretic. His pulse is 114/min and blood pressure is 130/88 ",C,C,True,C
8,"A 37-year-old-woman presents to her primary care physician requesting a new form of birth control. She has been utilizing oral contraceptive pills (OCPs) for the past 8 years, but asks to switch to an intrauterine device (IUD). Her vital signs are: blood pressure 118/78 mm Hg, pulse 73/min and respi",B,B,True,B
9,A 23-year-old woman comes to the physician because she is embarrassed about the appearance of her nails. She has no history of serious illness and takes no medications. She appears well. A photograph of the nails is shown. Which of the following additional findings is most likely in this patient?,A,A,True,A
10,"A 24-year-old G2P1 woman at 39 weeks’ gestation presents to the emergency department complaining of painful contractions occurring every 10 minutes for the past 2 hours, consistent with latent labor. She says she has not experienced vaginal discharge, bleeding, or fluid leakage, and is currently tak",D,D,True,D
11,"A 72-year-old man comes to the physician because of a 2-month history of fatigue and worsening abdominal pain. During this period, he also has excessive night sweats and shortness of breath on exertion. Over the past 3 months, he has had a 5.6-kg (12-lb) weight loss. He had a myocardial infarction 3",D,D,True,D
12,A 20-year-old man comes to the physician because of worsening gait unsteadiness and bilateral hearing loss for 1 month. He has had intermittent tingling sensations on both cheeks over this time period. He has no history of serious medical illness and takes no medications. Audiometry shows bilateral ,B,B,True,B
13,"A 47-year-old executive schedules an appointment his physician for a routine medical check-up. He currently has no complaints and claims to be “as fit as a fiddle.” The physical examination findings are unremarkable, except for a mid-systolic murmur heard in the 2nd left intercostal space that radia",D,A,False,A
14,"A microbiologist is studying the emergence of a virulent strain of the virus. After a detailed study of the virus and its life cycle, he proposes a theory: Initially, a host cell is co-infected with 2 viruses from the same virus family. Within the host cell, concomitant production of various genome ",C,C,True,C
15,A 59-year-old overweight woman presents to the urgent care clinic with the complaint of severe abdominal pain for the past 2 hours. She also complains of a dull pain in her back with nausea and vomiting several times. Her pain has no relation with food. Her past medical history is significant for re,B,B,True,B
16,A 7-year-old boy is brought to his pediatrician’s office for a follow-up visit. He was diagnosed with asthma when he was 3 years old and has since been on treatment for the condition. He is currently on a β-agonist inhaler because of exacerbation of his symptoms. He has observed that his symptoms ar,D,C,False,C
17,A 3-month-old boy is brought the emergency department by his parents after an episode of cyanosis and muscle hypotonia that resolved after 2 minutes. Diagnostic evaluation fails to discover an exact etiology of the boy's symptoms and the episode is classified as a brief resolved unexplained event (B,D,D,True,D
18,"A 29-year-old man presents to the emergency department due to central chest pain over the past 3 days which is constant and unrelated to exertion. The pain is sharp, severe, increases when lying down, and improves with leaning forward. The pain also radiates to his shoulders and neck. The patient ha",B,A,False,A
19,"A 46-year-old man is brought to the emergency department for evaluation of altered mental status. He was found on the floor in front of his apartment. He is somnolent but responsive when aroused. His pulse is 64/min, respiratory rate is 15/min, and blood pressure is 120/75 mm Hg. On physical examina",D,B,False,B
20,"A 77-year-old woman presents to the emergency room with the complaints of fever, malaise, and night sweats. She recently observed an enlargement of her axillary lymph nodes, which she examines on a weekly basis. She has a remote history of breast cancer in her 60s that was treated with radiation and",C,D,False,D
21,"A 3-month-old infant is brought to her pediatrician because she coughs and seems to have difficulty breathing while feeding. In addition, she seems to have less energy compared to other babies and appears listless throughout the day. She was born by cesarean section to a G1P1 woman with no prior med",A,A,True,A
22,"A 30-year-old African American woman comes to the physician for the evaluation of a dry cough and chest discomfort for the past 3 days. During this period, the patient has had headaches, muscle aches, joint pain, fever, and chills. Ten days ago, she was hiking with her family in Mississippi. The pat",C,C,True,C
23,"A 62-year-old patient has been hospitalized for a week due to a stroke. One week into the hospitalization, he develops a fever and purulent cough. His vitals include: heart rate 88/min, respiratory rate 20/min, temperature 38.4°C (101.1°F), and blood pressure 110/85 mm Hg. On physical examination, h",D,A,False,A
24,"A 6-year-old boy is brought to the emergency department by his mother for worsening wheezing and shortness of breath over the past day. He has not had a fever, cough, vomiting, or diarrhea. He has asthma and eczema. He uses a glucocorticoid inhaler and an albuterol inhaler but has missed his medicat",A,A,True,A
25,"A 5-year-old female suffers from recurrent infections by Aspergillus species, Pseudomonas species, and Staphylococcus aureus. The patient's neutrophils are examined in the laboratory and they fail to react during the nitroblue tetrazolium test. Which of the following is most likely dysfunctional in ",D,D,True,D
26,"A 3-year-old boy presents to the emergency department with a ‘cough-like-a-seal bark’ and a high-pitched inspiratory noise that is audible without a stethoscope. His mother reports that his cough has worsened over the last few hours. The patient's blood pressure is 118/78 mm Hg, pulse is 90/min, res",D,D,True,D
27,"A 26-year-old woman presents to a gynecologist after a missed period. After performing a complete physical examination and a screening test for pregnancy, her gynecologist informs her that she is pregnant. She is very surprised as she has been taking oral contraceptives regularly. When the gynecolog",A,A,True,A
28,"A 4-year-old previously healthy boy presents with 4 days of intermittent vomiting and 5-6 daily loose stools. His mother noted bloody stools and decreased oral intake of food and water over the last 24 hours. He is normally in daycare; however, he has been home for the past 3 days. On physical exam ",D,B,False,B
29,A 3-week-old male newborn is brought to the physician because of an inward turning of his left forefoot. He was born at 38 weeks' gestation by cesarean section because of breech presentation. The pregnancy was complicated by oligohydramnios. Examination shows concavity of the medial border of the le,C,C,True,C
30,A 42-year-old woman comes to the emergency department because of a 2-day history of right upper abdominal pain and nausea. She is 163 cm (5 ft 4 in) tall and weighs 91 kg (200 lb); her BMI is 34 kg/m2. Her temperature is 38.5°C (101.3°F). Physical examination shows a distended abdomen and right uppe,D,A,False,A
31,A 72-year-old woman is admitted to the intensive care unit for shortness of breath and palpitations. A cardiac catheterization is performed and measurements of the left ventricular volume and pressure at different points in the cardiac cycle are obtained. The patient's pressure-volume loop (gray) is,C,D,False,D
32,"A 22-year-old woman is brought to the emergency department because of a 2-day history of fever, intermittent rigors, and night sweats. She also has a 1-month history of progressive fatigue. Five weeks ago, she was hospitalized and received intravenous antibiotics for treatment of bacterial meningiti",D,C,False,C
33,"An otherwise healthy 50-year-old man comes to the physician because of a 6-month history of increasingly frequent episodes of upper abdominal pain, nausea, vomiting, and diarrhea. He has had a 3.2-kg (7-lb) weight loss during this time. Physical examination shows bilateral pitting pedal edema. An en",B,D,False,D
34,A 27-year-old man presents to the emergency department. He was brought in by staff from the homeless shelter when they found him unresponsive. The patient is a known IV drug abuser but otherwise has an unknown past medical history. He currently attends a methadone clinic. His temperature is 99.5°F (,A,A,True,A
35,"A 67-year-old man who was diagnosed with arthritis 16 years ago presents with right knee swelling and pain. His left knee was swollen a few weeks ago, but now with both joints affected, he has difficulty walking and feels frustrated. He also has back pain which makes it extremely difficult to move a",A,A,True,A
36,A 65-year-old woman schedules an appointment with her physician for evaluation of weight loss and weakness. The weakness is more noticeable when climbing stairs and combing hair. The weakness improves after brief exercise. She also has bladder incontinence for the past 4 weeks and was given an antic,D,C,False,C
37,"A 3-month-old boy presents to his pediatrician with persistent diarrhea, oral candidiasis, and signs and symptoms suggestive of respiratory syncytial virus (RSV) pneumonia. His weight is in the 10th percentile. He is being evaluated for an immunodeficiency disease. Laboratory results for the HIV are",A,A,True,A
38,A 53-year-old man with recurrent pancreatic adenocarcinoma is enrolled in a clinical trial for a novel chemotherapeutic agent that his physician believes may be beneficial to his condition. The novel drug was previously tested in a small population and is now undergoing a larger phase 3 trial in pre,D,D,True,D
39,"A 67-year-old male is seen by neurology after he was noticed to be speaking strangely by his family. After acute treatment with tissue plasminogen activator (tPA), the patient is able to recover most of his speech. Subsequent neurologic exam finds that the patient is fluent while speaking and is abl",A,C,False,C
40,"A 27-year-old woman presents to the office with concerns about her long struggle with her physical appearance since adolescence. She says she has always been ""large"" and was constantly targeted by her classmates and coworkers for being so. Her main concern at the moment is her acne and unwanted faci",C,C,True,C
41,"А 43-уеаr-old mаn рrеѕеntѕ wіth tіnglіng аnd numbnеѕѕ of the lowеr lіmbѕ for 2 wееkѕ. Не also сomрlаіnѕ of реrѕіѕtеnt раіn in his legs whісh is not relieved by over-the-counter analgesics. Past medical history is significant for type 2 dіаbеtes mellitus for 2 уеаrѕ, inconsistently managed with mеtfo",C,C,True,C
42,A one-day-old male is evaluated in the hospital nursery for bilious vomiting. The patient has urinated multiple times since birth but has not yet passed meconium. He was born at 38 weeks gestation to a 36-year-old gravida 3 via vaginal delivery. The pregnancy was complicated by gestational diabetes.,A,A,True,A
43,"A healthy 23-year-old male is undergoing an exercise stress test as part of his physiology class. If blood were to be sampled at different locations before and after the stress test, which area of the body would contain the lowest oxygen content at both time points?",B,A,False,A
44,"A 45-year-old G5P4105 presents to her gynecologist’s office with six months of increasingly heavy periods. She now soaks one super absorbent tampon every two hours for five days each cycle. Her cycles have also become irregular, with intermenstrual bleeding for the last two months. She now experienc",A,C,False,C
45,"A man is brought into the emergency department by the police department. The officer state that the man has been arrested multiple times for public alcohol intoxication, but recently became homeless. On exam, the man is behaving erratically. His vitals are all within normal limits. He appears confus",D,D,True,D
46,"A medical research study is evaluating an investigational novel drug (medication 1) compared with standard therapy (medication 2) in patients presenting to the emergency department with myocardial infarction (MI). The study enrolled a total of 3,000 subjects, 1,500 in each study arm. Follow-up was c",C,B,False,B
47,A 55-year-old man comes to the physician because of a 6-week history of tingling pain in the sole of his right foot when he raises it above chest level during exercises. He reports that he started exercising regularly 2 months ago and that his right calf cramps when he uses the incline feature on th,A,A,True,A
48,"A 29-year-old primigravid woman at 35 weeks' gestation is admitted to the hospital in labor. She has no history of serious medical illness. She has had an uncomplicated pregnancy. Her last ultrasound at 22 weeks' gestation was normal. On admission, fetal heartbeats cannot be detected by fetal dopple",B,B,True,B
49,"A 67-year-old man is hospitalized after several days of fever and increasing shortness of breath. Respiratory viral panel returns positive for influenza A and the patient is started on a standard five day course of oseltamivir. Despite therapy, his shortness of breath continues to worsen and his oxy",C,D,False,D
50,A 65-year-old male is treated for anal carcinoma with therapy including external beam radiation. How does radiation affect cancer cells?,D,D,True,D
51,"A 56-year-old man with a history of hypertension presents to his physician with progressive fatigue and new onset muscle cramps. He has had no recent changes to his medication regimen, which includes hydrochlorothiazide, lisinopril, and amlodipine. His temperature is 98.0°F (36.7°C), blood pressure ",A,D,False,D
52,A 65-year-old man comes to the physician because of a 1-week history of yellowish discoloration of his skin and generalized pruritus. Examination shows jaundice of the skin and scleral icterus. Urinalysis shows an elevated concentration of bilirubin and a low concentration of urobilinogen. Which of ,D,D,True,D
53,"A 72-year-old woman is brought to the physician by her daughter because of a 6-month history of worsening short-term memory deficits and social withdrawal. Treatment with galantamine is initiated. Two weeks later, the patient develops vomiting, mild crampy abdominal pain, and watery, nonbloody diarr",C,A,False,A
54,"A 61-year-old man with schizophrenia in a locked inpatient psychiatry unit was observed making an unusual smacking motion with his lips, pursing his mouth, and blinking excessively. These symptoms started slowly about 2 weeks ago and have become more pronounced, but they do not seem to bother the pa",A,A,True,A
55,"A 17-year-old football player with no significant past medical history, social history, or family history presents to his pediatrician with itching in his groin. He says this started during summer workouts leading up to this season. He denies having any rash anywhere else on his body. The blood pres",A,A,True,A
56,An otherwise healthy 26-year-old man comes to the physician for medication counseling after recently being diagnosed with schizophrenia. Risperidone therapy is initiated. This patient is at increased risk for which of the following adverse effects?,C,C,True,C
57,"A 15-year-old woman presents with fever, altered mental status and a petechial rash on her lower extremities and back since yesterday evening. She also says she has been nauseous for the past 3 hours and has vomited twice. The patient mentions she has had heavy menstrual bleeding for the past few da",B,C,False,C
58,"A 2-year-old boy is brought to the physician for evaluation of pallor and increasing lethargy for 2 days. One week ago, he experienced abdominal pain, vomiting, and bloody diarrhea that have since subsided. The patient's father states that they returned early from a 6-week roadtrip in Mexico because",C,C,True,C
59,A 17-year-old girl is referred by her dentist for a suspected eating disorder. She has been visiting the same dentist since childhood and for the past 2 years has had at least 2 visits for dental caries. She eventually admitted to him that she regularly induces vomiting by putting her fingers down h,A,C,False,C
60,"A 14-year-old girl is brought to the physician by her father because of fever, chills, abdominal pain, and profuse non-bloody diarrhea. Her symptoms began one week ago, when she had several days of low-grade fever and constipation. She returned from Indonesia 2 weeks ago, where she spent the summer ",C,C,True,C
61,"A 22-year-old female college student is treated with metronidazole after presenting to student health services with itching, discharge, and pain in her vagina. At a party shortly afterward she experiences facial flushing, nausea, tachycardia, dyspnea, headache, and abdominal cramps after consuming a",A,A,True,A
62,"A 23-year-old primigravida presents for a regular prenatal care visit at 16 weeks gestation. She complains of increased fatigability, but is otherwise well. She takes folic acid, iron, and vitamin D supplementation. Her vital signs are as follows: blood pressure, 110/70 mm Hg; heart rate, 86/min; re",D,A,False,A
63,"An 80-year-old man is transferred from a step-down unit to a med-surg floor in the hospital. He had undergone a successful hernia surgery 14 hours ago. Before the surgery, he was pre-treated with atropine, scopolamine, and morphine and recovered well in the PACU after the surgery. There were no comp",A,A,True,A
64,A healthy 19-year-old man presents to his primary care provider complaining of painless “blisters” in his mouth. He reports that he noticed a white film on his tongue and the sides of his mouth 2 days ago while brushing his teeth. The film was easily brushed off. He also complains of a bitter metall,A,A,True,A
65,"A 56-year-old man presents to the clinic complaining of subacute back pain for the past month. The pain is described as a dull, constant ache that is worse at night. He could not recall any precipitating event except for an amateur weight-lifting competition that he participated in 2 months ago. Pas",B,B,True,B
66,A 4-year-old boy is brought to the emergency department because of severe abdominal pain and bilious vomiting for 6 hours. He has not had bowel movements in the past 24 hours. He appears ill. His temperature is 37.8°C (100°F) and pulse is 122/min. Examination shows a distended abdomen. There is tend,C,C,True,C
67,"A 3-week-old male newborn is brought to the hospital because of poor weight gain since birth. He was born at 38 weeks' gestation via normal vaginal delivery. He weighed 3005 g (6 lb, 10 oz) at birth and currently weighs 2835 g (6 lb, 4 oz). He has been latching on and breastfeeding well since birth.",B,B,True,B
68,"A 57-year-old female with a past medical history of alcoholism presents to the emergency room vomiting bright red blood. She is accompanied by her partner, who reports that she had been complaining of black and tarry stools for the past several days. Vital signs are temperature 37 degrees celsius, h",D,B,False,B
69,"A 65-year-old man with a history of hypertension, obesity, and alcoholic cirrhosis is seen in clinic for follow-up. He feels well and currently drinks 5 glasses of wine each night. Medications include atenolol and lisinopril. On physical exam, temperature is 98.1 deg F (36.7 deg C), blood pressure i",A,B,False,B
70,A 66-year-old man is brought to the emergency room by his wife due to abdominal distension and persistent somnolence for the past 2 weeks. The patient’s wife says that he has been sleeping much more than usual for the past 5 days. His bowel and bladder habit have not changed. His past medical histor,A,A,True,A
71,"A 27-year-old man presents to the emergency department after a motor vehicle collision. The patient was the front seat unrestrained driver in a head on collision. The patient’s echocardiogram (ECG) is notable only for sinus tachycardia. His temperature is 99.5°F (37.5°C), blood pressure is 107/58 mm",A,A,True,A
72,"A 56-year-old man presents to the emergency department for progressively worsening fatigue, malaise, fever, and abdominal pain. He reports that his symptoms began approximately 1 week ago and he has noticed episodes of diarrhea. He recently started melatonin and magnesium supplementation in hopes of",C,B,False,B
73,A 29-year-old woman presents to the clinic after several months of weight loss. She noticed a 6.8 kg (15 lb) unintentional weight loss over the preceding several months. She has not changed her diet or exercise habits. She also reports feuding with her boyfriend over the temperature of their shared ,B,A,False,A
74,"A 21-year-old man comes to the physician because of pruritus and a hypopigmented rash on his upper body for 5 days. He first noticed the symptoms after returning from a business trip last week in the Bahamas. While he was there, he visited a couple of beaches and went hiking with some coworkers. The",C,A,False,A
75,A 5-year-old female is brought to a speech therapist for continuing work on improving her communication skills. She is only able to verbalize two word sentences and has generalized developmental delay. When she was born it was noticed that she had a high pitched mewing cry and subsequent physical ex,A,A,True,A
76,"A 62-year old female comes to the physician because of vaginal spotting and urinary urgency for the past 4 days. She has had no fever, abdominal pain, or diarrhea. Menopause occurred at 52 years of age. Her last Pap smear 1 year ago was normal. She has hypertension, hypercholesterolemia, and diabete",B,B,True,B
77,"A 59-year-old man is evaluated for progressive joint pain. There is swelling and tenderness over the first, second, and third metacarpophalangeal joints of both hands. His hand radiograph is shown. He has had diabetes mellitus for 2 years which is not well controlled with medications. Lab studies sh",B,B,True,B
78,"A newborn is found to be extremely cyanotic immediately after birth. He then develops progressive respiratory failure and is admitted to the neonatal ICU. A single loud S2 heart sound is appreciated as well as a machine-like murmur at the left upper sternal border. Radiography shows an enlarged ""egg",C,B,False,B
79,"A 25-year-old male involved in a knife fight presents with a penetrating wound to the chest. The patient is unconscious and cannot provide any further history. Vitals show a temperature of 37-0°C (98.6°F), blood pressure of 85/55 mm Hg, pulse of 115/min, respirations of 19/min, and oxygen saturation",C,C,True,C
80,"A post-mortem lung examination of a 68-year-old male overweight male with evidence of chronic lower extremity edema, a 60 pack-year smoking history and daily productive cough would be most likely to reveal:",B,B,True,B
81,A 54-year-old male makes an appointment with his primary care physician due to chronic fatigue that has left him unable to hike or do other physically demanding activities with his friends. He has well-controlled hypertension and diabetes but has otherwise been healthy. He does not smoke but drinks ,A,D,False,D
82,A 44-year-old African-American woman comes to the physician for a routine examination. She is concerned about cancer because her uncle died of metastatic melanoma 1 year ago. She has no history of serious illness and does not take any medication. She has been working in a law firm for the past 20 ye,C,D,False,D
83,A 60-year-old woman is brought to the clinic by her daughter for evaluation. The daughter reports that her mother has recently been having difficulty combing her hair in the mornings. The patient’s family history is significant for an ischemic stroke in her father. The patient’s past medical history,A,A,True,A
84,A 30-year-old woman comes to the physician because she has been unable to conceive for 3 years. Analysis of her husband's semen has shown normal sperm counts during this time. The patient also reports episodic pelvic and back pain accompanied by painful diarrhea for 5 years. She has about one such e,C,C,True,C
85,"A 55-year-old truck driver is brought to a physician by his wife. She states that her husband developed a fever and began feeling weak 3 days ago, but has refused medical help. He has been unable to go to work because of his symptoms. The patient has been previously hospitalized for a tricuspid valv",B,B,True,B
86,A previously healthy 30-year-old woman comes to the physician for the evaluation of pain during sexual intercourse for 6 months. She also reports frequent episodes of crampy pelvic pain that starts one day before menses and lasts for 7 days. Her symptoms are not relieved with pain medication. Menses,C,C,True,C
87,"A 50-year-old man visits his physician after 20 years of not seeking any medical care. He is concerned about his health after a colleague recently had a heart attack. The patient has no active complaints and says he feels healthy; however, he does not exercise regularly and lives a sedentary lifesty",C,C,True,C
88,"A 26-year-old woman is brought to the emergency department 20 minutes after being involved in a high-speed motor vehicle collision in which she was a restrained passenger. On arrival, she is lethargic and incoherent. She has severe facial lacerations and is in respiratory distress. Her pulse is 130/",C,C,True,C
89,"A 26-year-old G1P0 woman presents to her primary care physician’s office with feelings of anxiety and trouble with sleep. She finds it difficult initiating sleep, occasionally has palpitations, and feels fatigued. She denies having similar symptoms in the past or starting any new medications or illi",B,B,True,B
90,A 32-year-old woman comes to the physician because of a 3-week history of intermittent loose stools and a 1.2-kg (2.6-lb) weight loss. She immigrated to the US from Uganda 6 weeks ago. Abdominal examination shows diffuse tenderness with no guarding or rebound. The liver is firm and palpable 3 cm bel,D,D,True,D
91,"A 3-month-old girl is brought to a pediatrician by her parents. She has central cyanosis without signs of respiratory distress or signs of heart failure. An echocardiogram reveals severe pulmonary outflow obstruction, right ventricular hypertrophy, a ventricular septal defect, and an overriding of t",B,B,True,B
92,"Six days after undergoing surgical repair of a hip fracture, a previously healthy 79-year-old woman is agitated and confused. She is unarousable during the day, but then is awake and impulsive during the night, requiring frequent reorientation. Her husband says that she usually drinks one to two gla",C,C,True,C
93,"A 54-year-old woman with a past medical history of mental retardation, hypertension, and diabetes presents to the emergency department with a change in her behavior. Her caretakers state that the patient’s gait suddenly became ataxic, and she became less responsive than her normal non-verbal baselin",D,C,False,C
94,"A 24-year-old man is brought to the emergency department 15 minutes after he sustained a stab wound to the left chest just below the clavicle. On arrival, he has rapid, shallow breathing and appears anxious. His pulse is 135/min, respirations are 30/min and shallow, and palpable systolic blood press",C,D,False,D
95,"A 40-year-old man presents to his primary-care doctor for a follow-up of his hypertension. He is asymptomatic at his office visit and denies any new complaints. He has a 10-year history of hypertension that remains poorly controlled on maximum doses of lisinopril, hydrochlorothiazide, and amlodipine",D,D,True,D
96,"A 17-year-old female is brought to the emergency room by her father because she has been experiencing shortness of breath and chest pain. She says that the chest pain is worse when she breathes or coughs. Furthermore, on the way to the hospital she noticed that there were specks of blood on a tissue",A,A,True,A
97,"A 26-year-old male presents to his primary care physician with complaints of burning with urination, penile discharge, and intermittent fevers. A urethral smear shows gram negative diplococci within white blood cells. The organism grows well when cultured on Thayer-Martin agar. The patient is prescr",B,B,True,B
98,"A 37-year-old man with no significant past medical history is rear-ended in a motor vehicle accident. He reported significant neck pain to emergency responders, but otherwise denies weakness, numbness or tingling in his extremities. His vitals on presentation to the ED are HR 90, BP 140/80, RR 20, S",B,B,True,B
99,"A 43-year-old man with a history of schizophrenia, currently controlled with medication, comes in for an appointment with his internist. He is concerned about abnormal discharge from both nipples over the past 3 months. The fluid is white, and he wonders if it could be milk. On further review of sys",B,B,True,B
100,A 2-day-old male newborn is brought to the physician because of yellowing of the skin and sclerae for 16 hours. He had previously been well. He was born at 38 weeks' gestation via uncomplicated vaginal delivery and weighed 3.1 kg (6 lb 13 oz). The mother has no medical insurance and did not receive ,D,B,False,B
101,"A 65-year old man presents with gradually worsening rigidity of his arms and legs and slowness in performing tasks. He says he has also noticed hand tremors, which increase at rest and decrease with focused movements. On examination, the patient does not swing his arms while walking and has a shorte",A,A,True,A
102,The patient is given prophylactic labetalol and magnesium sulfate. Examination shows absent deep tendon reflexes bilaterally. Which of the following is the most appropriate next step in the management of this patient?,A,A,True,A
103,"A 75-year-old woman is brought by a patrolman to the emergency department because of altered mental status. She was found wandering next to the highway. The patient was unable to answer questions and collapsed in transit. Her vitals are: temperature, 33.0°C (91.4°F); pulse, 40/min; respirations,12/m",A,A,True,A
104,A 66-year-old male presents to his primary care physician to discuss his increasing shortness of breathover the last 3 months. He notes that this is particularly obvious when he is mowing his lawn or climbing the stairs in his home. His past medical history is significant for hypertension that is we,B,B,True,B
105,"A 28-year-old woman presents following a suicide attempt 2 days ago. She says that her attempt was a result of a fight with her boyfriend and that she slit her wrists in an attempt to keep him from breaking up with her. In the past, she has had many turbulent relationships, both romantic and in her ",B,B,True,B
106,"A 50-year-old man presents to his primary care doctor following an inguinal hernia repair. The patient reports no pain in his lower abdomen or groin, no constipation, and states that he enjoys his usual diet. He denies any use of alcohol, tobacco, or illicit drugs. He has returned to work as a cruis",B,A,False,A
107,"A 29-year-old man comes in for evaluation of infertility. He has been trying to conceive for over 2 years with his wife and previous evaluation of his wife's fertility revealed no abnormalities. Physical exam reveals a tall man with long extremities, sparse body hair, gynecomastia, and small testes.",A,A,True,A
108,"A 13-year-old boy presents to the emergency department with severe knee, hip, and groin pain. The patient has a past medical history notable only for obesity and asthma. His temperature is 98°F (36.7°C), blood pressure is 124/65 mmHg, pulse is 128/min, respirations are 14/min, and oxygen saturation ",D,D,True,D
109,"A 28-year-old man comes to the physician because of diarrhea and crampy abdominal pain for 5 weeks. He has had up to 4 bowel movements per day. Several times he noticed mucoid strings with the stool. He has abdominal bloating. Over the past month, has had a 3.2-kg (7-lb) weight loss. He has not had ",B,A,False,A
110,"A 51-year-old man is brought to the emergency department because of a 2-day history of fever, abdominal pain, and confusion. His wife states that he has been unable to recall his birthday or her name. He was diagnosed with hepatitis C 3 years ago but refused treatment. He has been treated twice in t",C,C,True,C
111,"An 18-month-old girl is brought to the emergency department because of a cough that her parents are worried about. She has had a runny nose and a low-grade fever for the past 2 days, with some hoarseness and a rough-sounding cough that started this afternoon. This evening she began making some high-",B,B,True,B
112,A 43-year-old woman presents with complaints of retrosternal burning associated with eating. It has persisted for the past several years but has been getting worse. Her past medical history is unknown and this is her first time seeing a doctor. She states she is otherwise healthy and review of syste,B,A,False,A
113,A 67-year-old man with chronic kidney disease comes to the physician because of worsening fatigue and shortness of breath on exertion for 6 months. He has a 20-year history of poorly-controlled type 2 diabetes mellitus. Current medications include metformin and insulin. His pulse is 105/min. Examina,C,A,False,A
114,"A 41-year-old man presents to the emergency department with a 6-hour history of muscle cramping, decreased appetite, and diarrhea. He says that these symptoms came on rapidly but does not recall anything that may have triggered the episode. He has never experienced these symptoms before. His past me",C,B,False,B
115,"A scientist is studying the properties of myosin-actin interactions in a sample of human muscle tissue. She has identified a drug that selectively inhibits phosphate release by the myosin head. If she gives this drug to a sample of human muscle tissue under physiologic conditions, which of the follo",D,D,True,D
116,A 16-year-old boy with a seizure disorder and cognitive delay is brought to the physician because of progressively worsening right lower extremity weakness for the past 6 months. He does not make eye contact and sits very close to his mother. Physical examination shows a grade 3/6 holosystolic murmu,C,A,False,A
117,"A 66-year-old man presents to the emergency department with abdominal pain, nausea, and vomiting. He endorses diffuse abdominal tenderness. His past medical history is notable for diabetic nephropathy, hypertension, dyslipidemia, depression, and morbid obesity. He also is currently being treated for",C,C,True,C
118,"A 56-year-old man comes to the clinic for a check-up. He presents with a 1-year history of worsening shortness of breath and weight loss. He is a former construction worker, and worked in a steel mill when he was in high school. He is an active smoker with a 36-pack-year smoking history. The blood p",D,D,True,D
119,"A 25-year-old zookeeper presents to the office complaining of a dry cough, fever, and chills for the past month. He states that the symptoms come in episodes at the end of the workday and last a few hours. He also mentions that he is fatigued all the time. His job includes taking care of various typ",C,C,True,C
120,"A 60-year-old female presents to her gynecologist with vaginal bleeding. She underwent menopause ten years prior. She has a past medical history of hypertension and diabetes mellitus. On physical examination, her uterus is uniformly enlarged. Ultrasound reveals a thickened endometrial stripe and tis",D,D,True,D
121,"A 40-year-old man presents to the physician with progressive weight loss for the last 3 months. He also says he frequently sweats profusely at night and has a recurring low-grade fever, for which he takes acetaminophen. The patient denies any symptoms like cough, breathlessness, or gastrointestinal ",A,A,True,A
122,"A 28-year-old gravida 1 at 32 weeks gestation is evaluated for an abnormal ultrasound that showed fetal microcephaly. Early in the 1st trimester, she had fevers and headaches for 1 week. She also experienced myalgias, arthralgias, and a pruritic maculopapular rash. The symptoms resolved without any ",D,D,True,D
123,"A 41-year-old G3P1 woman presents with a sudden onset throbbing headache, tinnitus, nausea, and left-sided weakness. Patient has no significant past medical history and takes no medications.  Her last two pregnancies ended with spontaneous abortions before the 10th week of gestation. No significant ",A,A,True,A
124,"A obstetrician is working in a developing country to help promote maternal health and fetal well being. While there, he delivers a baby who he suspects has congenital hypothyroidism, most likely caused by inadequate maternal iodine intake. Which of the following signs and symptoms would NOT be expec",B,A,False,A
125,"A 33-year-old nurse is referred to an infectious disease specialist after she exhibited a PPD skin test with 17 mm of induration. She denies any cough, shortness of breath, hemoptysis, weight loss, fatigue, fevers, or night sweats over the last several months. Her temperature is 97.0°F (36.1°C), blo",A,D,False,D
126,An 81-year-old woman is brought to the emergency room by her son after witnessing the patient fall and hit her head. The son reports that the patient was in her usual state of health until she complained of chest palpitations. This startled her while she was climbing down the stairs and lead to a fa,A,A,True,A
127,"A 67-year-old man with peripheral neuropathy comes to the physician for a follow-up examination after the results of serum protein electrophoresis showed monoclonal gammopathy. A complete blood count, serum creatinine, and serum electrolyte concentrations are within the reference ranges. A bone marr",C,C,True,C
128,"A 47-year-old woman comes to the physician because of progressive muscle weakness for five months. She feels that the muscles in her shoulders and hips have been getting weaker and sometimes feel sore. She now has difficulty getting up from chairs, climbing stairs, and combing her hair. She has also",A,D,False,D
129,"A 41-year-old man presents to the emergency room with sudden onset of blurry vision one hour ago. He states that he was resting at home when he noticed he had difficulty reading. Currently, he is also starting to see double, and is seeing two images on top of each other. Earlier today, he felt ill w",A,A,True,A
130,A 4-week-old female newborn is brought to the physician because of increasing yellowing of her eyes and skin for 2 weeks. The mother has noticed that the girl's stools have become pale over the past week. She was breastfed since birth but her parents switched her to formula feeds recently after read,B,D,False,D
131,"A 43-year-old man comes to the emergency department with nausea, abdominal discomfort, diarrhea, and progressive perioral numbness for the past 24 hours. 3 days ago, he underwent a total thyroidectomy for treatment of papillary thyroid cancer. His only medication is a multivitamin supplement. He app",B,B,True,B
132,A 68-year-old woman presents with left lower quadrant pain that worsens with defecation. She describes the pain as 'crampy'. She also says she has suffered from mild constipation for the past few years. The patient denies any recent weight change or urinary symptoms. Her last menstrual period was 16,A,A,True,A
133,"A 67-year-old man presents to his primary care physician for erectile dysfunction. He states that for the past month he has been unable to engage in sexual intercourse with his wife despite having appropriate sexual desire. He also endorses deep and burning buttock and hip pain when walking, which i",B,B,True,B
134,A 55-year-old man with a history of chronic glomerulonephritis due to IgA nephropathy presents to your office with bone pain. Which of the following laboratory findings would you most expect upon analysis of this patient's serum?,A,A,True,A
135,A medical researcher is studying the physiology of the immune system in order to better understand the effects of HIV on patients. He isolates a group of cells that are shown by flow cytometry to be positive for the cell surface marker CD8. He then mixes this cell population with a group of infected,C,C,True,C
136,"A 61-year-old Caucasian male presents to your office with chest pain. He states that he is worried about his heart, as his father died at age 62 from a heart attack. He reports that his chest pain worsens with large meals and spicy foods and improves with calcium carbonate. He denies dyspnea on exer",C,C,True,C
137,"A 36-year-old woman comes to the clinic because of tearing and a foreign body sensation in her eyes bilaterally, which has gradually worsened over the last several weeks. She also notes having occasional palpitations, nervousness, sweating, and heat intolerance. Her past medical history is unremarka",D,C,False,C
138,"A 7-year-old boy is brought to a pediatrician by his parents for evaluation of frequent bed wetting during the night. A detailed history reveals that there has been no history of urinary incontinence during the day since the boy was 4 years of age, but that he has never been dry at night continuousl",B,B,True,B
139,"A 52-year-old man with a history of gastric cancer that was treated with subtotal gastrectomy dies in a motor vehicle collision. At autopsy, examination of the spinal cord shows unilateral atrophy of the neurons in the area indicated by the arrow. Neurological examination of the patient when he was ",D,B,False,B
140,A 24-year-old pregnant woman at 28 weeks gestation presents to the emergency department with complaints of fever with chills and pain in her knee and ankle joints for the past 2 days. She also complains of headaches and difficulty moving her neck. Further questioning reveals that she had a tick bite,C,A,False,A
141,A 25-year-old woman presents to her physician with a four month history of fatigue and weakness. The weakness has been progressive to the point where she cannot climb stairs and stand from a sitting position. She has only had one menstrual period in the last four months and has never been pregnant. ,A,D,False,D
142,A 67-year-woman with non-Hodgkin lymphoma comes to the physician because of progressively increasing numbness and tingling in her fingers and toes. Her last cycle of chemotherapy with vincristine was 1 week ago. Physical examination shows decreased sensation to light touch in all distal extremities.,A,A,True,A
143,A 68-year-old man comes to the physician with a 1-week history of painless hematuria. A CT scan of the urinary tract shows areas of bladder wall thickening. Cystoscopy shows several sessile masses with central necrosis arising from the bladder wall. A biopsy specimen of the bladder masses shows mode,B,A,False,A
144,"A 14-year-old girl comes to the physician with her father for evaluation of her short stature. She feels well overall, but is concerned because all of her friends are taller than her. Her birth weight was normal. Her father reports he had a short stature during his teenage years; he is currently 177",C,C,True,C
145,"A 5-year-old boy is brought to the physician because of facial swelling that started 5 days ago. Two weeks ago, he had a sore throat that resolved spontaneously. His temperature is 37°C (98.6°F), pulse is 107/min, and blood pressure is 94/67 mm Hg. Examination shows pitting edema of the upper and lo",D,A,False,A
146,"A 60-year-old man is referred to a dermatologist by his family physician for management of a rare case of dermatitis that has not responded to standard therapy with corticosteroids. The patient’s medical history is unremarkable, and he is currently working reduced hours at his job as an accountant. ",C,D,False,D
147,"A 35-year-old woman comes to the physician because she has been feeling very stressed over the past several months. During this period, she has found it difficult to relax. She states that her head is full of worries. She works at an accountant's office and reports difficulty in concentrating on her",D,D,True,D
148,"A 65-year-old man presents to his primary care physician for a change in his behavior over the past few months. Initially, the patient was noted to be behaving inappropriately including using foul language and grabbing people unexpectedly. This has progressed to a worsening of his memory and trouble",B,B,True,B
149,"An 11-month-old boy is brought to the clinic by his mother for a rash on his trunk, which he has had for the past 2 days. She notes that he is eating less and is more cranky than usual. His birth history is insignificant, and his immunizations are up to date. Vital signs include: temperature is 37.8",D,A,False,A
150,"A 52-year-old man is brought to the emergency department with dry cough, shortness of breath, and low-grade fever that began 6 days ago. He also reports that he has had 3 episodes of watery diarrhea per day for the last 2 days. He appears slightly pale. His temperature is 38.0°C (100.4°F), pulse is ",A,A,True,A
151,"A transvaginal ultrasound shows an intrauterine heteroechoic mass with numerous anechoic spaces and no identifiable fetus or amniotic fluid. Both the ovaries are enlarged and have multiple thin-walled, septated cysts with clear content. Which of the following is the most likely cause of the ovarian ",D,B,False,B
152,"A 75-year-old woman is brought to the emergency department by her son because of a 2-day history of fever, headache, malaise, and dry cough. The patient lives with her son and his family and her son reports that other members of the family have had similar symptoms during the past week but that he h",A,D,False,D
153,"A 71-year-old man comes to the physician for a routine visit. His psychiatric history is significant for major depression with psychotic features. He was diagnosed after his wife died from pancreatic cancer four years earlier. Three years ago, he deliberately overdosed on sleeping pills. Today, he f",A,A,True,A
154,"A 4-year-old boy is brought to the physician because of a generalized rash for 3 days. During this period, he has had severe itching and was not able to sleep well. He has also had fever, headache, and some muscle pain. Five days ago, he had a runny nose which subsided with over-the-counter medicati",C,C,True,C
155,A 19-year-old man is brought to the emergency department by ambulance because of unusual behavior that started 3 hours ago while he was at a party. He has a history of major depressive disorder and seasonal allergies. His mother has a history of anxiety. He drinks 5 beers on the weekends. Current me,D,C,False,C
156,A 22-year-old male presents to the emergency room complaining of neck stiffness. He reports that his neck started “locking” three hours ago. He is now unable to move it. His past medical history is notable for schizophrenia and asthma and he currently takes albuterol as well as another medication wh,B,B,True,B
157,"A 13-month-old boy is brought to the physician for a well-child examination. Physical examination shows hepatosplenomegaly. A venous blood sample obtained for routine screening tests is milky. After refrigeration, a creamy supernatant layer appears on top of the sample. Genetic analysis shows a muta",A,A,True,A
158,"A 41-year-old man comes to the emergency department with nausea, abdominal discomfort, and diarrhea for the past 2 days. His abdominal discomfort is worse shortly after meals. He has also had progressive perioral numbness and upper-extremity muscle cramping for the past 24 hours. Six months ago, he ",C,C,True,C
159,"A 9-year-old boy is brought to a physician by his mother for evaluation of generalized weakness, increased urination, and increased thirst. The mother mentions that her boy is always tired, and seems to be getting worse. He prefers watching television rather than going out and playing with other kid",B,B,True,B
160,"A 5-year-old boy of African descent is presented to the emergency department by his parents. The child is clutching his abdomen and crying about pain in his belly. His mother reports intermittent episodes of jaundice with joint and bone pain since he was 5 months old. At presentation, the patient’s ",C,C,True,C
161,"A 51-year-old woman presents to her primary care physician complaining of months of dry mouth and dry eyes. She says the dryness has become so severe that she has difficulty swallowing food. She has a history of hypertension, for which she takes hydrochlorothiazide (HCTZ), but she has no other medic",B,B,True,B
162,"A 59-year-old man presents to his primary care provider with fatigue, a progressively worsening cough with flecks of blood, shortness of breath, and dark urine. He reports feeling ill for the past 3 weeks. Past medical history is significant for hypertension and hyperlipidemia. He takes chlorthalido",C,C,True,C
163,"A 32-year-old man with HIV infection is brought to the emergency department by his roommate because of a 2-week history of progressively worsening headache and vomiting. Current medications include trimethoprim-sulfamethoxazole, dolutegravir, and tenofovir-emtricitabine. His temperature is 38.5°C (1",A,C,False,C
164,"A 70-year-old woman comes to the physician for the evaluation of back pain. For the past six days, she has had a burning pain in her upper right back and chest. She cannot recall any recent injury and has no prior history of back pain. She has a history of hypertension and gastroesophageal reflux. T",A,A,True,A
165,"A type of fatal adrenal cancer has an average survival rate of 3 years after the onset of clinically significant symptoms. It is determined that patients have a 4-year asymptomatic period prior to developing clinical symptoms from this adrenal cancer. A new screening test is developed, and the cance",B,A,False,A
166,"A 60-year-old man presents to the office for shortness of breath. The shortness of breath started a year ago and is exacerbated by physical activity. He has been working in the glass manufacturing industry for 20 years. His vital signs include: heart rate 72/min, respiratory rate 30/min, and blood p",B,C,False,C
167,"A 43-year-old woman is brought to the emergency department by her brother for severe chest pain. The patient recently lost her husband in a car accident and is still extremely shocked by the event. On physical examination, her blood pressure is 105/67 mm Hg, the heart rate is 96/min and regular, bre",C,C,True,C
168,"A 56-year-old man is brought to the emergency department. He was found unconscious on the street. The staff recognizes him as a local homeless man with a long history of alcoholism. At the hospital, his pulse is 95/min, the blood pressure is 110/70 mm Hg, the respirations are 20/min, and the oxygen ",B,B,True,B
169,"An 8-year-old girl comes to the physician because of a 2-day history of hematuria. Two weeks ago, she had a sore throat that resolved without treatment. Physical examination shows 1+ pitting edema of the lower legs and ankles. Urinalysis shows numerous RBCs and 3+ proteinuria. Her antistreptolysin O",C,C,True,C
170,"A 25-year-old man presents to the emergency department with altered mental status. He was found down in the middle of the street. His past medical history is unknown. His temperature is 99.0°F (37.2°C), blood pressure is 104/64 mmHg, pulse is 70/min, respirations are 5/min, and oxygen saturation is ",C,A,False,A
171,A 38-year-old G4P3 presents to her obstetrician’s office for her 20-week anatomy ultrasound. She reports that she feels well and has not experienced any contractions or vaginal bleeding. She also reports good fetal movement. The patient declined prenatal screening earlier in the pregnancy for religi,D,B,False,B
172,"An 83-year-old man is admitted to the hospital with fever, weakness, and decreased responsiveness. He is diagnosed with urosepsis based on urinalysis and culture and started on ceftriaxone and intravenous fluids. By hospital day 3, he is clinically improving. During the evening, the patient becomes ",C,B,False,B
173,"A 26-year-old woman comes to the physician because of fatigue, weight loss, and muscle aches during the past 2 months. There is no personal or family history of serious illness. Her only medication is a multivitamin. A metyrapone stimulation test is performed and the results rule out a diagnosis of ",A,C,False,C
174,An investigator conducts a study to determine whether earlier detection of glioblastoma multiforme (GBM) in patients increases survival time. One subset of study participants consists of asymptomatic individuals who were diagnosed with GBM after undergoing a screening MRI of the brain. The other sub,D,D,True,D
175,"A 23-year-old man is brought to the emergency department 25 minutes after being involved in a high-speed motor vehicle collision in which he was the restrained driver. On questioning by the paramedics, he reported severe chest pain and mild dyspnea. On arrival, he is confused and unable to provide a",D,D,True,D
176,"A novel type of PET radiotracer is being developed to evaluate patients with Parkinson’s disease. A clinical research study has enrolled 1,200 patients, half of whom have the disease. The scan is found to be positive in 590 of the 600 patients with known PD, and positive in 20 of the 600 patients wi",D,A,False,A
177,"A 55-year-old man presents to a rheumatologist with bilateral wrist and knee pain that has been present for the last 10 years. The patient was a professional athlete who retired at age 50. He also notes morning stiffness in his joints that lasts approx. 50 minutes. He denies joint swelling, color ch",C,C,True,C
178,"A 40-year-old businessman who was previously well is brought into the emergency department by his assistant with a complaint of left-sided weakness after a chiropractic neck manipulation. He has never felt like this before. Past medical history is insignificant. His blood pressure is 125/75 mm Hg, p",D,A,False,A
179,"A previously healthy 19-year-old man comes to the physician with right-sided, dull, throbbing scrotal pain for 12 hours. He has also had a burning sensation on urination and increased urinary frequency for the past 3 days. He has not had urethral discharge. He is sexually active with one female part",C,C,True,C
180,"A 4-month-old infant is brought to the office by his parents due to sudden nose bleeding without trauma of any kind. He has a 1-month history of multiple bruising that measures 1 cm in diameter each in the hands and feet, and tiny red spots that appeared in the upper and lower extremities without an",B,C,False,C
181,"A 6-year-old boy is brought to the physician by his mother because of a 2-day history of dysuria and increased urinary frequency. Vital signs are within normal limits. Urinalysis shows cloudy, red urine. This patient's clinical presentation is best explained by an infection with a virus with which o",D,A,False,A
182,A 13-year-old boy is brought to his pediatrician due to a left breast lump under his nipple. He noticed it last month and felt that it has increased slightly in size. It is tender to touch but has no overlying skin changes. There is no breast discharge. The patient has cryptorchidism as an infant an,B,B,True,B
183,A 35-year-old Caucasian female presents to the emergency room with unilateral leg swelling. She reports that she developed painful left-sided leg swelling and redness earlier in the day. She is otherwise healthy and takes no medications. She denies any recent prolonged travel. She experienced a simi,D,C,False,C
184,A 78-year-old man is brought to the physician by his daughter because of increasing forgetfulness over the past 5 weeks. He had been living independently but came to live with his daughter temporarily after he complained that he was unable to perform some of his daily activities. He has left the fro,A,D,False,D
185,"A previously healthy 18-month-old boy is brought to the physician by his parents for evaluation of an abdominal mass noticed a few days ago. He appears markedly pale and lethargic. Examination shows a 6-cm, nonmobile mass in the left upper quadrant that crosses the midline. 24-hour urine collection ",D,D,True,D
186,"A laboratory primarily involved with studying cellular proofreading mechanisms is investigating the question of whether the ribosome can recognize a mischarged amino acid and still be incorporated into the growing peptide. In order to do so, they biochemically charge a Lys-tRNA with valine instead o",B,B,True,B
187,"A 65-year-old man with metastatic lung cancer has been experiencing severe, unremitting pain. He has required escalating doses of oral morphine, but is now having dose limiting side-effects. His pain management team recommends using a medication that can reduce his opioid need through interaction wi",B,B,True,B
188,"A 27-year-old man presents to the emergency room complaining of left shoulder pain for several weeks. He says that the pain often worsens when he tries to sleep on his left side. Although he tried several pain medications, none of the pain medications helped. He is an amateur tennis player who pract",D,B,False,B
189,"A 17-year-old woman presents to your office concerned that she has not had her menstrual period in 4 months. She states that menses began at age of 13 and has been regular until two months ago. She denies sexual activity, and urine pregnancy test is negative. On exam, she appears well-nourished with",C,B,False,B
190,"A 23-year-old college student presents to the clinic with a history of intermittent chest discomfort. He reports that, about once per month for the past 8 or 9 months, he's had episodes of ""feeling like my chest is going to explode."" During these episodes, he also feels shortness of breath, feels sh",A,C,False,C
191,"A stillborn infant is delivered at 38 weeks' gestation to a 32-year-old woman. The mother had no prenatal care. Examination of the stillborn shows a small pelvis, shallow intergluteal cleft, and club feet. An x-ray shows the absence of the sacrum and lumbar vertebrae. Which of the following is the s",C,D,False,D
192,"Please refer to the summary above to answer this question
The authors of the study have decided to conduct a follow-up analysis on their data. They decide to stratify their results by CD4+T-lymphocyte count at the time of diagnosis. Among patients with CD4+ cell counts below 200/mm3, cART adherence ",D,D,True,D
193,"During a Mycobacterium tuberculosis infection, Th1 cells secrete a factor capable of stimulating phagosome-lysosome fusion within macrophages. In addition, the secreted factors help activate macrophages to produce mediators such as NO, which are capable of destroying the invading pathogen. Furthermo",C,C,True,C
194,A 3-year-old boy is brought to the pediatrician because of abdominal pain and constipation for 3 weeks. His mother says he has been increasingly irritable recently. His vocabulary consists of 50 words and he does not use sentences. Physical examination shows pale conjunctivae and abdominal tendernes,C,C,True,C
195,A group of researchers conducted a study to determine whether there is an association between folic acid supplementation before pregnancy and autism spectrum disorder (ASD) in offspring. The researchers retrospectively surveyed 200 mothers with children diagnosed with ASD during the first 4 years of,C,C,True,C
196,A student studying pharmacology is a member of a team that is conducting research related to the elimination of multiple anticoagulant medications. His duty as a member of the team is to collect serum samples of the subjects every 4 hours and send them for analysis of serum drug levels. He is also s,A,A,True,A
197,"A 40-year-old woman presents to her primary care physician for a checkup. She has felt weaker lately and has lost some weight. She denies any urinary issues. Her BUN at her last visit 4 months ago was 45 mg/dL, and her creatinine was 2.0 mg/dL. Her laboratory studies this visit are seen below:

Hemo",B,B,True,B
198,A 28-year-old woman comes to the obstetrics and gynecology clinic because she has been unsuccessfully trying to conceive with her husband for the last 2 years. He has had 2 children from a previous marriage and has been tested for causes of male infertility. She has had prior abdominal surgery as we,D,C,False,C
199,A 2-year-old girl with recurrent urinary tract infections is brought to the physician for a follow-up examination. Renal ultrasound shows bilateral dilation of the renal pelvis. A voiding cystourethrography shows retrograde flow of contrast into the ureters during micturition. Histologic examination,C,C,True,C
200,An unconscious 55-year-old man is brought to the Emergency Department by ambulance. He had recently lost his job and his house was about to begin foreclosure. His adult children were concerned for his well being and called the police requesting a welfare check. He was found unresponsive in his gurag,A,A,True,A
201,"A 17-year-old girl comes to the physician because of an 8-month history of severe acne vulgaris over her face, upper back, arms, and buttocks. Treatment with oral antibiotics and topical combination therapy with benzoyl peroxide and retinoid has not completely resolved her symptoms. Examination show",B,D,False,D
202,"A 48-year-old female presents for a follow-up appointment to discuss her ultrasound results. She presented with a lump in her neck 2 weeks ago. On examination, a thyroid nodule was present; the nodule was fixed, immobile, and non-tender. Ultrasound showed a hypoechoic nodule with a size of 2 cm. His",C,B,False,B
203,A 39-year-old man presents to his primary care physician because he has been having severe headaches and fever for the last 2 days. He also says his right eyelid has been painlessly swelling and is starting to block his vision from that eye. He recently returned from a tour of the world where he vis,A,B,False,B
204,A 10-year-old Caucasian female with Turner's syndrome underwent an abdominal imaging study and was discovered that the poles of her kidneys were fused inferiorly. Normal ascension of kidney during embryological development would be prevented by which of the following anatomical structures?,B,A,False,A
205,"A 34-year-old woman is assaulted and suffers a number of stab wounds to her abdomen. Bystanders call paramedics and she is subsequently taken to the nearest hospital. On arrival to the emergency department, her vitals are T: 36 deg C, HR: 110 bpm, BP: 100/60, RR: 12, SaO2: 99%. A FAST and abdominal ",B,B,True,B
206,"Researchers are studying the inheritance pattern of mutations in the cystic fibrosis transmembrane regulator (CFTR) gene, the gene responsible for cystic fibrosis. It is believed that, in addition to the commonly found ΔF508 mutation, a novel mutation in this gene is found in a particular population",C,C,True,C
207,A 28-year-old woman returns to the clinic to follow up on a recent abnormal cervical biopsy that demonstrated cervical intraepithelial neoplasia (CIN) I. The patient is quite anxious about the implications of this diagnosis. Her physical examination is within normal limits. Her vital signs do not sh,A,A,True,A
208,"A clinical researcher is interested in creating a new drug for HIV patients. Darunavir has been particularly efficacious in recent patients; however, some have experienced an increased incidence of hyperglycemia. A new drug called DN501 is developed with the same mechanism of action as darunavir but",B,C,False,C
209,A 58-year-old white man with hypertension and type 2 diabetes mellitus comes to the physician because of a 3-month history of a painless lesion on his lower lip. He has smoked one pack of cigarettes daily for 20 years. He has worked as a fruit picker for the past 25 years. His current medications in,A,C,False,C
210,"An investigator is studying the effect of drug X on the retinoblastoma (Rb) gene on chromosome 13 in endometrial cells. Endometrial cells obtained from study participants are plated on growth media and the distribution of cell cycle phase is measured with flow cytometry. Drug X, which is known to ac",C,A,False,A
211,A 65-year-old man presents with painless swelling of the neck over the past week. He also says he has been having intermittent fevers and severe night sweats which require a change of bed sheets the next day. His past medical history is significant for human immunodeficiency virus (HIV) diagnosed 10,B,D,False,D
212,"In order to assess the feasibility and evaluate the outcomes of cerclage wiring as a supportive approach to osteosynthesis in femur fractures, a group of orthopedic surgeons studied 14 patients with primary and periprosthetic fractures of the thigh bone. Parameters such as patient demographic, type ",D,B,False,B
213,"A 67-year-old woman presents from home hospice with a change in her mental status. She has seemed more confused lately and is unable to verbalize her symptoms. Her temperature is 102°F (38.9°C), blood pressure is 117/65 mmHg, pulse is 110/min, respirations are 19/min, and oxygen saturation is 95% on",A,A,True,A
214,A 35-year-old female is brought to the emergency department after being found unconscious. The patient is found to have a blood glucose level of 35 mg/dL. Hgb A1c was found to be 5.1%. C-peptide level was found to be decreased. The patient returned to her baseline after glucose replacement. She stat,B,B,True,B
215,A 45-year-old man presents to the physician with complaints of increased urinary frequency and decreasing volumes for the past 2 months. He does not complain of any pain during urination. He is frustrated that he has to wake up 2 or 3 times per night to urinate even though he tried reducing the amou,C,A,False,A
216,"A 48-year-old woman with chronic tension headaches comes to the physician because of several episodes of bilateral flank pain and reddish urine within the past month. Current medications include aspirin, which she takes almost daily for headaches. Her temperature is 37.4°C (99.3°F) and her blood pre",D,A,False,A
217,A 37-year-old primigravid woman at 12 weeks' gestation comes to the emergency department because of vaginal bleeding and dull suprapubic pain for 3 hours. She has had spotting during the last 3 days. Her medications include folic acid and a multivitamin. She has smoked one pack of cigarettes daily f,C,B,False,B
218,"A 17-year-old female accidentally eats a granola bar manufactured on equipment that processes peanuts. She develops type I hypersensitivity-mediated histamine release, resulting in pruritic wheals on the skin. Which of the following layers of this patient's skin would demonstrate histologic changes ",D,D,True,D
219,"A 4-year-old girl is brought to the emergency department with a persistent cough, fever, and vomiting. The past year the child has been admitted to the hospital 3 times with pneumonia. For the past 1 week, the child has been experiencing thick purulent cough and says that her chest feels ‘heavy’. He",A,A,True,A
220,"A 48-year-old man seeks evaluation at a clinic with a complaint of breathlessness for the past couple of weeks. He says that he finds it difficult to walk a few blocks and has to rest. He also complains of a cough for the past 3 months, which is dry and hacking in nature. The medical history is rele",C,B,False,B
221,"A 2,300 g (5 lb) male newborn is delivered to a 29-year-old primigravid woman. The mother has HIV and received triple antiretroviral therapy during pregnancy. Her HIV viral load was 678 copies/mL 1 week prior to delivery. Labor was uncomplicated. Apgar scores were 7 and 8 at 1 and 5 minutes respecti",A,D,False,D
222,"A 60-year-old woman presents to a physician for worsening shortness of breath and increasing abdominal distention over the last 3 months. She says that the shortness of breath is worse on exertion and improves with rest. While she could previously walk to the nearby store for her groceries, she now ",C,B,False,B
223,"A 15-year-old girl comes to the physician because of episodic pelvic pain radiating to her back and thighs for 4 months. The pain occurs a few hours before her menstrual period and lasts for 2 days. She has been taking ibuprofen, which has provided some relief. Menses have occurred at regular 28-day",A,A,True,A
224,"A 25-year-old male is hospitalized for acute agitation, photophobia, and dysphagia. His parents report that he has been experiencing flu-like symptoms for one week prior to hospital admission. Five weeks ago, the patient was in Mexico, where he went on several spelunking expeditions with friends. Th",B,C,False,C
225,A 19-year-old Caucasian male presents to your office with hypopigmented skin. He undergoes a skin biopsy and is found to have an absence of melanocytes in the epidermis. Which of the following is the most likely diagnosis?,C,C,True,C
226,"A 51-year-old man presents for a routine check-up. He has no complaints. At his last annual visit, his physical and laboratory tests were unremarkable. His past medical history is significant for hypercholesterolemia, well managed with rosuvastatin, and hypertension, well managed with hydrochlorothi",C,B,False,B
227,"A 62-year-old woman is evaluated because of a 3-day history of headache, nausea, and decreased urination. Laboratory studies show:
Serum
Na+ 136 mEq/L
K+ 3.2 mEq/L
Cl- 115 mEq/L
Mg2+ 1.4 mEq/L
Urine
pH 7.0
Arterial blood gas analysis on room air shows a pH of 7.28 and a HCO3- concentration of 14 mEq",C,C,True,C
228,"A 21-year-old male presents to his primary care provider for fatigue. He reports that he graduated from college last month and returned 3 days ago from a 2 week vacation to Vietnam and Cambodia. For the past 2 days, he has developed a worsening headache, malaise, and pain in his hands and wrists. Th",A,B,False,B
229,"Three days after admission to the intensive care unit for septic shock and bacteremia from a urinary tract infection, a 34-year-old woman has persistent hypotension. Her blood cultures are positive for Escherichia coli, for which she has been receiving appropriate antibiotics since admission. She ha",D,D,True,D
230,"An 11-year-old child complains of pain in the leg while playing. Blood pressure in the upper limb is 140/90 mm Hg and lower limbs are 110/70 mm Hg. There is a brachiofemoral delay in the pulse. Auscultation shows a loud S1, loud S2, and S4. There is a presence of an ejection systolic murmur in the i",B,B,True,B
231,"A 59-year-old man comes to the emergency department because of excruciating left knee pain for 4 days. He underwent a total knee arthroplasty of his left knee joint 4 months ago. He has hypertension and osteoarthritis. Current medications include glucosamine, amlodipine, and meloxicam. His temperatu",A,C,False,C
232,"A 47-year-old man presents to the emergency department with fever, fatigue, and loss of appetite for 1 week, followed by right shoulder pain, generalized abdominal pain, and paroxysmal cough. He has had diabetes mellitus for 15 years, for which he takes metformin and gliclazide. His vital signs incl",C,A,False,A
233,"A 36-year-old recent immigrant from India presents with a face similar to that seen in the image A. Examination of his face reveals skin that is thick and contains many lesions. The patient complains that he has experienced a loss of sensation in his toes and fingertips, which has caused him to inju",A,A,True,A
234,"A 55-year-old man comes to the physician because of a 3-month history of a progressively growing mass in his axilla. During this period, he has had recurrent episodes of low-grade fever lasting for 7 to 10 days, and an 8-kg (18-lb) weight loss. His only medication is a multivitamin. Physical examina",C,D,False,D
235,"A 32-year-old man comes to the physician for a pre-employment examination. He recently traveled to Guatemala. He feels well but has not seen a physician in several years, and his immunization records are unavailable. Physical examination shows no abnormalities. Serum studies show:
Anti-HAV IgM Posit",A,B,False,B
236,"A 7-month-old male infant is brought to the pediatrician by his mother. She reports that the child develops severe sunburns every time the infant is exposed to sunlight. She has applied copious amounts of sunscreen to the infant but this has not helped the problem. On examination, there are multiple",A,A,True,A
237,A 65-year-old man presents to his primary care physician with a neck mass. He first noticed a firm mass on the anterior aspect of his neck approximately 4 months ago. The mass is painless and has not increased in size since then. He has also noticed occasional fatigue and has gained 10 pounds in the,B,C,False,C
238,"A group of researchers decided to explore whether the estimates of incidence and prevalence rates of systemic lupus erythematosus (SLE) were influenced by the number of years it took to examine administrative data. These estimates were not only based on hospital discharges, but also on physician bil",A,A,True,A
239,"A 48-year-old Caucasian female presents to her primary care physician for evaluation of progressive weakness and shortness of breath. She has had progressive shortness of breath over the last year with an intermittent non-productive cough. In addition, she complains of difficulty raising her arms to",A,C,False,C
240,"A 46-year-old man presents to the physician with a complaint of a cough for 6 months. He has been taking over-the-counter cough medications, but they have not helped much. He adds that he expectorated bloody sputum the previous night. He denies breathlessness but mentions that he frequently experien",D,D,True,D
241,A 41-year-old man presents to his primary care provider with abdominal pain. He says that the pain “comes and goes” throughout the day and usually lasts 20-30 minutes per episode. He can point to the spot 1-2 inches above the umbilicus where he feels the pain. He denies any feeling of regurgitation ,B,D,False,D
242,A 5-year-old female presents to the pediatrician for a routine office visit. The patient is in kindergarten and doing well in school. She is learning to read and is able to write her first name. Her teacher has no concerns. The patient’s mother is concerned that the patient is a picky eater and ofte,A,A,True,A
243," A 61-year-old man was started on rosuvastatin 40 mg 8 weeks ago and presents today for a follow-up. He complains of pain in his legs and general weakness. On physical exam, he has full range of motion of his extremities but complains of pain. His blood pressure is 126/84 mm Hg and heart rate is 74/",A,A,True,A
244,An unidentified surgical specimen is received for histopathologic analysis. A portion of the specimen is cut and stained with hematoxylin and eosin. The remainder is analyzed and is found to contains type II collagen and chondroitin sulfate. Which of the following structures is most likely the origi,D,B,False,B
245,"A 70-year-old woman is brought to the emergency department for the evaluation of abdominal pain, nausea, and vomiting for 1 day. Computed tomography shows a small bowel perforation. The patient is prepared for emergent exploratory laparotomy. She is sedated with midazolam, induced with propofol, int",C,C,True,C
246,"A 43-year-old man with a history of hepatitis C and current intravenous drug use presents with 5 days of fever, chills, headache, and severe back pain. On physical exam, temperature is 100.6 deg F (38.1 deg C), blood pressure is 109/56 mmHg, pulse is 94/min, and respirations are 18/min. He is thin a",A,A,True,A
247,"A 42-year-old man with AIDS comes to the physician for intermittent fever, nonproductive cough, malaise, decreased appetite, abdominal pain, and a 3.6-kg (8-lb) weight loss over the past month. He has not seen a doctor since he became uninsured 2 years ago. His temperature is 38.3°C (100.9°F). Abdom",D,B,False,B
248,"A 49-year-old woman comes to the physician for a scheduled colposcopy. Two weeks ago, she had a routine Pap smear that showed atypical squamous cells. Colposcopy shows an area of white discoloration of the cervix with application of acetic acid solution. Biopsy of this area shows carcinoma-in-situ. ",B,B,True,B
249,"A research group has developed a low-cost diagnostic retinal imaging device for cytomegalovirus retinitis in a population of HIV-infected patients. In a pilot study of 50 patients, the imaging test detected the presence of CMV retinitis in 50% of the patients. An ophthalmologist slit lamp examinatio",B,B,True,B
250,A 35-year-old woman is brought into the clinic by a concerned neighbor who says that the patient is often seen setting up bear traps all around her property because of an impending ‘invasion of the mole people.’ The patient has come to the clinic wearing a garlic necklace. She vaguely explains that ,A,A,True,A
251,A 71-year-old man complains of urinary hesitancy and nocturia of increasing frequency over the past several months. Digital rectal exam was positive for a slightly enlarged prostate but did not detect any additional abnormalities of the prostate or rectum. The patient’s serum PSA was measured to be ,B,B,True,B
252,"A 30-year-old man presents to his primary care provider complaining of drowsiness at work for the past several months. He finds his work as a computer programmer rewarding and looks forward to coming into the office every day. However, he often falls asleep during meetings even though he usually get",A,A,True,A
253,"A 40-year-old man comes to the physician for the evaluation of a painless right-sided scrotal swelling. The patient reports that he first noticed the swelling several weeks ago, but it is not always present. He has hypertension treated with enalapril. His father was diagnosed with a seminoma at the ",D,D,True,D
254,A 62-year-old man presents to the physician because of incomplete healing of a chest wound. He recently had a triple coronary artery bypass graft 3 weeks ago. His past medical history is significant for type 2 diabetes mellitus and hypertension for the past 25 years. Clinical examination shows the p,A,A,True,A
255,"The Kozak sequence for the Beta-globin gene has a known mutation which decreases, though does not abolish, translation of the Beta-globin mRNA, leading to a phenotype of thalassemia intermedia. What would the blood smear be expected to show in a patient positive for this mutation?",C,C,True,C
256,A 68-year-old man from California presents for a routine checkup. He does not have any complaints. He says that he has tried to keep himself healthy and active by jogging and gardening since his retirement at age 50. He adds that he spends his mornings in the park and his afternoons in his garden. H,C,C,True,C
257,"A routine newborn screening test for phenylketonuria in a male neonate shows a serum phenylalanine concentration of 44 mg/dL (N < 20). He is started on a special diet and the hyperphenylalaninemia resolves. At a routine well-child examination 4 months later, the physician notices that he has persist",D,A,False,A
258,"A 36-year-old nursing home worker presents to the clinic with the complaints of breathlessness, cough, and night sweats for the past 2 months. She further expresses her concerns about the possibility of contracting tuberculosis as one of the patients under her care is being treated for tuberculosis.",D,A,False,A
259,"A 23-year-old woman is referred to a genetic counselor. She is feeling well but is concerned because her brother was recently diagnosed with hereditary hemochromatosis. All first-degree relatives were encouraged to undergo genetic screening for any mutations associated with the disease. Today, she d",D,D,True,D
260,"A 16-year-old girl is brought to the emergency department with constant abdominal pain over the past 8 hours. The pain is in her right lower quadrant (RLQ), which is also where it began. She has had no nausea or vomiting despite eating a snack 2 hours ago. She had a similar episode last month which ",C,C,True,C
261,"A 30-year-old male presents to the emergency department with a complaint of abdominal pain. The patient states he was at a barbecue around noon. Lunch was arranged as a buffet without refrigeration. Within 2 to 3 hours, he had abdominal pain with 3 episodes of watery diarrhea. On exam, vital signs a",C,A,False,A
262,A 70-year-old man is brought to the emergency department by staff of the group home where he resides because of worsening confusion for the past week. He has a history of major depressive disorder and had an ischemic stroke 4 months ago. Current medications are aspirin and sertraline. He is lethargi,D,C,False,C
263,A 35-year-old woman presents with severe fear reactions to seeing dogs after moving into a new suburban neighborhood. She states that she has always had an irrational and excessive fear of dogs but has been able to avoid it for most of her life while living in the city. When she sees her neighbors w,C,D,False,D
264,A 45-year-old man arrives by ambulance to the emergency room after being involved in a very severe construction accident. The patient was found unconscious with a large metal spike protruding from his abdomen by a coworker who was unable to estimate the amount of time the patient went without medica,A,A,True,A
265,"A 76-year-old man with chronic obstructive pulmonary disease (COPD) presents complaining of 3 weeks of cough and progressive dyspnea on exertion in the setting of a 20 pound weight loss. He is a 60 pack-year smoker, worked as a shipbuilder 30 years ago, and recently traveled to Ohio to visit family.",D,B,False,B
266,"A 60-year-old man presents with a 2-day history of increasing difficulty in breathing with a productive cough. He reports having shortness of breath over the last 6 months, but he has felt worse since he contracted a cold that has been traveling around his office. Today, he reports body aches, heada",A,A,True,A
267,A 34-year-old male suffers from inherited hemophilia A. He and his wife have three unaffected daughters. What is the probability that the second daughter is a carrier of the disease?,D,B,False,B
268,A 76-year-old man is brought to his physician's office by his wife due to progressively worsening hearing loss. The patient reports that he noticed a decrease in his hearing approximately 10 years ago. His wife says that he watches television at an elevated volume and appears to have trouble underst,D,D,True,D
269,"A 13-year-old boy is brought to the emergency department by his mother because of a 6-hour history of severe eye pain and blurry vision. He wears soft contact lenses and has not removed them for 2 days. Ophthalmologic examination shows a deep corneal ulcer, severe conjunctival injection, and purulen",C,A,False,A
270,"A 31-year-old female patient complains of numbness and tingling in her left hand, weakness, difficulty with walking, dizziness, and bladder dysfunction. She said that about a year ago, she had trouble with her vision, and that it eventually recovered in a few days. On physical exam, bilateral intern",C,C,True,C
271,"A 22-year-old primigravida presents for a regular prenatal visit at 16 weeks gestation. She is concerned about the results of a dipstick test she performed at home, which showed 1+ glucose. She does not know  if her liquid consumption has increased, but she urinates more frequently than before. The ",B,D,False,D
272,A 9-month-old boy is brought to the physician by his mother because of intermittent watery diarrhea for several months. Pregnancy and delivery were uncomplicated. He was diagnosed with eczematous dermatitis at 3 months old. His height and weight are below the 5th percentile. Immunologic evaluation s,C,C,True,C
273,"A 57-year-old man comes to the physician because of a 3-week history of abdominal bloating and increased frequency of stools. He describes the stools as bulky, foul-smelling, and difficult to flush. He also has a 4-month history of recurrent dull upper abdominal pain that usually lasts for a few day",A,D,False,D
274,"A 67-year-old white man presents to his primary care provider for an annual examination. He notes a pink bump that has rapidly developed on his forehead over the last month. In the past, he has had significant sun exposure including multiple blistering sunburns. The physical examination reveals a 2 ",A,A,True,A
275,"A 56-year-old man presents to his primary care doctor with intermittent chest pain. He reports a 2-month history of exertional chest pain that commonly arises after walking 5 or more blocks. He describes the pain as dull, burning, non-radiating substernal pain. His past medical history is notable fo",A,A,True,A
276,"A 69-year-old male with a history of metastatic small cell lung carcinoma on chemotherapy presents to his oncologist for a follow-up visit. He has responded well to etoposide and cisplatin with plans to undergo radiation therapy. However, he reports that he recently developed multiple “spots” all ov",C,D,False,D
277,"A 60-year-old man with a history of osteoarthritis has been awaiting hip replacement surgery for 3 years. During his annual physical, he reports that he has been taking over the counter pain medications, but that no amount of analgesics can relieve his constant pain. Laboratory results reveal that h",D,D,True,D
278,A 62-year-old man presents to the emergency department with shortness of breath. The patient says he feels as if he is unable to take a deep breath. The patient has a past medical history of COPD and a 44-pack-year smoking history. The patient has been admitted before for a similar presentation. His,A,A,True,A
279,"A 76-year-old man is brought to the physician by his wife because of low back pain and weakness for the past 4 weeks. He says that the pain is sharp, radiates to his left side, and has a burning quality. He has had a cough occasionally productive of blood-streaked sputum for the past 2 months. He ha",B,A,False,A
280,"A 32-year-old man arrives to his primary care physician to discuss his fear of flying. The patient reports that he has had a fear of flying since being a teenager. He went on a family vacation 15 years ago, and during the flight there was turbulence and a “rough landing”. Since then he has avoided f",B,B,True,B
281,"A 75-year-old man presents to a medical clinic for evaluation of a large, tense, pruritic bulla on his inner thighs, abdomen, and lower abdomen. A skin biopsy is performed, which shows an epidermal basement membrane with immunoglobulin G (IgG) antibodies and linear immunofluorescence. Which of the f",C,C,True,C
282,A 16-year-old girl is brought to the physician by her father because of concerns about her behavior during the past 2 years. She does not have friends and spends most of the time reading by herself. Her father says that she comes up with excuses to avoid family dinners and other social events. She s,A,A,True,A
283,"Twelve hours after admission to the hospital because of a high-grade fever for 3 days, a 15-year-old boy has shortness of breath. During this period, he has had generalized malaise and a cough productive of moderate amounts of green sputum. For the past 10 days, he has had fever, a sore throat, and ",A,B,False,B
284,"An elderly man presents to his physician with complaints of difficulty breathing, easy fatigability, and bilateral leg swelling which began 2 months ago. His breathlessness worsens while walking, climbing the stairs, and lying flat on his back. He also finds it difficult to sleep well at night, as h",A,B,False,B
285,"A 30-year-old man presents to his primary care physician with complaints of excessive fatigue and weakness for the last several weeks. He also complains of abdominal pain and constipation for the same duration. On further questioning, he reports that he has lost 8 pounds in the last 2 weeks. Past me",C,D,False,D
286,A 27-year-old HIV positive female gave birth to a 7lb 2oz (3.2 kg) baby girl. The obstetrician is worried that the child may have been infected due to the mother's haphazard use of her anti-retroviral medications. Which of the following assays would a hospital use detect the genetic material of HIV ,C,C,True,C
287,A 53-year-old man presents to his physician’s office with a persistent cough which he has had over the last few months. He was diagnosed with chronic obstructive pulmonary disease (COPD) the previous year and since then has been on a short-acting β-agonist to help alleviate his symptoms. Since his d,A,A,True,A
288,"An 8-year-old boy is brought to the physician because of headaches for the past 2 weeks. His headaches tend to occur in the morning and are associated with nausea and vomiting. One month ago, the patient was admitted to the hospital because of fever, irritability, and neck rigidity, and he was succe",B,B,True,B
289,"A previously healthy 2-year-old boy is brought to the physician because of a 10-day history of unsteady gait, frequent falls, and twitching of the extremities. Physical examination shows bilateral saccadic eye movement in all directions and brief, involuntary muscle contractions of the trunk and lim",C,B,False,B
290,"In a study, 2 groups are placed on different statin medications, statin A and statin B. Baseline LDL levels are drawn for each group and are subsequently measured every 3 months for 1 year. Average baseline LDL levels for each group were identical. The group receiving statin A exhibited an 11 mg/dL ",B,C,False,C
291,A 32-year-old woman presents to the emergency department because she has a cord-like rash on her left calf that is red and painful to touch. She says that she has had multiple such lesions previously. Other medical history reveals that she has had 3 past spontaneous abortions at < 10 weeks of gestat,A,A,True,A
292,"A 28-year-old female visits her physician for workup of a new onset diastolic murmur found on physical examination. Past medical history is insignificant. Her temperature is 37.0 degrees C, blood pressure is 115/75 mm Hg, pulse is 76/min, and respiratory rate is 16/min. The patient denies dyspnea, f",C,B,False,B
293,"An 8-year-old girl presents to the emergency department with respiratory distress, facial edema, and a skin rash after eating a buffet dinner with her family. She was born at 39 weeks via spontaneous vaginal delivery, has met all developmental milestones and is fully vaccinated. Past medical history",A,A,True,A
294,"An investigator is studying the cell morphologies of the respiratory tract. He obtains a biopsy from the mainstem bronchus of a patient. On microscopic examination, the biopsy sample shows uniform squamous cells in layers. Which of the following best describes the histologic finding seen in this pat",A,A,True,A
295,"A 32-year-old female complains to her gynecologist that she has had irregular periods for several years. She has severe facial acne and dense black hairs on her upper lip, beneath her hairline anterior to her ears, and the back of her neck. Ultrasound reveals bilateral enlarged ovaries with multiple",A,B,False,B
296,"A 52-year-old fisherman presents to the clinic for an evaluation of a pigmented lesion on his neck. He states that he first noticed the lesion last year, but he believes that it has been slowly growing in size. Dermatopathology determines that the lesion contains neoplastic cells of melanocytic orig",A,A,True,A
297,"Two days after being admitted to the hospital following a fall, a 77-year-old woman complains of fatigue and headaches. During the fall she sustained a right-sided subdural hematoma. She has hypertension and hyperlipidemia. Her medications prior to admission were hydrochlorothiazide and atorvastatin",D,A,False,A
298,"An 18-month-old girl is brought to the pediatrician by her mother for vaginal bleeding. The mother states that she noticed the bleeding today, which appeared as brown discharge with clots in the patient’s diaper. The mother denies frequent nosebleeds or easy bruising. She also denies any known traum",D,D,True,D
299,A 72-year-old woman is admitted to the hospital for treatment of unstable angina. Cardiac catheterization shows occlusion that has caused a 50% reduction in the diameter of the left circumflex artery. Resistance to blood flow in this vessel has increased by what factor relative to a vessel with no o,B,B,True,B
300,"A 5-year-old boy is brought to the physician because of an irregular gait 3 days after receiving age-appropriate vaccinations. Examination of the lower extremities shows no redness or swelling. When the child stands on his right leg, his left leg drops and his pelvis tilts towards the left. Sensatio",D,A,False,A
301,"A 2-year-old boy is brought to the physician because of decreased appetite and abdominal pain for the last several weeks. Physical examination shows a well-appearing toddler with a palpable left-sided abdominal mass that does not cross the midline. A CT of the abdomen shows a large, necrotic tumor o",C,A,False,A
302,A 14-year-old boy is brought to the physician because of an increasing difficulty in hearing over the past several months. His mother says they have to speak at a higher volume for him to understand them. He also complains of having difficulty reading his favorite books because he is not able to see,A,A,True,A
303,"A 16-year-old female presents to her primary care physician due to lack of menstruation. She has never had a period and is anxious that she is not “keeping up” with her friends. She states that her breasts began developing when she was 13, and she had a growth spurt around the same time. Review of s",C,A,False,A
304,"A 35-year-old man presents to the emergency room due to shortness of breath that started an hour ago while playing football with some friends. He has had similar episodes in the past when he also had to be rushed to the hospital. Physical examination shows body temperature is 37.2°C (98.9°F), pulse ",A,A,True,A
305,"A 48-year-old homeless male is brought to the emergency department, by the police, for altered mental status. Past medical records are unavailable. A physical exam on admission reveals scleral icterus and a flapping tremor of the wrists during extension. The patient is admitted to the hospital and h",B,B,True,B
306,A 61-year-old man presents to his primary care provider complaining of abdominal pain and constipation. He reports a 4-day history of steady right lower quadrant pain. He has had one small bowel movement in 4 days. Normally he has a bowel movement once a day. His medical history is notable for poorl,C,C,True,C
307,"A 67-year-old man is brought to the emergency department with sudden onset of slurred speech. The patient’s eldest daughter says that he couldn’t move his arm during the episode. Past medical history is significant for hypertension and a hemorrhagic stroke 6 years ago, which was treated surgically. ",C,B,False,B
308,A 50-year-old man with congestive heart failure (CHF) was started on an experimental analog of atrial natriuretic peptide. Which of the following would he expect to experience?,C,C,True,C
309,"A 56-year-old man is brought to the emergency room after a motor vehicle accident. The patient’s vitals are as follows: blood pressure 80/40 mm Hg, heart rate 111/min, respiratory rate 39/min, and temperature 37.1°C (98.8℉). On physical examination, the patient is unconscious with a GCS of 9/15 and ",D,A,False,A
310,A group of researchers wants to evaluate how often the human immunodeficiency virus (HIV) is related to high-risk behaviors in female sex workers from their country. An additional aim is to evaluate the association between HIV acquisition and certain sociodemographic factors. The researchers collect,B,B,True,B
311,A 53-year-old man comes to the physician because of a 2-month history of multiple episodes of small amounts of blood in his stools. Examination shows pale conjunctivae. His hemoglobin concentration is 8.3 g/dL and mean corpuscular volume is 72μm3. Colonoscopy shows a 2.3-cm polypoid mass in the asce,C,C,True,C
312,"A 68-year-old female presents to her primary care physician with a 7-month history of fatigue and low back pain. Her pain is not improved by over the counter analgesics. Laboratory analysis is notable for a calcium level of 11.5 mg/dL, creatinine level of 2.0 mg/dL, and blood urea nitrogen level of ",B,C,False,C
313,"A 95-year-old woman who is a resident at a long term care facility, got up from her chair, tripped on a rug, and fell on her right knee. She could not get up without assistance and complained of severe pain in her right hip and buttock. The nurse who evaluated her tried to stand her up, but when the",B,B,True,B
314,"A 26-year-old woman comes to the clinic for an annual wellness examination. She is healthy with no prior history of significant illness. She exercises 3-4 times a week and eats a plant-based diet with no carbonated drinks. When asked if anything is bothering her, she reports that she has been having",A,D,False,D
315,"A 27-year-old woman was referred to a dermatology clinic due to a changing discoloration of her fingers from white to red to blue. Although she has not had any recent changes in her daily routines, she also complains of increasing fatigue, muscle weakness, and weight loss. She has a blood pressure o",A,A,True,A
316,"A 32-year-old woman presents to the physician because she feels depressed, has difficulty sleeping, has a poor appetite, and has had a problem concentrating for the past 3 months. During this time, she has also has had low energy and has lost interest in playing the guitar. During high school, the p",A,B,False,B
317,"A 52-year-old man comes to the physician for an annual physical examination. He reports that his vision has progressively improved over the past 6 months and he no longer needs the glasses he used while driving. He has hypertension and type 2 diabetes mellitus. Current medications include glyburide,",A,B,False,B
318,A 21-year-old woman presents to the emergency room with right arm pain and limited range of motion. She does not recall trauma to the arm. She also complains of diarrhea and nausea. She is sexually active with one male partner and admits to having pain during intercourse. There is vague and diffuse ,C,C,True,C
319,"A 22-year-old man presents to a psychiatrist complaining of mood fluctuations. He is accompanied by his mother who reports that the patient recently experienced a 5-day episode of minimal sleep and unusual levels of energy. The patient admits to spending $2,000 of his parent’s money, without asking,",A,A,True,A
320,A 32-year-old woman comes to the emergency department because a 5-week history of abdominal pain and bloody diarrhea that has worsened in the past 24 hours. She was diagnosed with ulcerative colitis 1 year ago but has had difficulty complying with her drug regimen. Her temperature is 38.2°C (100.8°F,C,A,False,A
321,A 55-year-old man recovering from knee replacement surgery complains of breathlessness in the postoperative ward. He has been confined to bed for the past 5 days and is under observation. He felt a sudden difficulty in breathing and called for the ward nurse. He says that he is unable to take deep b,A,A,True,A
322,"A 62-year-old man is brought to his primary care physician by his wife who is concerned about the patient's frequent falls. Approximately 6 months ago, she started noticing that he was walking more slowly than usual. He has fallen more than 6 times in the past month, and she is worried that he will ",C,D,False,D
323,"A 16-month-old boy is brought to the physician by his mother for a regular check-up. His mother says that he has not yet begun to walk. He is exclusively breastfed. He is at the 20th percentile for length, 10th percentile for weight, and 50th percentile for head circumference. Physical examination s",C,B,False,B
324,"A 55-year-old man is brought to the emergency department with altered mental status. The patient is in acute distress and cannot provide history due to disorientation. Temperature is 38.7°C (101.6°F), blood pressure is 80/50 mm Hg, pulse is 103/min, respiratory rate is 22/min, and BMI is 20 kg/m2. O",A,A,True,A
325,"A 31-year-old woman comes to the physician because of a 5-month history of intermittent flank pain. Over the past 2 years, she has had five urinary tract infections. Her blood pressure is 150/88 mm Hg. Physical examination shows bilateral, nontender upper abdominal masses. Serum studies show a urea ",B,B,True,B
326,A 39-year-old African-American woman presents to the emergency room with hip pain. She has a past medical history significant for sarcoidosis which was recently diagnosed 6 months ago and is currently being treated. She reports that the pain started 2 weeks ago and is localized to the left hip and g,A,A,True,A
327,"A 22-year-old man from Nepal presents to the emergency department complaining of swelling and pain in his right testicle. The patient states that he just arrived in the United States to live with his wife, with whom he is monogamous. The patient denies painful urination or urethral discharge, but ad",A,C,False,C
328,"A 27-year-old woman, gravida 2, para 1, at 40 weeks' gestation is admitted to the hospital in active labor. The patient reports severe pelvic pain. Pregnancy has been complicated by gestational diabetes. Pregnancy and delivery of her first child were uncomplicated. Current medications include insuli",A,A,True,A
329,"A 57-year-old woman is brought to the emergency department by ambulance for dysarthria and left-sided facial droop. She is accompanied by her son, who states that the patient had just returned home an hour ago from walking the dog when suddenly the patient stated she felt “strange.” When her son ask",B,A,False,A
330,"A 58-year-old male is hospitalized after sustaining multiple fractures in a severe automobile accident. Soon after hospitalization, he develops respiratory distress with crackles present bilaterally on physical examination. The patient does not respond to mechanical ventilation and 100% oxygen and q",B,B,True,B
331,"A 6-year-old African American boy is referred to the hospital by his family physician for jaundice, normocytic anemia, and severe bone pain. He has a history of several episodes of mild bone pain in the past treated with over the counter analgesics. On physical examination, the child is icteric with",B,B,True,B
332,"A 55-year-old man presents to the emergency department with complaints of nausea, vomiting, palpitations, and dizziness, which have lasted for the past 3 hours. He was diagnosed with heart failure 1 year ago. During his last visit to his primary care physician, he was doing well and the lab results ",D,A,False,A
333,"A 36-year-old man is brought to the emergency department 25 minutes after being involved in a high speed motor-vehicle collision in which he was an unrestrained passenger. He has acute myeloid leukemia and is currently receiving chemotherapy. On arrival, his temperature is 37°C (98.6°F), pulse is 63",D,D,True,D
334,"A 51-year-old woman was recently diagnosed with type II diabetes. Due to the cumulative effects of diabetes, various health screenings and vaccinations are routinely recommended. Which of the following vaccinations or screening measures are recommended in patients with diabetes?",B,B,True,B
335,A 23-year-old man presents with sudden loss of consciousness while pitching in a baseball game. There is no history of injury. Consciousness is regained after cardiopulmonary resuscitation. Past medical history is negative for any neurological and cardiovascular problems. Physical examination reveal,A,A,True,A
336,"A 39-year-old man is brought to the emergency department unconscious following 2 episodes of generalized tonic-clonic seizures. According to the attendants, he has complained of recurrent headaches for the past 2 weeks. There is no history of fever, head trauma, or a seizure disorder. The patient do",A,B,False,B
337,"A 22-year-old woman from a rural area who recently discovered she was pregnant is referred for a cardiology consultation due to cyanosis, dyspnea, and a cardiac murmur revealed at the initial prenatal visit. She is gravida 1, para 0 with an estimated gestational age of 19 weeks. She says that the mu",B,D,False,D
338,A 25-year-old man with a past medical history of constipation and fibromyalgia presents to the emergency department with generalized malaise and severe diarrhea. The patient states that he has not felt well for the past 24 hours and his symptoms are no longer tolerable. He denies taking any medicati,A,C,False,C
339,"A 45-year-old woman presents to the clinic with her husband to discuss her most recent problem. She and her husband recently bought a new house in the area. While cleaning the house, they discovered a nest of spiders. She reports blacking out and waking up outside the house with a bandage on her arm",A,A,True,A
340,"A 67-year-old man is brought to the physician because of increasing forgetfulness, unsteadiness, and falls over the past year. He reports that these symptoms seem to worsen with each fall. Initially, he could not remember directions to his home but now cannot remember recent conversations or appoint",D,A,False,A
341,"A 28-year-old primigravid woman at 39 weeks gestation is admitted to the hospital in active labor. On examination, the cervix is 100% effaced and 10 cm dilated. After 5 minutes of pushing, there is a prolonged deceleration of the fetal heart rate to 90/min. A decision to perform an episiotomy is mad",B,B,True,B
342,"A 55-year-old woman with a history of HIV presents to the emergency department with progressive dyspnea, fever, and dry cough for the past 4 days. She has not been compliant with antiretroviral or prophylactic medication. On evaluation, the patient is in moderate respiratory distress. The temperatur",C,C,True,C
343,A 22-year-old woman with polycystic ovarian syndrome comes to the emergency department because of a 1-day history of left lower abdominal pain that began suddenly while she was running. Her last menstrual period was 2 weeks ago. Physical examination shows tenderness to palpation over the left adnexa,A,A,True,A
344,A 47-year-old woman comes to the physician for a follow-up examination. She has noticed trembling of her hands for the past 5 months. These movements are only present when she reaches to pick up an object or answer the phone. She has a history of major depressive disorder but has been off medication,A,B,False,B
345,"A 52-year-old man comes to the physician because of generalized pruritus and raised, erythematous plaques on the skin over his hands, chest, and legs for 6 hours. He reports having clear liquid discharge from his nose and sneezing. He says that his symptoms began suddenly the previous night, 30 minu",B,A,False,A
346,"A 19-year-old man in a 3-month relationship with a woman experiences frequent sexual fantasies about male coworkers. He lives in a conservative community and does not know any openly gay men. Two days ago, he joined a local group considered by many organizations to be a hate group. Together with the",B,B,True,B
347,"A 66-year-old woman presents to her primary care provider with several days of left flank pain radiating to the abdomen and groin. The patient states that she has noticed a pink tinge to her urine as well. Of note, she has not had any fevers, but endorses several months of fatigue and constipation. ",A,A,True,A
348,A 23-year-old woman presents to her psychiatrist concerned about her mood. She has felt tired and unwilling to engage in any activities lately. She states that her limbs feel heavy all the time and that completing any activity takes tremendous effort. She no longer finds any happiness in activities ,C,C,True,C
349,"A 16-year-old patient presents to the physician’s office with an absence of menstruations. Her last period was 6 months ago. Since almost a year and a half ago, she intentionally restricted her diet at the expense of carbohydrates, exercised intensively, and lost 18.0 kg (39.7 lb). She had her menar",B,A,False,A
350,A 7-year-old girl is brought to the emergency department with a 10-day history of fever and sore throat that acutely worsened over the past 2 days. Her sore throat is worse on the right side. She has difficulty swallowing and opening her mouth due to pain. She has also noticed a change in the qualit,B,A,False,A
351,"A 26-year-old nurse comes to the physician because of a 2-month history of fatigue. She has had a lot of stress at work and has been on sick leave for 2 weeks, but states that she would like to return to work. She has had several episodes of lower abdominal pain. She says, """"I know I have cancer."""" ",A,A,True,A
352,"Five days after undergoing an emergency appendectomy under general inhalational anesthesia while on a trip to Haiti, a 43-year-old woman develops low-grade fever, vomiting, and abdominal pain. During the surgery, she received a transfusion of 1 unit of packed red blood cells. Three days after the su",A,B,False,B
353,A 56-year-old woman comes to the physician because of a 2-week history of fatigue and painless bruising over her arms and trunk. She has also had several episodes of nosebleeds that resolved with compression after a few minutes. She recently completed treatment for a urinary tract infection. She has,B,B,True,B
354,"A 35-year-old man returns to the clinic to follow up for his chronic stomach pain. At the last visit a few months ago, he explained that he had been experiencing discomfort in his upper abdomen for awhile. He had never vomited up any blood and had not had any substantial weight loss. He did not take",C,C,True,C
355,"A 32-year-old G1P1 patient presents to her obstetrician after having a positive pregnancy test at home. She reports that she and her husband had been trying to have a child for the past three months. She has no history of sexually transmitted disease, intravenous drug use, or blood transfusions, and",A,A,True,A
356,A 29-year-old man is referred by his marriage counselor to the outpatient psychiatry clinic. The patient’s wife is with him and states that her husband is always complaining and critical of others. He was recently fired from his job to which he claims that his boss was jealous of his hard work. He a,A,A,True,A
357,"A 24-year-old man is brought to the emergency department by the police. He was found unconscious and covered in bruises outside of a local bar. The patient has a past medical history of polysubstance abuse, depression, multiple suicide attempts, neuropathic pain, and schizophrenia. As part of the pa",D,B,False,B
358,A 3-year-old girl is brought to the emergency department by her parents for an acute arm injury. The mother reports that they were walking in the park and the patient’s dad was swinging the patient in the air by her arms. The dad reports he then heard a click and the patient immediately began to cry,B,B,True,B
359,A 40-year-old male presents to your office complaining that he is too weak to climb stairs or brush his hair. He denies any headaches or change in vision. A muscle biopsy reveals CD8+ lymphocyte infiltration in the endomysium. Which of the following is the most likely diagnosis?,C,C,True,C
360,"A 6-month-old boy presents to his pediatrician for a wellness examination. The mother reports that her child has difficulty rolling from his back to his front and sitting unsupported. The patient is able to smile and furrow his brow normally, but she has noticed that he has a weak cry and suck. He w",A,A,True,A
361,"A 6-day-old male newborn is brought to the physician because he has become increasingly irritable and restless over the past 2 days. During this period, he has had 12 bowel movements. He feeds 10 to 12 times a day. He was born at 38 weeks' gestation and weighed 1800 g (3 lb 15 oz); he currently weig",A,A,True,A
362,"A previously healthy 29-year-old man comes to the emergency department because of burning with urination for several days. He has also had pain in the right ankle for 3 days and pain and swelling in the left knee for 1 day. Two weeks ago, he had several days of fever and bloody diarrhea, for which h",D,B,False,B
363,"A 36-year-old woman comes to the physician because of a painless lump on her neck for 3 months that has increased in size. She appears healthy. Examination shows a 2.5-cm (1-in) firm, irregular swelling on the left side of the neck that moves with swallowing. There is painless cervical lymphadenopat",C,C,True,C
364,"A 34-year-old man currently staying at an addiction center presents to the staff psychiatrist with diarrhea and painful muscle cramps. He has been discontinuing heroin over the last month as part of his treatment plan. He is HIV positive, hepatitis B (HBV) positive, and was recently treated for an i",A,A,True,A
365,"A 26-year-old man presents to his physician with a history of diarrhea and vomiting for the past 24 hours. On physical examination, his temperature is 36.9ºC (98.4ºF), pulse rate is 110/min, blood pressure is 102/74 mm Hg, and respiratory rate is 16/min. A resident working under the physician plots ",C,D,False,D
366,A 28-year-old female comes to the physician’s office with a complaint of episodic chest pain. She describes the pain as squeezing and tightness in her chest. This pain has been happening every few days for 3 months. She says there is no association of the pain with food or exercise. She is able to c,A,A,True,A
367,"A 22-year-old gravida 1 presents to her physician at 15 weeks gestation for a prenatal appointment. She complains of a rash involving her chest, face, and arms, a watery nasal discharge, and mild bilateral knee pain. She has had these symptoms for about 5 days. The symptoms do not seem to bother her",D,B,False,B
368,"A 20-year-old woman presents with vaginal discharge, pruritus, and painful micturition for the past 5 days. She is sexually active with multiple partners and admits to using barrier protection inconsistently. Her last menstrual period was 2 weeks ago. The patient denies any fever, chills, abdominal ",C,B,False,B
369,"A 47-year-old female undergoes a thyroidectomy for treatment of Graves' disease. Post-operatively, she reports a hoarse voice and difficulty speaking. You suspect that this is likely a complication of her recent surgery. What is the embryologic origin of the damaged nerve that is most likely causing",D,B,False,B
370,A 15-year-old boy with poorly controlled asthma presents to the emergency room complaining of severe shortness of breath. His mother reports that he had trouble breathing soon after he started playing soccer with some friends and was unable to use his inhaler as it was empty. His family history is n,D,C,False,C
371,"A 55-year-old man presents with a 2-month history of an increasing sensation of fullness in the upper left side of his abdomen. He complains of increasing fatigue and dyspnea. He has no history of serious illness and takes no medications. His temperature is 36.7°C (98.1°F), pulse is 90/min, respirat",A,A,True,A
372,"A 57-year-old man presents to the emergency department with confusion. His symptoms started a few days ago and have been gradually worsening. Initially, the patient had a fever and a cough which has progressed to abdominal pain, diarrhea, and confusion. His temperature is 102°F (38.9°C), blood press",D,D,True,D
373,A 45-year-old man presents to the physician because of a 1-day history of progressive pain and blurry vision in his right eye. He is struggling to open this eye because of the pain. His left eye is asymptomatic. He wears contact lenses. He has bronchial asthma treated with inhaled salbutamol. He wor,D,A,False,A
374,"A 50-year-old man presents to his physician with chronic cough, aching joints in his hips and lower back, and malaise over the past 2 months. He describes himself as being “generally healthy” before the cough began. Past medical history includes hypertension. The patient takes clopamide and a multiv",D,D,True,D
375,"A 22-year-old man with sickle cell disease is brought to the emergency room for acute onset facial asymmetry and severe pain. He was in school when his teacher noted a drooping of his left face. His temperature is 99.9°F (37.7°C), blood pressure is 122/89 mmHg, pulse is 110/min, respirations are 19/",B,B,True,B
376,"A 3-month-old girl is brought to the physician because of a productive cough for 5 days. Over the past month, she has had several episodes of watery stools. She is exclusively breastfed every 3–4 hours for 15–20 minutes. She was delivered vaginally at 38 weeks' gestation at home and has not yet been",D,C,False,C
377,"A 30-year-old primigravid woman at 22 weeks' gestation is brought to the emergency department by her husband for lethargy, nausea, and vomiting for 4 days. This morning she became drowsy. She returned from a business trip to Sudan 3 weeks ago. She denies eating any seafood while traveling. Medicatio",D,A,False,A
378,A 36-year-old man is brought to the emergency department because of multiple episodes of nonbilious emesis for 3 days. The vomitus consists of undigested food and he has also had dark brown emesis twice today. He has been having early satiety during this period. He has had progressive severe episodi,A,C,False,C
379,"A 52-year-old man is brought to the emergency department because of worsening shortness of breath for 6 hours. For the past 5 days, he has had intermittent stabbing pain in the middle of his chest that worsens with lying down or taking deep breaths. He has also had a runny nose and a dry cough for t",C,A,False,A
380,"A 70-year-old obese male presents to the emergency department with shortness of breath and cough of sudden onset. The patient states that his symptoms came on while he was sleeping. The patient has a past medical history of type II diabetes and is currently taking lisinopril, metformin, insulin, and",B,A,False,A
381,"A 23-year-old woman is seen by her primary care physician for fatigue. She says that she has always felt a little short of breath compared to her friends; however, she did not think that it was abnormal until she started trying a new exercise regimen. On physical exam, she is found to have mild conj",C,D,False,D
382,"A 32-year-old woman comes to the physician because she feels depressed, has difficulty sleeping, a poor appetite, and low concentration for the past 3 months. During this time, she has also had low energy and lost interest in playing the guitar. During high school, the patient went through similar e",C,D,False,D
383,"A 5-month-old boy is brought to the physician with a 3-day history of fever and cough. His mother reports that he has had multiple episodes of loose stools over the past 3 months. He has been treated for otitis media 4 times and bronchiolitis 3 times since birth. He was born at 37 weeks' gestation, ",A,A,True,A
384,"Six days after undergoing an aortic valve replacement surgery, a 68-year-old woman has bluish discolorations around the peripheral intravenous catheters and severe right leg pain. She has a history of hypertension and major depressive disorder. She drinks 3 beers daily. Current medications include h",D,A,False,A
385,A 55-year-old man with chronic hepatitis B virus infection comes to the physician because of generalized fatigue and a 5.4 kg (12 lb) weight loss over the past 4 months. Physical examination shows hepatomegaly. Laboratory studies show an α-fetoprotein concentration of 380 ng/ml (N < 10 ng/mL). A CT ,D,D,True,D
386,A 28-year-old woman with no significant past medical history presents to her primary care physician with increased menstrual bleeding over the past three months. She also notes easy bruising and bleeding from her gums when brushing her teeth. She is sexually active with multiple partners and has no ,C,A,False,A
387,"A 6-year-old boy is brought in by his parents to a pediatrician’s office for persistent fever. His temperature has ranged from 38.6°C–39.5°C (101.5°F–103.1°F) over the past week. He was diagnosed with a gene defect on chromosome 7, which has caused dysfunction in a transmembrane protein. This defect",B,C,False,C
388,"An 8-week-old male presents with his mother to the pediatrician for a well visit. The patient has been breastfed since birth, and usually feeds for 30 minutes every 2-3 hours. The patient’s mother is concerned that her milk production is not keeping up with the patient’s nutritional requirements. Sh",C,C,True,C
389,"A 27-year-old gentleman is brought into the ED after being stabbed in the back by a knife. In addition to the pain from the wound, he complains of weakness in his left leg. Upon physical examination you find that he has no other visible injuries; however, he has 2/5 strength in the left lower extrem",D,C,False,C
390,"A 58-year-old African American man presents for his yearly wellness visit. He says he has been unsuccessful at losing weight and would like help. His last colonoscopy was 8 years previously, which was normal. Past medical history is significant for obstructive sleep apnea (OSA) and hypertension. Cur",A,A,True,A
391,"A 34-year-old patient is brought to the emergency room after a motor vehicle accident. An EKG shows sinus tachycardia and chest radiograph reveals an enlarged cardiac silhouette. While observing sinus tachycardia on the patient's telemetry, you note that the radial pulse cannot be palpated during in",A,A,True,A
392,"A previously healthy 60-year-old man comes to his physician because of progressively worsening shortness of breath for the past 2 months. He does not experience shortness of breath at rest. He also occasionally has a dry cough. He has not had fever, chills, or night sweats. He has smoked a pack of c",C,C,True,C
393,"A 29-year-old G1P0 woman is giving birth at 38 weeks gestation to a  boy via vaginal delivery. As soon as the infant is clear of the vagina, a congenital malformation of the abdomen is observed. The infant is removed from the delivery room for further evaluation. Visual inspection shows loops of int",A,D,False,D
394,"A 54-year-old woman presents with fatigue, malaise, and shortness of breath over the past 5 months. Past medical history is significant for rheumatoid arthritis diagnosed 23 years ago for which she takes naproxen as needed. Her vital signs include: temperature 36.9°C (98.4°F), blood pressure 135/88 ",C,C,True,C
395,A six-year-old boy with a history of asthma currently uses an albuterol inhaler as needed to manage his asthma symptoms. His mother brings him into your office because she feels she has had to increase the patient’s use of his inhaler to four times per week for the past month. She also reports that ,B,B,True,B
396,"A 25-year-old woman comes to the office complaining of pelvic pain and feeling “off” for the past few weeks. She has not had any changes in diet or lifestyle but reports weight loss despite an increase in appetite. In addition, she has been experiencing chest palpitations, increased frequency of dia",D,B,False,B
397,"An otherwise healthy 15-year-old boy presents to the emergency department with extreme fatigue and shortness of breath. His temperature is 36.5°C (97.7°F), the blood pressure is 100/60 mm Hg and the pulse is 100/min. Past medical history is noncontributory and he takes no medication. His father and ",A,B,False,B
398,"A 65-year-old male presents to the emergency department from his home complaining of dyspnea. He is alert and oriented. The following arterial blood gas readings are drawn: pH: 7.33 (Normal: 7.35-7.45), pCO2: 70 mmHg (Normal: 35-45 mmHg), HCO3 33 (Normal: 21-26 mEq/L) Which of the following is most ",D,D,True,D
399,"A 23-year-old man is admitted to the hospital with fever, chest discomfort, tachypnea, pain, needle-like sensations in the upper extremities, and profuse sweating. He also complains of a gradual decrease in vision over the past 3 months. He is a bodybuilding competitor and has a competition coming u",B,B,True,B
400,"A 23-year-old woman comes to the physician because of progressive fatigue and painful swelling of her right knee for 3 weeks. She works as a professional ballet dancer and says, “I'm always trying to be in shape for my upcoming performances.” She is 163 cm (5 ft 4 in) tall and weighs 45 kg (99 lb); ",B,A,False,A
401,A 24-year-old woman comes to the physician because she had unprotected intercourse with her boyfriend the previous day. She has had regular menses since menarche at the age of 12. Her last menstrual period was 3 weeks ago. She has no history of serious illness but is allergic to certain jewelry and ,C,A,False,A
402,A 27-year-old woman with a history of bipolar disorder presents for a 3-month follow-up after starting treatment with lithium. She says she has been compliant with her medication but has experienced no improvement. The patient has no other significant past medical history and takes no other medicati,A,A,True,A
403,"A 6-year-old boy is brought to the physician by his mother because of a 6-month history of mild episodic abdominal pain. The episodes occur every 1–2 months and last for a few hours. The pain is located in the epigastrium, radiates to his back, and is occasionally associated with mild nausea. His mo",D,A,False,A
404,"A healthy, full-term 1-day-old female is being evaluated after birth and is noted to have a cleft palate and a systolic ejection murmur at the second left intercostal space. A chest radiograph is obtained which reveals a boot-shaped heart and absence of a thymus. An echocardiogram is done which show",A,B,False,B
405,"A 58-year-old male with a history of obesity and hypertension presents to his primary care physician for a follow-up visit. He reports that he feels well and has no complaints. He currently takes hydrochlorothiazide. His temperature is 98.6°F (37°C), blood pressure is 135/80 mmHg, pulse is 86/min, a",A,D,False,D
406,"A 54-year-old man presents with the acute onset of seizures and hallucinations. The patient’s wife says that he had been on a camping trip a few months earlier to study bats but otherwise has not traveled recently. Past medical history is significant for hypertension, managed medically with hydralaz",B,A,False,A
407,A 60-year-old female patient with a history of hypertension presents to an outpatient office for regular check-up and is found to have hypertriglyceridemia. Her physician prescribes high-dose niacin and recommends taking the medication along with aspirin. The side effect the physician is trying to a,B,A,False,A
408,"A 42-year-old man comes to the physician after elevated liver function tests were found after a routine screening. He has had occasional headaches over the past year, but otherwise feels well. The patient reports that he was involved in a severe car accident 30 years ago. He does not smoke or drink ",A,A,True,A
409,A 44-year-old woman with hypothyroidism comes to the physician because of a 1-month history of tingling in her feet and poor balance. Her only medication is levothyroxine. Physical examination shows conjunctival pallor and an ataxic gait. Proprioception and sense of vibration are decreased in her to,C,C,True,C
410,"A 26-year-old female complains of frequent, large volume urination. This negatively affects her sleep, as she has to frequently wake up at night to urinate. She also complains of increased thirst. Her past medical history is significant for bipolar disorder that is treated with lithium for 3 years. ",C,A,False,A
411,"An 8-year-old girl presents to her pediatrician with intensely pruritic lesions over her buttocks, as shown. These lesions occur intermittently but have worsened over time. Her medical history is remarkable for iron deficiency, for which she is on ferrous sulfate. The patient has also experienced in",B,B,True,B
412,"A 64-year-old man comes to the emergency department because of a 2-day history of lower back pain, fever, and chills. He has had nausea but no vomiting during this time. He has hypertension, chronic kidney disease, and type 2 diabetes mellitus. Three months ago, he underwent amputation of his left t",A,A,True,A
413,"A 56-year-old man with a history of pancreatic cancer presents to the surgical intensive care unit following a pancreaticoduodenectomy. Over the next 3 days, the patient's drainage output is noted to exceed 1 liter per day. In the early morning of postoperative day 4, the nurse states that the patie",A,A,True,A
414,"A 46-year-old woman comes to the physician because of a 3-day history of diarrhea, moderate abdominal pain, and weakness. Her symptoms began on the return flight from a 2-week yoga retreat in India, where she stayed at a resort. She was mildly nauseous as she boarded the flight, and diarrhea followe",D,A,False,A
415,"A research group has created a novel screening test for a rare disorder. A robust clinical trial is performed in a group of 100 subjects comparing the new screening test against the gold standard. The results are given in the table below:
Screening test\gold standard Disease present Disease absent
P",D,D,True,D
416,"A 25-year-old woman presents to her new family physician for a follow-up appointment. She previously presented with itching, as well as frequent and painful urination. A vaginal swab was taken and sent to the laboratory to confirm the diagnosis. Diplococci were seen on Gram stain and were grown on T",C,C,True,C
417,"A 55-year-old woman with papillary thyroid carcinoma underwent total thyroidectomy. She has no significant medical history. On postoperative day 1, she develops perioral numbness and a tingling sensation, along with paresthesia of the hands and feet. The physical examination reveals that she is anxi",A,D,False,D
418,A 16-year-old boy is brought to the physician by his parents for the evaluation of fatigue for several weeks. The parents report that their son quit doing sports at school because of low energy. The patient's academic performance has declined recently. He spends most of his time in the basement play,C,C,True,C
419,"A 78-year-old man is brought to the emergency department because of a 1-day history of painful enlarging bruises and skin ulceration over his thighs and external genitalia. He has type 2 diabetes mellitus, mitral regurgitation, and atrial fibrillation. Three days ago, he was started on treatment wit",B,C,False,C
420,"A 15-year-old boy is brought to the physician for evaluation of a learning disability. His teachers have reported hyperactivity during class, difficulties with social interaction, and poor scores on reading and writing assessments. Molecular analysis shows an increased number of CGG trinucleotide re",B,B,True,B
421,"A 65-year-old woman presented to the emergency room due to progressive dyspnea. She is a known hypertensive but is poorly compliant with medications. The patient claims to have orthopnea, paroxysmal nocturnal dyspnea, and easy fatigability. On physical examination, the blood pressure is 80/50 mm Hg.",C,B,False,B
422,"A 49-year-old woman is brought to the emergency department with progressive dyspnea and cough which she developed approx. 8 hours ago. 2 weeks ago she had a prophylactic ovariectomy because of a family history of ovarian cancer. She is known to have type 2 diabetes mellitus and stage 1 hypertension,",A,A,True,A
423,A 27-year-old woman presents to the emergency department with acute onset bloody diarrhea. The patient has had severe abdominal pain throughout her entire life with occasional episodes of bloody diarrhea. She has recently lost 7 pounds and has felt generally ill for the past 2 days. She has a past m,D,A,False,A
424,A 45-year-old Caucasian male presents to a gastroenterologist complaining of heartburn and difficulty swallowing. He recalls that he has been told by his primary care physician that he suffers from gastroesophageal reflux disease (GERD). The gastroenterologist decides to perform an upper endoscopy w,C,C,True,C
425,A 16-year-old female patient with a history of mental retardation presents to your clinic with her mother. The mother states that she wants her daughter to have a bilateral tubal ligation after she recently discovered her looking at pornographic materials. She states that her daughter is not capable,C,B,False,B
426,A 51-year-old man presents to his primary care provider complaining of malaise. He returned from a research trip to Madagascar 2 weeks ago and has since developed a worsening fever with a maximum temperature of 102.2°F (39°C). He also reports some swelling around his neck and groin. He works as a zo,B,B,True,B
427,"A 45-year-old African-American male presents to the family medicine physician to assess the status of his diabetes. After reviewing the laboratory tests, the physician decides to write the patient a prescription for miglitol and states that it must be taken with the first bite of the meal. Which of ",B,B,True,B
428,"A previously healthy 24-year-old man comes to the physician 1 day after the onset of burning pain, swelling, and multiple blisters over the left index finger. He works as a dental assistant and is concerned about not being able to work. The patient wonders if the symptoms might be related to a hunti",A,A,True,A
429,"A 63-year-old man presents to the ambulatory medical clinic with symptoms of dysphagia and ‘heartburn’, which he states have become more troublesome over the past year. His past medical history is significant for hypertension and GERD. He takes lisinopril for hypertension and has failed multiple dif",D,D,True,D
430,"A 63-year-old man is admitted to the intensive care unit for hemodynamic instability. Several days prior, he had been swimming in the Gulf coast when he stepped on a sharp rock and cut his right foot. Three days ago, the patient presented to the emergency room after noticing painful redness spreadin",A,A,True,A
431,A 24-year-old female presents to the emergency department with a chief complaint of an inability to urinate. She states that this has been one of many symptoms she has experienced lately. At times she has had trouble speaking and has noticed changes in her vision however these episodes occurred over,B,D,False,D
432,A 54-year-old woman is brought to the physician by her brother for confusion and agitation. She is unable to personally give a history. Her brother says she has a problem with alcohol use and that he found an empty bottle of vodka on the counter at her home. She appears disheveled. Her temperature i,A,A,True,A
433,"An 18-year-old woman makes an appointment with a gynecologist for her first gynecologic examination. She did not disclose her past medical history, but her sexual debut occurred with her boyfriend 3 weeks ago. She is now complaining of a yellow-green, diffuse, malodorous vaginal discharge that she n",C,C,True,C
434,"A 70-year-old man is brought to the physician by his daughter because of increasing forgetfulness over the past 3 years. Initially, he used to forget his children's names or forget to lock the house door. During the past year, he has gotten lost twice while returning from the grocery store and was u",B,B,True,B
435,"A 45-year-old mechanic presents to the emergency department complaining of acute-onset shortness of breath while repairing a plowing tractor for his neighbor. The patient denies having any history of asthma or respiratory symptoms, and does not smoke. His temperature is 99.8°F (37.7°C), pulse is 65/",C,C,True,C
436,A 3-year-old male is brought in to his pediatrician by his mother because she is concerned that he is not growing appropriately. Physical examination is notable for frontal bossing and shortened upper and lower extremities. His axial skeleton appears normal. He is at the 7th percentile for height an,C,C,True,C
437,"A 59-year-old woman comes to the physician 2 weeks after noticing a lump in her left breast. Examination of the left breast shows a firm, nontender mass close to the nipple. Mammography shows an irregular calcified mass. A core needle biopsy shows invasive ductal carcinoma. Genetic analysis of this ",A,A,True,A
438,"A 45-year-old man comes to his primary-care doctor with his wife for a 4-week history of constipation. The patient reports that his bowel habits have changed from every day to every 3 or 4 days. He also now has to strain to pass stool. On further questioning, his wife has also noticed that he has se",C,A,False,A
439,"A 23-year-old man presents to the office for a circular, itchy rash over the abdomen that has been slowly getting worse for the past 2 weeks. The patient has a medical history of chronic dermatitis and chronic sinusitis for which he has prescriptions of topical hydrocortisone and fexofenadine. He sm",A,A,True,A
440,A 12-year-old boy is brought to the emergency department for the evaluation of persistent bleeding from his nose over the past hour. The bleeding started spontaneously. He has no history of a similar episode. He takes no medications. There is no history of abnormal bleeding in the family. His vital ,D,D,True,D
441,"A 40-year-old female presents to your office complaining of a tender neck and general lethargy. Upon further questioning, she reports decreased appetite, fatigue, constipation, and jaw pain. Her pulse is 60 bpm and her blood pressure is 130/110 mm Hg. Biopsy of her thyroid reveals granulomatous infl",C,A,False,A
442,"A 24-year-old man is brought to the emergency room by the police after a fall. The patient smells of alcohol and is slurring his words. You find out that he has recently been fired from his job as a salesperson for months of tardiness and poor performance. The police tell you that his girlfriend, wh",C,C,True,C
443,"A 65-year-old woman presents to a physician with painful ankles for 2 days. Her symptoms began 1 week ago with a severe fever (40℃ (104℉)) for 3 days. When the fever subsided, she developed a maculopapular rash over the trunk and extremities with painful wrists and fingers. She also reports abdomina",B,B,True,B
444,A 61-year-old man complaining of unexplained bleeding by from the mouth is escorted to the emergency department by corrections officers. Upon examination patient states he feels nauseated as he begins to retch violently and vomit bright red blood. His past medical history is remarkable for cirrhosis,C,C,True,C
445,"Three days after undergoing a laparoscopic Whipple's procedure, a 43-year-old woman has swelling of her right leg. She does not have pain. She has nausea but has not vomited. She was diagnosed with pancreatic cancer 1 month ago. She has been using an incentive spirometer every 6 hours since recoveri",B,B,True,B
446,A 36-year-old man presents to a physician after having a transient loss of consciousness while resting after dinner the previous night. His symptoms only lasted for a few seconds and resolved spontaneously. This is the third time he experienced such an episode. He says that he recently started havin,A,A,True,A
447,"A 52-year-old man is brought to the emergency department for recurrent vomiting that began 5 hours ago. He describes the vomitus as bloody and containing black specks. He drinks 10–12 beers daily and has not seen a physician in 15 years. He appears pale. His temperature is 36.7°C (98.1°F), pulse is ",C,B,False,B
448,"A 69-year-old male with a longstanding history of hypertension and high cholesterol presents with abdominal pain and ‘bruising on his feet’. The patient states that his symptoms started about a week ago and have steadily worsened. He describes the abdominal pain as mild to moderate, dull, and deeply",D,D,True,D
449,"A 38-year-old woman undergoes a partial thyroidectomy for an enlarged thyroid gland compressing the trachea. During surgery, a young surgeon ligates the inferior thyroid arteries as close to the poles as possible to prevent intraoperative hemorrhage. 2 weeks later, the patient presents to the outpat",B,B,True,B
450,"A 17-year-old man presents to his family physician for an evaluation about the size of his penis. He feels increasingly anxious during physical education (PE) class as he has noticed that the size of his penis is significantly smaller when compared to his peers. Based on the physical examination, he",B,B,True,B
451,"A 63-year-old man is aiming to improve his health by eating a well balanced diet, walking daily, and quitting smoking following a 45-year smoking history. While on his daily walks he notices a strong cramping pain in his calves that consistently appears after a mile of walking. He sees his physician",D,D,True,D
452,"A 37-year-old man comes to the emergency department with the chief complaint of a high fever for several days. In addition to the fever, he has had malaise, chest pain, and a dry cough. He recently went on vacation to South America but has returned to his job delivering packages. He has several frie",B,D,False,D
453,"A 34-year-old man presents to the emergency department complaining of headache, fever, chills, cough, shortness of breath, and chest pain for the past 4 days. He smokes 2 packs per day and drinks 2–3 beers every day. He denies any previous medical problems except for seasonal allergies for which he ",B,B,True,B
454,"A 42-year-old man presents to a neurologist for evaluation of severe headache. He started experiencing episodic headaches and palpitations 3 months ago; however, he thought that these symptoms were simply related to the stress of moving and starting a new job. He has continued to experience these in",D,A,False,A
455,A 62-year-old woman presents to the emergency department for vision changes. About 90 minutes ago she was on the couch watching television with her husband when she suddenly noticed that she couldn't see the screen normally. She also felt a little dizzy. She has never had anything like this happen b,C,A,False,A
456,"A three-day-old, full-term infant born by uncomplicated vaginal delivery is brought to a pediatrician by his mother, who notes that her son's skin appears yellow. She reports that the child cries several times per day, but sleeps 7-8 hours at night, uninterrupted. She has been breastfeeding the infa",B,B,True,B
457,"A 59-year-old man is brought to the emergency department with a history of black, tarry stools but denies vomiting of blood or abdominal pain. His family has noticed progressive confusion. History is significant for liver cirrhosis and alcoholism. His heart rate is 112/min, temperature is 37.1°C (98",B,B,True,B
458,"A 20-year-old healthy man is running on a treadmill for the last 30 minutes. He is in good shape and exercises 3 times per week. He takes no medications and denies smoking cigarettes, drinking alcohol, and illicit drug use. Prior to starting his run, his heart rate was 70/min, and the blood pressure",C,C,True,C
459,"A 14-year-old obese boy presents with severe right hip and knee pain. The patient says that he has been limping with mild pain for the past three weeks, but the pain acutely worsened today. He describes the pain as severe, non-radiating, sharp and aching in character, and localized to the right hip ",D,D,True,D
460,A 32-year-old man comes to the physician because of a progressive development of tender breast tissue over the past 18 months. He used to ride his bicycle for exercise 4 times a week but stopped after he had an accident and injured his left testicle 3 months ago. He has gained 5 kg (11 lb) during th,A,B,False,B
461,"A 58-year-old man comes to the physician because he is unable to achieve erections during sexual intercourse. He first noticed the problem 8 months ago, when he became sexually active with a new girlfriend. He states that his relationship with his girlfriend is good, but his inability to engage in s",C,A,False,A
462,"A 5-year-old male presents to the pediatrician with a 10-day history of cough that is worse at night. The patient has a history of mild intermittent asthma and has been using his albuterol inhaler without relief. He has also been complaining of headache and sore throat, and his mother has noticed wo",B,B,True,B
463,"A 65-year-old man, known to have chronic obstructive lung disease for the last 3 years, presents to the emergency department with a cough, breathing difficulty, and increased expectoration for a day. There is no history of fever. His regular medications include inhaled salmeterol and inhaled flutica",A,A,True,A
464,"A 22-year-old woman presents to the emergency department for abdominal pain. The patient has been trying to get pregnant and was successful recently, but now she is experiencing abdominal pain, contractions, and a bloody vaginal discharge. According to her last appointment with her primary care prov",B,B,True,B
465,"A 45-year-old female presents to the emergency department with gross hematuria and acute, colicky flank pain. She denies any previous episodes of hematuria. She reports taking high doses of acetaminophen and aspirin over several weeks due to persistent upper back pain. The patient’s blood pressure a",C,D,False,D
466,"A 40-year-old man presents to the clinic with complaints of increased bilateral pain in his knees. The pain developed over time and now limits his mobility. He states that the pain is worse at the end of the day, though he does have some early-morning stiffness lasting about 20 minutes. He used to h",B,B,True,B
467,"A 40-year-old man comes to the physician because of shortness of breath, double vision, and fatigue for the past 4 weeks. He has no history of serious medical illness and takes no medications. Physical examination shows drooping of the eyelids bilaterally. He is unable to hold his arms up for longer",D,C,False,C
468,"A 24-year-old man is brought in to the emergency department by his parents who found him in his room barely responsive and with slurring speech. The patients’ parents say that a bottle of oxycodone was found at his bedside and was missing 15 pills. On physical examination, the patient appears drowsy",A,A,True,A
469,A 27-year-old woman comes to the physician because of increasing shortness of breath and a non-productive cough for 2 months. She has been unable to perform her daily activities. She has had malaise and bilateral ankle pain during this period. She noticed her symptoms after returning from a vacation,A,D,False,D
470,A 75-year-old man presents to his physician with a 1-year history of dysphagia for solids. His more recent complaints include dysphagia for liquids as well. The patient states that he has no difficulty initiating swallowing but occasionally food is stuck in his throat. He does not complain of pain w,A,A,True,A
471,"A 48-year-old female presents with an enlargement of her anterior neck which made swallowing very difficult for 2 weeks now. She has had constipation for the past 6 weeks and overall fatigue. She also had heavy menstrual bleeding; and often feels extremely cold at home. On the other hand, she has we",C,D,False,D
472,"A researcher is testing an unknown compound, X, and seeing the effect it has on renal function. When she applies compound X to the cells, she finds that the urinary concentration of sodium and the pH decreases while the urinary potassium increases. Which of the following correctly states:
1) the cel",C,B,False,B
473,"A 5-year-old male is brought to the pediatrician with complaints of a painful mouth/gums, and vesicular lesions on the lips and buccal mucosa for the past 4 days. The patient has not been able to eat or drink due to the pain and has been irritable. The patient also reports muscle aches. His vital si",C,C,True,C
474,"A patient is unresponsive in the emergency department following a motor vehicle accident. The patient's written advance directive states that he does not wish to be resuscitated in the event of a cardiac arrest. The patient's wife arrives and demands that ""everything"" be done to keep him alive becau",B,B,True,B
475,"A 63-year-old man comes to the emergency department because of retrosternal chest pain. He describes it as 7 out of 10 in intensity. He has coronary artery disease, hypertension, and type 2 diabetes mellitus. His current medications are aspirin, simvastatin, metformin, and enalapril. He has smoked o",D,B,False,B
476,"A 14-year-old boy presents with right upper quadrant abdominal pain and is found on ultrasound to have a gallstone. Based on clinical suspicion, a CBC, a Coombs test, and a bilirubin panel are obtained to determine the etiology of the gallstone. These tests reveal a mild normocytic anemia with assoc",C,C,True,C
477,A 32-year-old man comes to the physician because of a 2-day history of a tingling sensation in his right forearm. He reports that his symptoms started after he lifted heavy weights at the gym. Physical examination shows loss of sensation on the lateral side of the right forearm. Sensation over the t,A,B,False,B
478,"A 30-year-old woman presents to your office with decreased appetite, malaise, and fever. Serologic tests reveal positive Anti-HBsAg and Anti-HAV IgM antibodies. Which of the following is most likely responsible for this patient's presentation?",C,B,False,B
479,"A 63-year-old patient presents to the emergency department because of severe left leg pain and tingling. His condition started suddenly 30 minutes ago. He has had hypertension for the past 10 years for which he takes bisoprolol. He does not smoke or drink alcohol. His temperature is 37.1°C (98.7°F),",C,C,True,C
480,"A 17-year-old girl is brought to the pediatrician by her father for evaluation. He is concerned that she has not undergone puberty yet, while all of her classmates at school have. The patient herself feels well overall, with no specific complaints. Examination shows vital signs of T 98.9, HR 71, and",B,A,False,A
481,"Current recommendations state that a single hemoglobin A1c value of greater than 6.5% is diagnostic of diabetes mellitus. If this 6.5% cut-off is to be increased to 7.0%, which of the following would be true?",A,B,False,B
482,"Patients with the diagnosis of sickle cell anemia make a specific type of hemoglobin known as HgbS. This mutation results in the sickling of their red blood cells when exposed to inciting factors such as hypoxic conditions. Patients are often treated with hydroxyurea, which has which of the followin",B,B,True,B
483,"A 40-year-old man presents to the emergency department with altered mental status. He has a history of cirrhosis of the liver secondary to alcoholism. He started becoming more confused a few days ago and it has been getting gradually worse. His temperature is 98.8°F (37.1°C), blood pressure is 134/9",C,B,False,B
484,A previously healthy 4-month-old girl is brought to the emergency department by her parents because she has not stopped crying for the past 5 hours. Her parents report that she has not eaten anything during this period and that they were unable to calm her down. She has not had any trauma. She was b,C,C,True,C
485,A 35-year-old woman presents to the physician because of episodes of difficulty swallowing for the past 3 months. She feels solid food getting stuck in her chest behind the sternum. She does not have any issues with liquids. She has no coughing or nasal regurgitation. She has no hoarseness or weight,D,A,False,A
486,"A 2-year-old boy in respiratory distress is brought to the emergency department by his parents. They state that approximately one hour after putting their child to sleep, a ""hacking"" cough was heard from his bedroom. After entering his room the parents state their child appeared to be in distress, m",B,B,True,B
487,"A 70-year-old woman with no significant medical history begins to experience memory loss and personality changes. Over the next few months, her symptoms become more severe, as she experiences rapid mental deterioration. She also starts to have sudden, jerking movements in response to being startled ",C,D,False,D
488,"A 38-year-old woman presents with eye dryness and a foreign body sensation in the eyes. On physical examination, the oral cavity shows mucosal ulceration and atrophy. Biopsy of the lower lip shows marked lymphocytic infiltration of the minor salivary glands. Which of the following is most likely see",A,A,True,A
489,A 62-year-old man with a history of chronic bronchitis comes to the physician because of a 1-month history of worsening shortness of breath and cough productive of thick sputum. He smoked one pack of cigarettes daily for 20 years but quit 5 years ago. Physical examination shows an increased anteropo,C,C,True,C
490,"A 14-year-old boy is brought to the physician for evaluation of his sense of smell. Two days ago, his mother found that he had left the gas on in the kitchen, and he was unable to smell the odor of the gas. As a child, he was consistently in the 40th percentile for height; now he is in the 15th perc",C,C,True,C
491,A 26-year-old woman comes to the physician for a follow-up vaccination 1 week after being bitten by a rodent while camping. She received appropriate post-exposure prophylaxis in the emergency department and has already received 2 doses of the rabies vaccine. The same physician has been managing the ,A,A,True,A
492,"A 38-year-old nursing home worker presents to the clinic with complaints of fever, loss of appetite, fatigue, and productive cough for the past couple of months. His fever is low-grade and sputum is often blood-tinged. He has lost 6.8 kg (15.0 lb) during this period and complains of profound night s",C,D,False,D
493,"A 16-year-old boy presents to the emergency department with shortness of breath after prolonged exposure to cold air during a recent hike with his friends. He informs the physician that he is asthmatic, but does not use inhalers regularly because he does not like using medications. He is a non-smoke",C,C,True,C
494,"A 2050-g (4.5-lb) female newborn and a 2850-g (6.3-lb) female newborn are delivered at 37 weeks' gestation to a 23-year-old, gravida 2, para 1 woman. The mother had no prenatal care. Examination of the smaller newborn shows a flattened nose and left-sided clubfoot. The hematocrit is 42% for the smal",A,B,False,B
495,A 55-year-old woman is found to have an abnormal mass on routine mammography. The mass is biopsied and cytology results are diagnostic for invasive ductal adenocarcinoma that is estrogen receptor positive. The patient is started on chemotherapy and ultimately has the mass resected. She is taking tam,A,D,False,D
496,"A 24-year-old woman is brought to the physician because of agitation, confusion, and lethargy. She has also had progressive recurring headaches and visual impairment over the last month. Three days ago, she had a seizure but has not seen a physician. She is oriented only to person. Her temperature i",C,C,True,C
497,"A 29-year-old woman presents to the physician with a blurred vision of her right eye for 2 days. She has pain around her right eye during eye movement. She takes no medications. At the clinic, her blood pressure is 110/70 mm Hg, the pulse is 72/min, respirations are 15/min, and the temperature is 36",D,B,False,B
498,"A 25-year-old woman presents to her physician with complaints of cyclic vomiting for 3 days. The vomitus is watery and contains undigested food particles. She also complains of feeling tired and having the “sniffles”. She has not felt like eating or drinking since her symptoms started, and she has n",A,B,False,B
499,A 30-year-old male presents to his primary care physician complaining of infertility. He and his wife have been trying to get pregnant for the past two years. They have used fertility monitors and other aids without success. A hysterosalpingogram in his wife was normal. The patient has a history of ,C,B,False,B
500,"A 71-year-old woman with type 2 diabetes mellitus and hypertension comes to the emergency department because of a 3-day history of intermittent abdominal pain, vomiting, and obstipation. She has had multiple episodes of upper abdominal pain over the past year. She has smoked 1 pack of cigarettes dai",B,A,False,A
501,"A 36-year-old man undergoes open reduction and internal fixation of a left femur fracture sustained after a motor vehicle collision. Three days after the surgery, he develops fever and redness around the surgical site. His temperature is 39.5°C (103.1°F). Physical examination shows purulent discharg",D,B,False,B
502,"A 45-year-old woman comes into your office with complaints of ""lump"" she found on her neck while showering. She denies any other symptoms and states that she has not gained any weight. On exam, you notice a 2 cm nodule on her anterior neck. Her TSH level is normal and radionucleotide scan reveals a ",B,B,True,B
503,"While in the ICU, a 62-year-old male undergoes placement of a Swan-Ganz catheter to evaluate his right heart pressures. All pressures are found to be within normal limits, and the cardiology fellow records a pulmonary wedge pressure of 10 mmHg. Which of the following are normal values for the pressu",B,C,False,C
504,"A 3-year-old boy is brought to the physician for a well-child examination. Over the past 8 months, his mother reports difficulty understanding the boy's speech. On occasion during this period, she has noticed that he does not respond when called by name and cannot follow 1-step instructions. He has ",B,B,True,B
505,"A 42-year-old man is admitted to the intensive care unit with decreased consciousness and convulsions. His wife reports that 30 min following the onset of her husband’s condition, which started approximately 6 hours ago, he treated his garden bed with pesticides against mice. He developed nausea, vo",B,B,True,B
506,"A 72-year-old woman presents to the emergency department with altered mental status. 90 minutes ago, the patient was found by a neighbor unarousable on the couch with multiple empty bottles of medication on the floor next to her. Social history is significant for alcohol abuse. Physical examination ",A,A,True,A
507,"A 68-year-old man comes to the emergency department because of a cough, dyspnea, and fever for 1 day. The cough is productive of small amounts of green phlegm. He has metastatic colon cancer and has received three cycles of chemotherapy with 5-fluorouracil, leucovorin, and oxaliplatin; his last chem",D,D,True,D
508,"A 21-year-old old college student is brought to the emergency department by his roommates because he has been ""acting strangely."" Over the last 7 months, he has claimed to hear voices telling him that he must prepare for the end of the world. He used to be a straight A student but started failing ex",B,B,True,B
509,"An 81-year-old man is brought to the clinic by his son to be evaluated for memory issues. The patient’s son says he has difficulty remembering recent events and names. He says the patient’s symptoms have progressively worsened over the last several years but became acutely worse just recently. Also,",D,D,True,D
510,"A 46-year-old woman with a history of previously well-controlled HIV infection comes to the physician for follow-up after a health maintenance examination last week. She is currently unemployed and lives in a low-income neighborhood with her 3 children. For the past 3 years, her HIV RNA viral load w",A,A,True,A
511,"A 67-year-old man comes to the physician for a routine medical check-up prior to a scheduled elective femoropopliteal bypass surgery of his left leg. He feels well but reports occasional episodes of weakness and numbness in his left hand. He has a history of peripheral arterial disease, type 2 diabe",A,A,True,A
512,"A 35-year-old woman presents to her primary care provider concerned that she may be pregnant. She has a history of regular menstruation every 4 weeks that lasts about 4 days with mild to moderate bleeding, but she missed her last period 2 weeks ago. A home pregnancy test was positive. She has a 6-ye",B,A,False,A
513,"A 65-year-old man presents to the emergency department with back pain. The patient states that he has gradually worsening back pain that seems to have worsened after moving furniture the other day. He also states that while he walks, he feels numbness and weakness in his legs. The only time the pati",D,B,False,B
514,"A 3-year-old girl is brought to the physician because of a 3-day history of fever, cough, purulent nasal discharge. She has experienced 7 similar episodes, each lasting 2–5 days in the previous 2 years. She has also had intermittent abdominal cramps and recurrent episodes of foul-smelling greasy dia",A,B,False,B
515,"An 8-year-old boy who recently immigrated to the United States presents with a rash. Past medical history is significant for a recent sore throat which caused him to miss several days at school. The patient’s vaccination status is unknown. On physical examination, the patient is pale and ill-looking",D,B,False,B
516,"A 59-year-old man presents to general medical clinic for his yearly checkup. He has no complaints except for a dry cough. He has a past medical history of type II diabetes, hypertension, hyperlipidemia, asthma, and depression. His home medications are sitagliptin/metformin, lisinopril, atorvastatin,",D,B,False,B
517,"A male newborn is evaluated 24 hours after delivery for high-pitched crying, poor feeding, rhinorrhea, and low-grade fever. He was born at 40 weeks' gestation at 2514 g (5.54 lb) to a 28-year-old woman, gravida 3, para 2, by an uncomplicated cesarean section. Apgar scores were 8 and 9 at 1 and 5 min",A,A,True,A
518,"A previously healthy 35-year-old primigravid woman at 12 weeks' gestation comes to the physician because of a fever, persistent headache, nausea, and abdominal discomfort for 1 week. During this time, she has also noticed that her gums bleed while brushing her teeth. A month ago, she returned from a",B,B,True,B
519,"A 36-year-old man is brought to the emergency department 40 minutes after being involved in a shooting. He sustained a gunshot wound in an altercation outside of a bar. On arrival, he is oriented to person but not to place or time. His temperature is 37.3°C (99.1°F), pulse is 116/min, respirations a",C,A,False,A
520,"Mutations in the ATP2A1 gene results in loss of function of the calcium ATPase pump, which is in the sarcoplasmic reticulum membranes of skeletal muscle in humans. This mutation results in a rare disease characterized by muscle cramping and stiffening that is usually most severe after exercise or st",B,A,False,A
521,"A 62-year-old man presents to the emergency department with crushing chest pain (10/10 in severity), radiating to the left side of the neck and the left arm. His symptoms started 20 minutes ago while shaving. He also feels nauseated, lightheaded and short of breath. He has had type 2 diabetes for 27",A,A,True,A
522,"A 54-year-old man comes to the emergency department because of a 2-day history of increasingly severe abdominal pain, nausea, and bilious vomiting. His last bowel movement was yesterday and he has not passed flatus since then. He underwent appendectomy at the age of 39. He has psoriasis, hypertensio",C,B,False,B
523,A 28-year-old Caucasian woman presents to your office with recurrent abdominal cramping on her left side for 6 months. She additionally reports bloody diarrhea and tenesmus. You suspect ulcerative colitis. Which of the following findings would most strongly confirm your diagnosis?,D,A,False,A
524,"A 6-month-old boy is brought to the physician by his parents for difficulty breathing and bluish discoloration of the lips for the past hour. During the past 3 months, the patient has had several upper respiratory tract infections and poor weight gain. Physical examination shows crackles over both l",B,A,False,A
525,"A 67-year-old man comes to the clinic complaining of fatigue and dizziness for the past 2 months. He reports that he gets tired easily compared to his baseline and feels dizzy when he exerts himself (e.g., when he walks long distances). His past medical history is significant for hypertension that i",D,C,False,C
526,A 81-year-old man is brought to the emergency department after he fell asleep at the dinner table and was not able to be roused by his family. His past medical history is significant for Alzheimer disease though he is still relatively functional at baseline. He has also been taking warfarin over the,C,A,False,A
527,"A 10-year-old girl is brought to the physician because of high-grade fever, myalgia, and generalized fatigue for 3 days. She returned from a vacation to northern Brazil 4 days ago. She took the appropriate medications and immunizations prior to her visit. There is no family history of serious illnes",A,A,True,A
528,A 56-year-old woman presents to a physician with severe pain and swelling of the left inguinal area for 3 days. She has a fever and malaise. Last week she noted several painless red papules on her left thigh when she was on a summer trip to Madagascar. She has no history of serious illnesses and is ,C,C,True,C
529,"A 60-year-old woman is brought to the emergency department because of sudden, painless loss of vision in her right eye that occurred 30 minutes ago while watching TV. She has coronary artery disease, hypertension, and type 2 diabetes mellitus; she has had trouble adhering to her medication regimen. ",B,D,False,D
530,A previously healthy 35-year-old woman comes to the emergency department because of sudden weakness of her right arm and leg that started 3 hours ago. She returned from a business trip from Europe 3 days ago. She has smoked a pack of cigarettes daily for 10 years. Her only medication is an oral cont,A,A,True,A
531,"A 24-year-old woman is brought to the emergency room (ER) by her co-workers after they found her unconscious in her cubicle when they returned from lunch. They tell you that she has diabetes but do not know anything more about her condition. The woman’s vital signs include: pulse 110/min, respirator",D,A,False,A
532,"A 38-year-old man is brought to the emergency room by his father because of altered mental status. According to the father, the patient was unable to get out of bed that morning and has become increasingly confused over the past several hours. The father also noticed it was “pretty cold” in his son'",B,B,True,B
533,A 36-year-old woman presents with increased tiredness and lethargy for the past 4 weeks. Investigations show her hemoglobin level to be 8.6 gm/dL and serum creatinine of 4.6 mg/dL. The serum is negative for antinuclear antibodies (ANA) and positive for C3 nephritic factor. Urinalysis shows a 3+ prot,A,A,True,A
534,"A 48-year-old man is brought to the emergency department for sudden onset of difficulty breathing 6 hours ago. For the past several months, he has had shortness of breath on exertion and while lying down on the bed, frequent headaches, and swelling of his feet. He does not take any medications despi",B,B,True,B
535,"Please refer to the summary above to answer this question
A medical student is examining the table in the abstract. She notices that the standard error surrounding measurements in the pulmharkimab 150 mg/day group is generally greater than the standard errors for the placebo and pulmharkimab 75 mg/d",C,C,True,C
536,"A 63-year-old man with diverticular disease comes to the emergency department because of painless rectal bleeding, dizziness, and lightheadedness for 2 hours. His temperature is 37.6°C (99.6°F), pulse is 115/min, respirations are 24/min, and blood pressure is 86/60 mm Hg. He appears pale. Physical e",D,D,True,D
537,"A 32-year-old man is brought by ambulance to the emergency room after being involved in a head-on motor vehicle collision at high speed. The patient was found unconscious by the paramedics and regained consciousness briefly during the ambulance ride. Upon arrival at the hospital, the patient’s vital",A,A,True,A
538,"A 25-year-old female presents to urgent care with complaints of one day of burning and pain with urination, urgency, and frequency. She denies having a fever but has experienced intermittent chills. She is sexually active and inconsistently uses condoms. The patient has no past medical history. She ",A,A,True,A
539,"A 70-year-old man with a history of hypertension and atrial fibrillation comes to the physician for shortness of breath with mild exertion, progressive weakness, and a dry cough that has persisted for 6 months. He has smoked a pack of cigarettes daily for 45 years. His medications include warfarin, ",D,D,True,D
540,A 21-year-old man is brought to the emergency department by his mother after being found lying unconscious next to a bottle of pills. The patient’s mother mentions that he has been diagnosed with major depressive disorder 3 years ago for which he was taking a medication that resulted in only a sligh,D,D,True,D
541,"In a study to determine the risk factors for myocardial infarction (MI) at a young age (age < 30 years), 30 young patients with the condition are recruited into the study group. Sixty similar but healthy individuals are recruited into the control group. Educational status is considered to be an impo",A,D,False,D
542,A 32-year-old primigravid woman at 16 weeks' gestation comes to the physician for a routine prenatal visit. She is asymptomatic and has no history of serious illness. Her only medication is a prenatal vitamin. Her temperature is 37.2°C (99°F) and blood pressure is 108/60 mm Hg. Pelvic examination sh,B,B,True,B
543,"A 39-year-old man presents to the emergency department complaining of a sharp pain that radiates along his right hemithorax, which worsens with deep inspiration. He says this started abruptly about 6 hours ago. He says that he has not noticed that anything that makes his pain better or worse. He als",C,C,True,C
544,"A 47-year-old woman presents to her primary care physician for evaluation of her right hand. Specifically, she says that she was gardening 8 hours prior to presentation when she sustained a laceration over her distal interphalangeal (DIP) joints. Since then, they have become red and swollen. She has",B,B,True,B
545,A 24-year-old woman presents to the emergency department with a severe headache. She states it is 10/10 in intensity and states that it is associated with chewing. She describes it as a dull pain over the sides of her head. The patient is otherwise healthy and is not currently taking any medications,C,C,True,C
546,"Twelve hours after undergoing an exploratory laparotomy for a perforated duodenal ulcer, a 36-year-old man has shortness of breath. He has asthma well controlled with an albuterol inhaler. His father died of lung cancer at 62 years of age. He has smoked one pack of cigarettes daily for 14 years. He ",D,D,True,D
547,"A 62-year-old man is brought to the emergency department 40 minutes after his wife noticed during breakfast that the left side of his face was drooping. He had difficulty putting on his shirt and shoes before coming to the hospital. He has type 2 diabetes mellitus, hypertension, and hypercholesterol",D,D,True,D
548,"A 24-year-old man, who recently migrated from a developing country, presents to a physician because of a 2-year history of cough, blood in his sputum, fever, and weight loss. His sputum smear and culture confirm the diagnosis of pulmonary tuberculosis due to Mycobacterium tuberculosis. His Mantoux t",D,D,True,D
549,"A 6-year-old boy presents with fever, malaise, and intense pain in the anterior neck. His vital signs include: body temperature 39.0°C (102.2°F), heart rate 120/min, and respiratory rate 18/min and regular. On physical examination, there is erythema, tenderness and enlargement of the thyroid gland t",B,B,True,B
550,A 65-year-old previously healthy man presents to the primary care physician with the chief complaint of red colored urine over the past month. He states that he does not experience dysuria. On physical exam there is no costovertebral angle tenderness. With this presentation which is the most likely ,A,C,False,C
551,"A 13-year-old boy is brought to the emergency room by his mother with confusion, abdominal pain, and vomiting for the previous day. The patient’s mother says he started complaining of pain in his abdomen after he got back from school yesterday and vomited 3 times during the night. This morning, he s",A,B,False,B
552,"A 58-year-old woman presents to the emergency department because of worsening abdominal pain for the past 2 days. She reports nausea and vomiting and is unable to tolerate oral intake. She appears uncomfortable. Her temperature is 38.1°C (100.6°F), the pulse is 92/min, the respirations are 18/min, a",A,D,False,D
553,A 62-year-old man presents to his primary care doctor with continued hypertension despite adherence to multiple anti-hypertensive medications. The physician suspects that the patient may have elevated aldosterone levels and wants to initiate a trial of an aldosterone receptor antagonist. The patient,B,B,True,B
554,"A 30-year-old woman presents to the emergency department with a recent episode of chest pain. She says she was previously well and denies any history of similar symptoms. She reports that, at onset, she felt as if she was going to die and says her heart beating has been beating really fast. There wa",A,B,False,B
555,"A previously healthy 14-year-old boy is brought to the physician for evaluation because of loss of appetite, sleeplessness, and extreme irritability for the past 3 weeks. He was recently kicked off of the school's football team after missing too many practices. He has also been avoiding his family a",B,B,True,B
556,"A previously healthy 6-year-old boy is brought to the physician because of generalized malaise and a palpable swelling in the left axilla. The parents report that 2 weeks ago, his daycare group visited an animal shelter, after which he developed a rash on the left hand. His temperature is 38.5°C (10",A,A,True,A
557,A 56-year-old man is brought to the emergency department with severe dyspnea and a productive cough containing streaks of blood since the day before. He had a sudden pruritic papular rash on his right thigh when he was in the southwestern USA hiking in northern Arizona and New Mexico. The next day h,C,C,True,C
558,A 44-year-old man presents to the family medicine clinic for some small bumps on his left thigh. The lesions are non-pruritic and have been present for the last 3 weeks. He reports feeling fatigued and malaise for the past few months. The patient has no known medical problems and takes no medication,B,B,True,B
559,"A prominent male politician has secret homosexual desires. However, rather than engaging in homosexual behavior, he holds rallies against gay rights and regularly criticizes gay people. The politician is displaying which of the following defense mechanisms?",B,B,True,B
560,"A 55-year-old man presents to his primary care physician for a general checkup. The patient has a past medical history of diabetes, hypertension, and atrial fibrillation and is currently taking warfarin, insulin, lisinopril, and metoprolol. The patient’s brother recently died from a heart attack and",A,A,True,A
561,"A 20-year-old woman in the army recruit collapses during an especially hot day at basic training. She was in her normal excellent state of health prior to this event. Two weeks ago, she had an upper respiratory infection (URI) but has since recovered. Her father has chronic kidney disease (CKD), bil",C,C,True,C
562,"A 60-year-old man with a long-standing history of chronic hepatitis C infection comes to the emergency department because of abdominal distention and scleral icterus for the past month. His heart rate is 76/min, respiratory rate is 14/min, temperature is 36.0°C (96.8°F), and blood pressure is 110/86",B,B,True,B
563,"A 47-year-old woman seeks evaluation at your office because she has had postcoital vaginal bleeding for the past 8 months with occasional intermenstrual watery, blood-tinged vaginal discharge. Her family history is negative for malignancies and inherited disorders. She is the result of a pregnancy c",A,A,True,A
564,"A 35-year-old man visits your office for his annual health checkup. He was diagnosed with generalized anxiety disorder 6 months ago, which is being treated with citalopram. He comments that his symptoms have improved since initiating the prescribed therapy; however, in the past 2 months, he has been",A,B,False,B
565,"A 63-year-old man comes to the physician for the evaluation of an unintentional 10-kg (22-lb) weight loss over the past 6 months. During this period, the patient has had recurrent episodes of high-grade fever, night sweats, and feelings of fatigue. Two months ago, he had herpes zoster that was treat",B,B,True,B
566,"A 61-year-old man is brought to the emergency room with chest pain. He developed severe, crushing, substernal chest pain 10 hours ago while he was hiking in the Adirondack mountains. He was with 2 friends at the time who gave him aspirin before carrying him 5 miles to a town to get phone service, wh",B,A,False,A
567,"A 61-year-old man comes to the physician with several months of sharp, shooting pain in both legs. Twenty years ago, he had a painless ulcer on his penis that resolved without treatment. He has no history of serious illness. Examination shows small pupils that constrict with accommodation but do not",D,A,False,A
568,"A 55-year-old woman presents with severe pruritus and fatigue. She denies any similar symptoms in the past. No significant past medical history. Upon physical examination, scleral icterus is present, and significant hepatosplenomegaly is noted. Mild peripheral edema is also present. Laboratory findi",A,A,True,A
569,"A 25-year-old man is brought to the emergency department after being found unconscious. He was at a college party exhibiting belligerent behavior when he suddenly passed out and fell to the ground. His past medical history is not known. His temperature is 100°F (37.8°C), blood pressure is 107/48 mmH",B,B,True,B
570,A 13-year-old boy is brought to the emergency department because of pain in his right knee for the past week. The pain is exacerbated by jogging and climbing up stairs. He has no history of trauma to the knee. He is otherwise healthy. He is an active member of his school's gymnastics team. His vital,A,A,True,A
571,"Three days after undergoing an open cholecystectomy, an obese 57-year-old woman has fever, chills, and a headache. She has right-sided chest pain that increases on inspiration and has had a productive cough for the last 12 hours. She had an episode of hypotension after the operation that resolved wi",C,B,False,B
572,"A 55-year-old man presents with a red rash over his face for the last 3 months. The patient says he moved to Nevada 6 months ago because of a new job where he works outdoors; however, he worked indoors in an office before. His vital signs include: blood pressure 100/60 mm Hg, pulse 64/min, respirato",C,A,False,A
573,"A previously healthy 46-year-old woman comes to the physician because of progressive shortness of breath, fatigue, and chest pain during exercise for the last 6 months. She does not smoke. Her maternal uncle had similar symptoms. Cardiac examination shows wide splitting of S2. The second component o",C,D,False,D
574,An 11-year-old boy presents to your office with pitting edema and proteinuria exceeding 3.5g in 24 hours. You suspect that this patient has experienced a loss of polyanions in his glomerular basement membranes. Which of the following findings would confirm your diagnosis?,B,B,True,B
575,"A 48-year-old woman comes to the physician because of intermittent pain in her neck, right shoulder, and arm, as well as a tingling sensation in her right hand. She first noticed her symptoms after she got off a rollercoaster ride 2 months ago. Physical examination shows weakness when extending the ",B,A,False,A
576,A 32-year-old female is brought to the emergency room by her friend for acute onset abdominal pain. She states that she was in a kickboxing class when she suddenly developed left-sided abdominal pain. Her past medical history is significant for chlamydia. She is currently sexually active and does no,D,B,False,B
577,"A 63-year-old man from the countryside presents with leg swelling and right upper abdominal tenderness. He reports a history of myocardial infarction 4 years ago, but he has no supporting documentation. At the moment, his only medication is aspirin. He also stated that he used to have ‘high blood su",B,C,False,C
578,A 36-year-old woman comes to the physician because of difficulty discarding items in her home. She says that the accumulation of things in her kitchen and dining room makes regular use of these spaces incredibly difficult. Her behavior started when she was in high school. She feels anxious when she ,A,A,True,A
579,A 59-year-old woman presents to her primary care provider complaining of diffuse bodily aches. She reports a 3-month history of gradually worsening pain in her shoulders and hips that is worse in her right hip. She has a history of hypertension and recurrent renal stones for which she takes lisinopr,D,D,True,D
580,"A 20-year-old woman is brought in for a psychiatric consultation by her mother who is concerned because of her daughter’s recent bizarre behavior. The patient’s father died from lung cancer 1 week ago. Though this has been stressful for the whole family, the daughter has been hearing voices and havi",A,A,True,A
581,"A 58-year-old woman presents to the emergency department with difficulty breathing and a sensation that her heart was racing for the past 3 days. She adds that she has lost weight over the last 7 weeks, despite a good appetite, and is anxious most of the time with difficulty sleeping at night. She h",C,C,True,C
582,A 27-year-old male suddenly develops severe abdominal cramping and bloody diarrhea. The patient reports consuming undercooked ground beef four days prior to the onset of the symptoms. Which of the following best describes the toxin-mediated mechanism of this disease process?,D,C,False,C
583,"A 46-year-old woman presents to her primary care physician with one week of intermittent nausea and vomiting. She does not have any sick contacts, and her medical history is significant only for diabetes well-controlled on metformin. She also complains of some weakness and back/leg pain. She says th",D,C,False,C
584,A 33-year-old man presents to the emergency department after a motor vehicle collision. He was the front seat unrestrained driver in a head-on collision. The patient has a Glasgow Coma Scale of 5 and is subsequently intubated. Physical exam is notable for subcutaneous emphysema in the clavicular are,D,A,False,A
585,"A 55-year-old man is brought to the emergency department 12 hours after the sudden onset of shortness of breath and substernal chest pain at rest; the pain is increased by inspiration. He has also had a nonproductive cough, fever, and malaise for the past 5 days. He does not smoke or use illicit dru",D,D,True,D
586,A 34-year-old man comes to the physician because of frequent headaches and blurry vision during the past 4 months. He has also had difficulties achieving an erection over the past few weeks. Physical examination shows a temporal visual field deficit bilaterally. An MRI of the brain shows an intrasel,B,B,True,B
587,A 33-year-old G2P1 woman presents to the office because of poor diabetic control. She is currently at 18 weeks gestation and admits to having poor control of her type 1 diabetes before becoming pregnant. Her family history is non-contributory. The physical examination shows a pregnant woman with a f,D,D,True,D
588,"A 45-year-old G3P3 presents complaining of the feeling of a foreign body in her vagina that worsens on standing. She does not have urinary or fecal incontinence or any other genitourinary symptoms. She has no known gynecologic diseases. There were no complications with her pregnancies, all of which ",A,A,True,A
589,"A 36-year-old woman, gravida 2, para 2, comes to the emergency department because of sudden-onset, severe right flank pain. She was in her aerobics class when the pain started but denies any trauma to the region. She has a history of recurrent ovarian cysts. Menses occur regularly at 28-day interval",D,D,True,D
590,"A 69-year-old woman comes to the physician for a routine health maintenance examination. She feels well. Physical examination shows nontender cervical and axillary lymphadenopathy. The spleen is palpated 5 cm below the costal margin. Her leukocyte count is 12,000/mm3 and platelet count is 217,000/mm",C,C,True,C
591,"A 24-year-old married woman presents to the emergency department with severe abdominal pain since last night. She also complains of scant vaginal bleeding. She says she visited a physician last year who said she had a pelvic infection, but she was never treated because of insurance issues. She also ",C,C,True,C
592,A 44-year-old man comes to the clinic because of a 6-month history of progressive fatigue. He has a history of intravenous heroin use. Physical examination shows scleral icterus. A serum study is positive for hepatitis C RNA. Therapy with interferon-α is initiated in combination with a second drug. ,A,A,True,A
593,"A 42-year-old male presents to his primary care physician complaining of fatigue. He has not been to the doctor since he was 22 years of age. He reports that over the past three months, he has felt tired and weak despite no changes in diet or exercise. He is otherwise healthy and takes no medication",C,C,True,C
594,A 38-year-old woman presents to an urgent care clinic with the complaint of epigastric discomfort and cramping pain for the past 2 hours. She states that she has experienced similar pain in the past. These episodes occur mostly after meals and often subside several hours after she finishes eating. D,C,C,True,C
595,A 19-year-old female college soccer player presents to a sports medicine clinic with right knee pain. One day prior she twisted her right knee and felt a “pop” while chasing after a ball. She has since felt severe throbbing knee pain and noticed a rapid increase in swelling around her knee. She is a,B,B,True,B
596,"Six hours after birth, a newborn boy is evaluated for tachypnea. He was delivered at 41 weeks' gestation via Caesarian section and the amniotic fluid was meconium-stained. His respiratory rate is 75/min. Physical examination shows increased work of breathing. X-rays of the abdomen and chest show no ",C,B,False,B
597,A study is conducted to determine the most effective ways to prevent transmission of various infective agents. One of the agents studied is a picornavirus that preferentially infects hepatocytes. The investigator determines that inactivating this virus can prevent its spread. Which of the following ,B,B,True,B
598,"A 34-year-old woman comes to the physician requesting prenatal care. For the past 2 months, she has had increasing breast tenderness, nausea, 3-kg (6.6-lb) weight gain, and urinary frequency. She is not sure about the date of her last menstrual period. She has been trying to conceive with her husban",B,C,False,C
599,"A 60-year-old man comes to the physician for a routine physical examination. He lives in a group home and takes no medications. During the appointment, he frequently repeats the same information and needs to be reminded why he is at the doctor's office. He says that he is a famous poet and recently ",C,D,False,D
600,"A medical student decides to join an immunology research center, which specifically works on capsular polysaccharide vaccine development against bacteria, such as Haemophilus influenzae type b (Hib), Neisseria meningitidis, and Streptococcus pneumoniae. As a member of a research team working on the ",D,D,True,D
601,An investigator is studying the pattern of glutamate release from presynaptic nerve terminals in human volunteers with Alzheimer disease. The concentration of glutamate in the CA1 region of the hippocampus is measured using magnetic resonance spectroscopy after Schaffer collateral fibers are electri,D,D,True,D
602,"A 24-year-old woman presents to a physician with a history of exposure to a close friend who was diagnosed with meningococcal meningitis. She was told by her friend that she need to see a physician because she needs to be treated as well, even if she is not having symptoms yet. She currently denies ",A,A,True,A
603,"A 38-year-old woman comes to the physician because of a 1-month history of a painless, nonpruritic skin lesion on her right thigh. She initially thought it was an insect bite, but it has slowly increased in size over the past weeks. Her temperature is 36.7°C (98°F), pulse is 75/min, and blood pressu",A,A,True,A
604,"A previously healthy 3-year-old boy is brought to the physician by his parents because of fever and a rash for 6 days. His temperature is 38.9°C (102°F). Examination shows right-sided anterior cervical lymphadenopathy, bilateral conjunctival injection, erythema of the tongue and lips, and a maculopa",A,A,True,A
605,A 25-year-old man is brought to the emergency department by police. He was found at a local celebration acting very strangely and was reported by other patrons of the event. The patient is very anxious and initially is hesitant to answer questions. He denies any substance use and states that he was ,B,C,False,C
606,A 75-year-old with hypertension and atrial fibrillation comes to the emergency department because of a 2-hour history of severe abdominal pain and nausea. He has smoked 1 pack of cigarettes daily for the past 45 years. The patient undergoes emergency laparotomy and is found to have dusky discolorati,D,D,True,D
607,"A group of researchers from Italy conducted a case register study that included all patients from a city who had an International Classification of Diseases diagnosis and contacts with specialist psychiatric services over a 10-year period. Mortality was studied in relation to age, sex, diagnosis, ca",C,C,True,C
608,A 10-year-old boy is brought to the emergency room by his grandparents. He is in a wheelchair with soft restraints because he has been violent and had been trying to hurt himself that day. The child’s parents died in a car accident 1 month ago. His grandparents also brought the medications he stoppe,C,C,True,C
609,A 34-year-old woman with poorly controlled Crohn disease comes to the physician because of a 2-week history of hair loss and a rash on her face. She has also noticed that food has recently tasted bland to her. She had to undergo segmental small bowel resection several times because of intestinal obs,D,D,True,D
610,"A 23-year-old woman, gravida 2, para 1, at 20 weeks of gestation comes to the physician for a routine prenatal exam. Her last pregnancy was unremarkable and she gave birth to a healthy rhesus (RhD) positive girl. Her past medical history is notable for a blood transfusion after a car accident with a",A,A,True,A
611,"A 52-year-old man presents to the physician because of ongoing shortness of breath, which is more prominent when he lies down. Occasionally, he experiences palpitations, especially during strenuous activities. In addition to this, he has been experiencing difficulty in digestion and often experience",C,C,True,C
612,"A 33-year-old woman presents to her primary care physician with bilateral joint pain. She says that the pain has been slowly worsening over the past 3 days. Otherwise, she complains of fatigue, a subjective fever, and a sunburn on her face which she attributes to gardening. The patient is an immigra",A,A,True,A
613,"A 40-year-old man comes to the emergency department with a 4-day history of left leg pain. Over the weekend, he scraped his left thigh when he fell on a muddy field while playing flag football with some friends. Since that time, he has had progressively worsening redness and pain in his left thigh. ",C,A,False,A
614,"A 75-year-old man presents to the emergency department with a racing heart and lightheadedness for 3 hours. He has had similar episodes in the past, but the symptoms never lasted this long. He denies chest pain, shortness of breath, headaches, and fevers. He had a myocardial infarction 4 years ago a",C,C,True,C
615,"A 31-year-old man, who was hospitalized for substance-induced psychosis two days prior, has had episodic neck stiffness and pain for the past 8 hours. These episodes last for approximately 25 minutes and are accompanied by his neck rotating to the right. During the last episode, he was able to relie",A,A,True,A
616,"A 31-year-old man presents to his primary care physician with fevers, chills, and night sweats. After a physical exam and a series of laboratory tests, the patient undergoes a lymph node biopsy (Image A). Three days later, while awaiting treatment, he presents to his physician complaining of general",D,A,False,A
617,"A microbiologist has isolated several colonies of Escherichia coli on an agar plate. The microbiologist exposes the agar plate to ciprofloxacin, which destroys all of the bacteria except for one surviving colony. Which of the following is the most likely mechanism of antibiotic resistance in the sur",B,B,True,B
618,"A 48-year-old man is brought to the emergency department by his son with a fever over the past day. The patient’s son adds that his father has been having some behavioral problems, as well, and that he was complaining about bugs crawling over his skin this morning even though there were no insects. ",C,A,False,A
619,"Eight weeks after starting a new weight-loss medication, a 43-year-old woman with obesity comes to the physician because of greasy diarrhea, excessive belching, and flatulence. She also complains of progressively worsening night-time vision. She has had no fever, chills, or vomiting. Physical examin",D,D,True,D
620,A 70-year-old man with chronic heart failure presents to the emergency department due to difficulty in breathing. The patient is a known hypertensive for 20 years maintained on amlodipine and telmisartan. The physician notes that he is also being given a diuretic that blocks the Na+ channels in the ,C,A,False,A
621,"A 59-year-old man with a history of sickle cell disease presents to the emergency department for evaluation of his fever and night sweats. He is extremely lethargic and is unable to provide an adequate history to his physician. His wife noted that roughly 3 days ago, her husband mentioned that somet",D,B,False,B
622,A 30-year-old woman comes to the physician because of increasing weakness in both legs for 7 days. She also reports a tingling sensation in her legs that is exacerbated by taking a hot shower. She is sexually active with one male partner and does not use condoms. Her temperature is 37.8°C (100.1°F).,C,C,True,C
623,A group of investigators is studying the association between a fire retardant chemical used on furniture and interstitial lung disease. They use hospital records to identify 50 people who have been diagnosed with interstitial lung disease. They also identify a group of 50 people without interstitial,A,A,True,A
624,A 41-year-old man is brought to the emergency department after a suicide attempt. His wife found him on the bathroom floor with an empty bottle of medication next to him. He has a history of major depressive disorder. His only medication is nortriptyline. His pulse is 127/min and blood pressure is 9,D,D,True,D
625,"A 23-year-old woman presents to the hospital for elective surgery. However, due to an unexpected bleeding event, the physician had to order a blood transfusion to replace the blood lost in the surgery. After this, the patient became irritable and had difficulty breathing, suggesting an allergic reac",B,A,False,A
626,"A 21-year-old man is brought to the emergency department 30 minutes after being found unconscious in his apartment by his mother. On arrival, he is unable to provide history. The mother reports that there is no history of serious illness in the family. The patient appears drowsy and dehydrated. His ",D,A,False,A
627,"A 30-year-old G4P3 woman at 38 weeks gestation is admitted to the labor and delivery unit complaining of contractions every 5 minutes for the past hour. Her previous births have been via uncomplicated caesarean sections, but she wishes to attempt vaginal delivery this time. Her prenatal care is nota",C,A,False,A
628,"A 42-year-old man comes to the physician to establish care. He recently moved to the area and has not been to a primary care physician for over 5 years. He has no history of serious illness, but has intermittent bilateral knee pain for which he takes 650 mg acetaminophen every other day. He is marri",C,C,True,C
629,"A 16-year-old boy is brought to the emergency department by ambulance from a soccer game. During the game, he was about to kick the ball when another player collided with his leg from the front. He was unable to stand up after this collision and reported severe knee pain. On presentation, he was fou",D,D,True,D
630,"A 64-year-old male with a past medical history of two myocardial infarctions presents to the emergency room with shortness of breath. He notes that he stopped taking his furosemide two weeks prior, because he ran out of pills. On exam, his oxygen saturation is 78%, his lungs have crackles throughout",D,D,True,D
631,A 50-year-old man presents to the office with complaints of fever and chills for 4 weeks. He adds that he is fatigued all the time and has generalized weakness. He has drenching night sweats and has had 2 episodes of non-bilious vomiting over the past few days. He traveled to the Netherlands for 4 d,B,B,True,B
632,"A 41-year-old woman presents with shortness of breath that is worse when she lies on her left side. About 10 days ago, she had an episode of unexplained loss of consciousness. Past medical history is negative and family history is irrelevant. Clinical examination shows a diastolic murmur, which is p",D,D,True,D
633,"A 25-year-old man presents with painless swelling of the neck for the past week. He reports no recent fevers, night sweats, or weight loss. His past medical history is significant for human immunodeficiency virus (HIV) infection, which was diagnosed last year. He also experienced a head trauma 5 yea",B,B,True,B
634,A 67-year-old woman presents to her primary care physician for urinary incontinence. She has been waking up every morning with her underwear soaked in urine. She notices that at work if she does not take regular bathroom breaks her underwear will have some urine in it. She urinates 5 to 11 times per,A,A,True,A
635,"A 55-year-old man presents into the emergency department with a severe cough and difficulty breathing. He says that he finds himself out of breath after taking a few steps, and has to sit down and rest, in order to continue. He also says that, at night, he has the greatest difficulty in breathing an",B,A,False,A
636,"A 2-day-old boy delivered at 34 weeks gestation is found to have a murmur on routine exam. He is lying supine and is not cyanotic. He has a pulse of 195/min, and respirations of 59/min. He is found to have a nonradiating continuous machine-like murmur at the left upper sternal border. S1 and S2 are ",A,A,True,A
637,"A 12-year-old girl is brought to your psychiatry office by her parents, who are concerned that she has not made any friends since starting middle school last year. The girl tells you that she gets nervous around other children, as she cannot tell what they are feeling, when they are joking, or what ",A,B,False,B
638,"Four days after admission to the hospital for pneumonia, a 68-year-old woman develops abdominal pain and watery, foul-smelling diarrhea. Current medications include intravenous ceftriaxone and oral azithromycin. Stool cultures grow gram-positive, anaerobic rods. She is moved to an isolated hospital ",A,B,False,B
639,A 1-month-old girl is brought to the pediatrician by her parents. They are concerned that she becomes lethargic and irritated between meals. They found that feeding her often with small servings helps. She was born at 39 weeks via spontaneous vaginal delivery and is meeting all developmental milesto,A,B,False,B
640,A 4-year-old boy presents for a routine checkup. The patient’s parents say he was doing well until a few weeks ago at which time he started to complain of daily abdominal cramps and occasional muscle pains. His mother also noticed that he has been less active than usual. The parents deny any complai,D,D,True,D
641,"A 39-year-old woman with poorly controlled systemic lupus erythematosus (SLE) presents to her rheumatologist for a follow-up visit. She has had intermittent myalgias, arthralgias, fatigue, and skin rashes over the past 10 years that have acutely worsened over the past year. She works as a school tea",A,A,True,A
642,A 40-year-old woman presents with severe shortness of breath. The patient is unable to provide a history due to her breathing difficulties. The patient’s roommate says that she came home and found her in this state. She also says that they both occasionally take sleeping pills to help them fall asle,A,A,True,A
643,"A 74-year-old woman is brought to her primary care doctor by her adult son. The son says she has been very difficult at home and is ""losing it"". He seems very frustrated about her diminishing ability to take care of herself the way she used to and no longer thinks he can trust her watching his child",D,D,True,D
644,"An investigator is studying the effects of different gastrointestinal regulatory substances. A healthy subject is asked to eat a meal at hour 0, and the pH of stomach contents and rate of stomach acid secretions are measured over the next 4 hours. Results of the study are shown. Which of the followi",B,B,True,B
645,"A 45-year-old woman comes to the physician with a lump on her throat that has steadily increased in size over the past 5 months. She does not have difficulties swallowing, dyspnea, or changes in voice. Examination shows a 3-cm, hard swelling on the left side of her neck that moves with swallowing. T",B,B,True,B
646,"A 53-year-old female patient comes to the physician’s office for her annual check-up visit. She has no complaints and her past medical history is notable for diabetes and hypertension. During this visit, the patient undergoes screening procedures per guidelines including a mammogram. On the screenin",B,B,True,B
647,"A 2-month-old girl is brought to the pediatrician by her concerned father. He states that ever since her uncomplicated delivery she has failed to gain weight, has had chronic diarrhea, and has had multiple bacterial and viral infections. During the course of the workup, an absent thymic shadow is no",B,B,True,B
648,"A 1-year-old boy is brought to the clinic by his parents for a regular check-up. His weight, height, and head size were found to be in the lower percentile ranges on standard growth curves. His hair is tangled and has a dry, brittle texture. Genetic testing reveals that the patient has a connective ",A,A,True,A
649,A 15-year-old girl is brought to the physician because she has not had a menstrual period. There is no personal or family history of serious illness. She is 165 cm (5 ft 5 in) tall and weighs 57 kg (125 lb); BMI is 21 kg/m2. Vital signs are within normal limits. Examination of the breasts shows a se,A,A,True,A
650,"A 51-year-old man presents the emergency room with chest pain. He mentions that the pain started several hours ago and radiates to his left neck and shoulder. He also mentions that he has some difficulty in breathing. He says that he has had similar chest pains before, but nothing seemed to be wrong",C,C,True,C
651,"A 45-year-old woman presents to the physician for a follow-up visit. She has no specific complaints at this visit however, she has noticed that she is more tired than usual these days. At first, she ignored it and attributed it to stress but she feels weaker each week. She is sometimes out of breath",C,B,False,B
652,"An 89-year-old woman is brought to the emergency department by her husband because of diarrhea and weakness for 4 days. She has 2–3 loose stools every day. She has also had 3 episodes of vomiting. She complains of a headache and blurry vision. Three weeks ago, she returned from a cruise trip to the ",C,B,False,B
653,"A 45-year-old woman is brought to the emergency department by her husband due to upper abdominal pain, nausea, and vomiting for the past couple of hours. She had similar episodes in the past, which were often precipitated by food but resolved spontaneously. Her temperature is 38.3°C (101.0°F), heart",A,A,True,A
654,"A mother brings her 18-year-old daughter to your office because she has not menstruated yet. They recently immigrated from another country, and do not have any previous medical records. The adolescent girl looks relatively short, but otherwise looks healthy. She has no complaints except for mild int",A,A,True,A
655,"A 62-year-old woman with a pancreatic insulinoma is being prepared for a laparoscopic enucleation of the tumor. After induction of general anesthesia, preparation of a sterile surgical field, and port placement, the surgeon needs to enter the space posterior to the stomach to access the pancreatic t",B,B,True,B
656,A 55-year-old man is brought to the emergency room by his wife for severe abdominal pain for the past 1 hour. He is unable to give more information about the nature of his pain. His wife says that he has peptic ulcer disease and is being treated with antacids without a good response. She adds that h,D,D,True,D
657,"A 62-year-old man presents with episodes of palpitations for the past 3 weeks. He says that he has episodes where he feels his heart is ‘racing and pounding’, lasting 1–2 hours on average. Initially, he says the episodes would happen 1–2 times per week but now happen almost every day. This last epis",D,A,False,A
658,"In 2005, a group of researchers believed that prophylactically removing the ovaries and fallopian tubes (bilateral salpingo-oophorectomy) in BRCA-mutation positive women would reduce the chance that they developed breast cancer. To test this hypothesis, they reviewed a database of women who were kno",C,C,True,C
659,"A 64-year-old man with a history of type 2 diabetes mellitus is referred to a urologist. The patient has had pain when urinating and difficulty starting a stream of urine for over 4 months now. He is bothered because he has to urinate about 9 times every day, including several times when he wakes up",C,B,False,B
660,A 35-year-old man presents with a 7 month history of insomnia. The patient admitted to having trouble sleeping from a young age but became more aware of how much this is affecting his health after attending a sleep conference earlier this year. He is worried that his health has suffered because of t,A,A,True,A
661,A 3-year-old girl is brought to the cardiologist because of sweating and respiratory distress while eating. She is at the 30th percentile for height and 15th percentile for weight. Echocardiography shows a defect in the membranous portion of the interventricular septum and a moderately decreased lef,A,A,True,A
662,"A 58-year-old man comes to the emergency department because of increasing shortness of breath and a nonproductive cough for the last week. Three weeks ago, he had a fever and a cough for 6 days after he returned from a trip to Southeast Asia. He has had a 4-kg (9-lb) weight loss over the past 3 mont",D,D,True,D
663,"A 58-year-old man is brought to the emergency department because of sudden-onset right-sided body numbness for 1 hour. He reports that he has a 15-year history of hypertension treated with hydrochlorothiazide. He is alert and oriented to time, place, and person. Neurological examination shows decrea",D,D,True,D
664,A 9-year-old boy is brought in by his mother because of bruising on his torso and limbs. The patient’s mother denies any other symptoms and says he is otherwise healthy. Physical examination shows multiple petechiae and bruising on the torso and extremities bilaterally. The remainder of the physical,C,D,False,D
665,"A 31-year-old man comes to the physician because of a 4-week history of a painless lump near the left wrist and tingling pain over his left hand. Physical examination shows a transilluminating, rubbery, fixed, non-tender mass over the lateral volar aspect of the left wrist. There is decreased sensat",B,D,False,D
666,"A 52-year-old man comes to the physician for the evaluation of a painless right-sided scrotal swelling. The swelling started several weeks ago but is not always present. Physical examination shows an 8-cm, soft, cystic nontender right-sided scrotal mass that transilluminates. The mass does not incre",A,B,False,B
667,"A 40-year-old patient is brought into the emergency department after suffering a motor vehicle crash where he was pinned underneath his motorcycle for about 30 minutes before a passerby called 911. While evaluating him per your institution's trauma guidelines, you discover pain upon palpation of his",A,A,True,A
668,An 18-month-old boy is brought to the physician by his mother because of a 2-day history of fever and a pruritic rash that started on his trunk and then progressed to his face and extremities. He has not received any childhood vaccinations because his parents believe that they are dangerous. His tem,B,B,True,B
669,"A 43-year-old male is brought to the emergency department after his son found him vomiting bright red blood. He is visibly intoxicated, and hospital records indicate a long history of alcohol substance abuse treated with antabuse (disulfiram). Vital signs include T 98.4, HR 89, BP 154/92, and RR 20.",B,A,False,A
670,A medical student is preparing a patient for an appendectomy. He is asked by the surgeon to disinfect the patient’s skin with a chlorhexidine-isopropyl alcohol solution before the procedure. Recent studies have shown that this solution substantially reduces the risk of surgical site infections compa,D,C,False,C
671,"A 19-year-old man with a past medical history significant only for facial acne presents with increased inguinal pruritis. Relevant social history includes participation in school wrestling. He has no significant family history. Other than the pruritic rash, a review of systems is negative. On physic",B,B,True,B
672,A 6-week-old girl is brought to the pediatrician for a post-natal visit. She was born at 38 weeks gestation to a 25-year-old woman via an uncomplicated spontaneous vaginal delivery. The mother reports that prenatal screening revealed no developmental abnormalities and that the baby has been gaining ,B,B,True,B
673,"A 7-year-old boy is brought to the physician because of a 3-week history of burning sensation in his mouth. One year ago, a peripheral blood smear performed during workup of fatigue revealed erythrocytes without central pallor. His father had gallstones, for which he underwent a cholecystectomy at t",D,B,False,B
674,An experimental new drug in the treatment of diabetes mellitus type 2 was found to increase the levels of incretins by preventing their degradation at the endothelium. This further increased glucose-dependent insulin production. Which of the following drugs has a mechanism of action most similar to ,A,A,True,A
675,"A 60-year-old man with severe persistent asthma since the age of 14 presents with an acute exacerbation of shortness of breath, wheezing, and coughing over the last several days. His asthmatic symptoms are usually well controlled with regular high-dose inhaled triamcinolone, but over the last week o",C,C,True,C
676,A 75-year-old man is admitted to the hospital because of a 3-day history of a productive cough and shortness of breath. His temperature is 38°C (100.4°F) and respirations are 32/min. Crackles are heard over the right upper and the entire left lung fields. Sputum culture confirms infection with Strep,A,B,False,B
677,"A 2-month-old infant is brought to the emergency department by her mother due to a fall. Tearfully, the patient’s mother describes witnessing her child fall from the changing table. The patient was born prematurely at 36 weeks estimated gestational age via vacuum-assisted vaginal delivery. The patie",A,B,False,B
678,"A researcher is interested in identifying the most effective treatment for uncomplicated urinary tract infections (UTI) in women between the ages of 18 and 50. Of 200 consecutive women who present to the emergency room for such a UTI, 50 are randomized to each of the following: nitrofurantoin 100 mg",B,B,True,B
679,"A 31-year-old man comes to the emergency department because of acute onset neck pain and enlargement. Specifically, he reports that he has been experiencing pain and swelling of the anterior portion of his neck near the midline. Otherwise, he says that he has been getting tired easily and feels cold",B,B,True,B
680,A 25-year-old man presents to the office because of extreme fatigue for the past 2 days. He is also worried about his skin looking yellow. He does not have any other complaints and denies fever and headache. He admits to using illicit intravenous drugs in the past. He does not have any immunization ,D,D,True,D
681,A 29-year-old female presents to her primary care provider with an aching pain in her left leg that has progressively gotten worse over several days. She recently had an unfortunate sporting incident resulting in large bruises along both legs and lower thighs. An X-ray after the event was negative f,B,B,True,B
682,"A 22-year-old woman with a history of asthma visits her physician for worsening shortness of breath. She states that she feels as though her “lungs are falling apart,” noting that her lung function has been steadily deteriorating. She further states that she has visited a number of other physicians ",D,D,True,D
683,"A 30-year-old man is brought to the emergency department with complaints of fever (41.5℃ (106.7℉)) and diarrhea for the past 12 hours. There is no history of headaches, vomiting, or loss of consciousness. The past medical history is unobtainable due to a language barrier (the patient recently immigr",C,B,False,B
684,A 12-year-old girl is brought to the emergency department 3 hours after the sudden onset of colicky abdominal pain and vomiting. The patient also manifests symptoms of redness and swelling of the face and lips without pruritus. Her symptoms began following a tooth extraction earlier in the morning. ,B,D,False,D
685,"A healthy 21-year-old man undergoes physical fitness testing prior to long-term submarine deployment. To evaluate his pulmonary function, lung and thoracic compliance are measured at different system pressures. A graph of the relationship between his lung volume and transpulmonary pressure is shown.",C,C,True,C
686,"A 3-day-old boy is brought to the emergency department because of a 4-hour history of somnolence, poor feeding, and one episode of vomiting. He is exclusively breastfed. His serum glucose concentration is 88 mg/dL and his serum ammonia concentration is 850 μmol/L (N<90). Urinalysis shows an increase",A,A,True,A
687,"A 31-year-old woman comes to the physician because of dragging pelvic pain and a 3 kg (6 lb 9 oz) weight loss over the past 6 months. Menses occur at irregular 30- to 45-day intervals; her last menstrual period was 5 weeks ago. Her temperature is 38°C (100.4°F), heart rate is 102/min, and blood pres",A,D,False,D
688,A 55-year-old man comes to the emergency department with the complaint of pain in his right toe for the past hour. The pain is so severe that it woke him up. The patient has smoked a pack of cigarettes daily for the last 40 years and binge drinks alcohol after work and on the weekends. He underwent ,A,C,False,C
689,"A 33-year-old man presents to the infectious diseases clinic for follow-up. He was recently admitted to the hospital with fever, shortness of breath, and cough, and was found to have Pneumocystic jirovecii pneumonia and a new diagnosis of HIV. His CD4 count is 175, viral load is pending. As part of ",C,A,False,A
690,"A 67-year old man presents to his primary care physician for his yearly checkup. He has not noticed any major changes in his health over the last year but says that unfortunately, he stopped exercising because he has been stressed by work. His past medical history is significant for obesity, hyperte",A,A,True,A
691,A 29-year-old woman presents to her OB/GYN for a preconception visit. She wishes to become pregnant within the next several months. A thorough history reveals that the patient suffers from phenylketonuria (PKU). She recalls being instructed by prior physicians to follow a diet that avoids certain fo,B,B,True,B
692,A 47-year-old man presents to his family physician with a sudden onset of severe pain and redness in his eyes that started this morning. He is having difficulty seeing properly and is extremely worried about losing his vision. Further history reveals that he has had progressive lower back pain for o,C,A,False,A
693,"A 38-year-old woman presents to her physician’s clinic for recurrent episodes of chest pain that wakes her from her sleep. While usually occurring late at night, she has also had similar pains during the day at random times, most recently while sitting at her desk in her office and at other times wh",B,B,True,B
694,"A 16-year-old male presents to his pediatrician with complaints of malaise, fatigue, sore throat, and fever over the last several days. His vital signs are as follows: T 39.1 C, HR 82, BP 122/76, RR 14, and SpO2 99%. Physical examination is significant for splenomegaly, tonsillar exudate, and poster",A,D,False,D
695,"A 75-year-old man comes to the physician because of a 7-day history of nausea and vomiting. Over the past 2 days, he has also been feeling weak and tired. When standing up after sitting for a while, he feels dizzy. He says he has to go to the bathroom more often than usual, and that he is urinating ",B,D,False,D
696,"A 38-year-old woman presents to her primary care physician for her yearly exam. Her only complaint is difficulty losing weight. Her BMI is 34 kg/m^2. In addition to a standard physical exam, the physician orders a glucose tolerance test. The woman's fasting blood glucose level is 120 mg/dL and two-h",D,D,True,D
697,"A 35-year-old male presents to the emergency department for evaluation of hemoptysis. A chest X-ray reveals bilateral focal pulmonary consolidation. On further questioning, he admits having hematuria. Urinalysis shows RBC casts and 400 mL of urine is excreted in 24 hours. What is the most likely cau",D,D,True,D
698,A 34-year-old man comes to the physician with a 2-month history of difficulty concentrating at work. He is worried he may lose his job due to poor performance. He feels constantly tired but attributes his fatigue to waking up early most mornings and being unable to fall back asleep. His wife has not,A,D,False,D
699,"A 25-year-old female presents to her primary care physician complaining of double vision. She first started seeing double after a long day at her work as a radiation technologist. Since then, her vision has appeared to worsen in the evenings. She has also felt worsening fatigue despite no change in ",A,A,True,A
700,"A 76-year-old woman visits a physician for a general medical examination. She is asymptomatic. Six months prior, she had a cerebral stroke with left hemiparesis, from which she has almost completely recovered with physiotherapy. She has a history of hypertension and atrial fibrillation (AF). She has",B,B,True,B
701,"A 4-year-old boy is brought to his primary care physician for a physical prior to beginning a preschool program. He is found to be delayed in reaching normal childhood cognitive and social milestones, which is consistent with observations at previous check-ups. Physically, he is also found to be sig",C,D,False,D
702,Accurate and rapid identification of individuals with tuberculosis (TB) is crucial to accomplishing the goal of the World Health Organization (WHO) to eliminate this disease. One of the key strategies for the detection of TB is the use of tuberculin skin testing as a globally pertinent screening met,C,D,False,D
703,"A 55-year-old caucasian male is transferred to a tertiary care hospital from a small county hospital where he presented with jaundice and severe abdominal pain that radiates to the back. While in the county hospital, he did not develop fever, and his vital signs were stable for the 48 hours he spent",D,D,True,D
704,"A one-week-old, full-term infant born by uncomplicated vaginal delivery is brought to a pediatrician by his mother, who notes that her daughter's skin appears yellow. She reports that the child cries several times per day and sleeps 7-8 hours at night, uninterrupted. She has been breastfeeding exclu",D,D,True,D
705,"A 35-year-old woman arrives to the clinic complaining of progressive urinary leakage that has occurred for the past 1 year. At first, she would notice leakage only during athletic exercise, but now the incontinence occurs even when she laughs or coughs. The patient states that she goes to the bathro",C,C,True,C
706,"A 24-year-old woman presents to the emergency department after an episode of altered mental status. She was at a party when she suddenly fell to the floor. Her friends state that she was not responsive and was acting oddly. After the episode, the patient seemed confused and had no memory of the even",B,D,False,D
707,"A 47-year-old woman presents to a physician for evaluation of vomiting and diarrhea for 2 days. Her symptoms began following a company picnic a few days ago. Initially, she was unable to tolerate any solids or liquids by mouth, but now has been able to drink sips of water. She had a mild headache, w",C,C,True,C
708,"A one-week-old boy presents with yellow sclerae, severe lethargy, and decreased muscle tone. His mother notes that the symptoms started shortly after birth and have been progressively worsening. The patient is breast fed and takes no medications. His labs are within normal limits with the exception ",A,C,False,C
709,"A researcher is conducting an experiment on the mouse kidney to study the relative concentrations between the tubular fluid and plasma of a number of substances along the proximal convoluted tubule. Based on the graph shown in figure A, which of the following best describes the tubular fluid-to-plas",A,A,True,A
710,"A 62-year-old man comes to the emergency department because of right-sided back pain, nausea, and dark urine. He reports alternating episodes of decreased urine output followed by a temporary increase in urine output for the past 2 days. In the past year, he has had two urinary tract infections. He ",C,D,False,D
711,"An 8-year-old boy is brought to the physician because he has excessively dry skin. His mother says that he has had dry, scaly skin since he was 6 months old. She says it is worse in winter and better in summer. There is no associated itching, redness, or discharge. Examination reveals generalized fi",C,C,True,C
712,"A 29-year-old woman, gravida 3, para 2, at 24 weeks' gestation comes to the emergency department because of vaginal bleeding and mild pelvic pain for 2 hours. Her current pregnancy was achieved by means of in vitro fertilization due to azoospermia in her partner. Prenatal course has been uncomplicat",C,C,True,C
713,A 16-year-old boy is rushed to the emergency room with acute vomiting and abdominal pain that began earlier today. His parents say that the boy was doing well until two days ago when he told them that he was feeling unwell. He has diabetes and takes insulin but stopped taking it when he began to fee,A,A,True,A
714,A 28-year-old male presents to the emergency department with chest pain. He reports that one hour ago he was climbing the stairs in his home when he suddenly developed excruciating chest pain. He describes the pain as ripping and radiating to the back. The patient’s past medical history is significa,B,A,False,A
715,"A mother brings her 6-year-old daughter to the pediatrician to discuss her child's sleeping troubles. Three times now in the last month the child has begun screaming and crying in the middle of the night. When the parents rush to the child's room, they find her crying inconsolably. They try to ask h",B,B,True,B
716,"An 18-year-old woman comes to the physician because of a pruritic rash on her back for the past 2 hours. This morning, she started a course of ceftriaxone for treatment of pyelonephritis. A photograph of the rash is shown. This patient's skin findings are most likely associated with which of the fol",C,C,True,C
717,"Two hours after admission to the hospital for dialysis, a 63-year-old woman has severe pain in her lower back. The pain is 8 out of 10 in intensity and radiates down the legs. She underwent a laparoscopic cholecystectomy 4 years ago. She has hypertension, chronic kidney disease, type 2 diabetes mell",B,B,True,B
718,"A 50-year-old man comes to the physician because of swelling of his legs for 2 months. Three months ago, he was diagnosed with hypertension and started on a new medication. His blood pressure is 145/95 mm Hg. Physical examination shows 2+ edema in both lower extremities. Laboratory studies are withi",D,A,False,A
719,An investigator is studying the function of different enzymes in various human cell types. A subset of normal human cells with an elevated intracellular concentration of bisphosphoglycerate mutase is harvested and isolated. Which of the following is most likely to be absent in these cells?,A,B,False,B
720,"A 28-year-old woman is brought to the emergency room after a motor vehicle accident. On arrival, she is stable and says that she hit a car at an intersection that ""came out of nowhere"". She states that she had similar close encounters with other cars these past few weeks but was able to avoid collis",B,D,False,D
721,"A 23-year-old woman comes to the physician because of a 2-month history of episodic headaches associated with dizziness, nausea, and vomiting. Over-the-counter pain medications have failed to reduce her symptoms. An MRI of the brain shows isolated dilation of the left lateral ventricle. This dilatat",B,B,True,B
722,"A 20-day-old child is brought to the emergency department by her parents. They are concerned about lethargy and easy bruising. Her mother reports that she has been eating less for the past few days. Today she was difficult to arouse. She normally nurses four-five times a day, but ate less yesterday ",D,D,True,D
723,"A 10-year-old boy is brought to the physician because of a generalized, non-itchy rash for 2 days. He has also had a fever and sore throat for 4 days. He has not received any routine childhood vaccinations. Examination shows a flushed face except around his mouth. A diffuse, papular, erythematous ra",C,A,False,A
724,"A 32-year-old man presents to the emergency department with fever, nausea, and vomiting. The patient states that his symptoms started last night and have persisted to this morning. He has a past medical history of asthma, and his current medications include albuterol and fluticasone. His temperature",D,A,False,A
725,"A 64-year-old man comes to the physician with a 1-week history of sore mouth. He says that swallowing is not painful. He has had asthma for more than 20 years. His only medication is a high-dose combination salmeterol/fluticasone inhaler. His temperature is 37.1°C (98.8°F), pulse is 74/min, respirat",C,C,True,C
726,"A 56-year-old woman is brought to the emergency department because of a 2-day history of fever, chills, nausea, and flank pain. She has multiple sclerosis and a chronic indwelling bladder catheter for neurogenic bladder dysfunction. One week ago, she was discharged from the hospital after treatment ",D,D,True,D
727,"A 26-year-old man comes to the physician for episodic fever, recurrent night sweats, and a 6-kg (14.2-lb) weight loss over the past 2 months. He reports that the fever lasts for 7 to 10 days, then subsides completely for about a week before returning again. His temperature is 39°C (102.2°F). Physica",A,A,True,A
728,"A 25-year-old woman comes to the physician for the evaluation of nausea for the last two weeks. During this period, she has had increased urinary frequency and fatigue. She also reports two episodes of non-bloody vomiting. There is no personal history of serious illness. Her last menstrual period wa",C,C,True,C
729,"A 6-week-old male infant is brought to the physician by his mother because of a 2-day history of recurrent nonbilious vomiting. Vomiting occurs almost immediately after most feeds. Each time, he becomes irritable while feeding and refuses to finish the bottle. He was born at 37 weeks' gestation and ",C,C,True,C
730,"A 5-year-old Syrian immigrant and her family present for an immigration physical. Her mother describes photophobia, bilateral lacrimation, eye itching, and eyelid swelling for the last week. She is known to have an allergy to cephalosporins. She was born at 39 weeks gestation via spontaneous vaginal",D,D,True,D
731,"Three days after induction chemotherapy, a 9-year-old boy is admitted to the hospital for fever and neutropenia. He was initially diagnosed with t(9;22)-positive acute T cell lymphoblastic leukemia following workup for fatigue and pancytopenia. He is fully conscious. His blood pressure is 110/65 mm ",B,B,True,B
732,"A 45-year-old homeless man comes to the emergency department because of progressive neck pain for 3 days. He also reports headaches and numbness in both hands. Over the past 4 months, he has had intermittent lower back pain after waking up. The back pain improves with movement. He also has recurrent",B,B,True,B
733,"A 1-month-old girl is brought to the emergency department with persistent vomiting, dehydration, and irritability. Over the past week, she has been projectile vomiting after most feedings. Initially, the vomiting would occur just once or twice a day, but now it occurs after every feed. However, her ",B,B,True,B
734,"A 10-year-old girl is brought to a clinic by her parents after 1 week of difficulty breathing, dry cough, and low-grade fevers. She has also developed shallow erythematous ulcers inside of her mouth. There is no history of chills, rigors, or headaches. Her appetite has decreased. The girl has been H",C,B,False,B
735,A 68-year-old man presents to the emergency department with confusion. The patient lives in a nursing home and has Alzheimer dementia at baseline. His nurse noticed that he was more confused than usual and was somnolent for the past 12 hours. The patient’s nurse also noticed that he was soiling his ,A,A,True,A
736,"A 68-year-old woman is referred to the outpatient psychiatry clinic from the medical clinic. The patient is being treated for urge incontinence but is being referred for psychiatric evaluation to help with some of her old avoidance behavior. For the 3 months that she had her urinary symptoms, she av",A,D,False,D
737,"A 55-year-old male presents to the emergency department with dyspnea and palpitations. He does not smoke cigarettes or consume alcohol, and past medical history is insignificant. Blood pressure is 115/75 mmHG and heart rate is 125/min. Heart rhythm is irregularly irregular. After initial treatment w",C,C,True,C
738,Public health researchers are reviewing data from an outbreak of hepatitis A that was traced to contaminated produce from a popular restaurant. A case series investigation with prospective and retrospective follow-up found that 500 individuals dined at the restaurant during the week of study. The in,A,A,True,A
739,A 30-year-old man is brought to the emergency room by ambulance after being involved in a motor vehicle collision. He was driving a motorcycle and collided with a bus. The EMT personnel found the patient alert with anterograde amnesia for the several minutes preceding the accident. Vital signs are w,A,A,True,A
740,"A 42-year-old man presents to his primary care physician for a follow-up visit. He has type 1 diabetes mellitus, for which he takes insulin. He complains of frequent episodes of waking up in the middle of his sleep. When he wakes up, he feels excessive sweating, hand tremors, and weakness. His morni",D,D,True,D
741,"A researcher conducts multiple experiments to establish an infection and disease model for Clostridium perfringens in chickens. To ensure that all instruments are free of the pathogenic organism, he uses a disinfectant that oxidizes and denatures proteins. Which of the following disinfectants did th",A,A,True,A
742,"A 23-year-old woman visits her obstetrician for an antenatal appointment. She is at the 24th week of gestation. She has had type 1 diabetes mellitus for 5 years and is on insulin. She also has mitral stenosis, for which she has been advised to undergo a balloon valvotomy. Her temperature is 37.1°C (",B,B,True,B
743,"A 63-year-old man presents to the physician with a complaint of back pain for the past 2 months. The pain is present throughout the day, and even at night when he lies down. He also complains of difficulty walking upstairs and says he recently started to wear adult diapers because he seems to have d",B,B,True,B
744,An 18-year-old college student presents to the student health clinic complaining of excessive sleepiness. He first noticed the daytime sleepiness about a year ago but reports that it significantly worsened once he started college. He reports that he goes to bed around 9 p.m. and wakes up for class a,C,C,True,C
745,"A 63-year-old woman with end-stage renal disease complains of feeling lightheaded after her hemodialysis sessions for the past month. She worries she might eventually lose her balance and fall. She has had diabetes mellitus for 22 years. Her medications include folic acid, vitamin B12, amlodipine, a",A,C,False,C
746,"A 34-year-old woman presents to the emergency room with a fever. She developed worsening malaise and diaphoresis over the past 48 hours. Her maximum temperature was 102°F (38.9°C) taken the night before presentation. Her past medical history is notable for major depressive disorder, obesity, fibromy",B,A,False,A
747,"A 47-year-old man presents with hemoptysis, diffuse muscle pain, and shortness of breath. He has had these symptoms before but did not seek treatment. His past medical history is not known as he is not typically followed by a doctor and is homeless. His temperature is 99.0°F (37.2°C), blood pressure",C,C,True,C
748,"A 39-year-old woman presents with headaches, constipation, increased thirst, and increased urinary frequency. Her blood pressure is 160/100 mm Hg and pulse is 67/min. Blood tests reveal high blood glucose and low potassium level. Abdominal CT scan shows a well-circumscribed homogeneous mass in the l",A,B,False,B
749,A 55-year-old man presents to the emergency department with a headache. He states that this is the worst headache he has ever had and that his symptoms have not been improving. The patient complains of pain in his jaw that is worse when he chews. He has a past medical history of insomnia and is curr,C,A,False,A
750,"A 34-year-old man with acute lymphocytic leukemia presents for follow-up in the oncology clinic after his second cycle of chemotherapy. In addition to intermittent nausea, he has mild weakness, tingling, and numbness in his left hand. With his affected hand, he is able to grip, but occasionally drop",B,B,True,B
751,"A 1-day-old infant is in the neonatal intensive care unit due to respiratory failure from pulmonary hypoplasia. The mother is a healthy 32-year-old woman who did not have regular prenatal exams. On physical examination, you notice low-set ears and retrognathia with abnormal extremity development. Wh",B,C,False,C
752,"A 47-year-old woman with metastatic breast cancer who is undergoing chemotherapy comes to the physician for a follow-up exam. She reports extreme fatigue since beginning her chemotherapy regimen. Her pulse is 98/min, respirations are 16/min, and blood pressure is 132/84 mm Hg. Her hemoglobin is 10.4",C,D,False,D
753,"A male newborn born at 27 weeks' gestation is evaluated for rapid breathing and hypoxia shortly after birth. His mother had no prenatal care. Cardiopulmonary examination shows normal heart sounds, intercostal retractions, and nasal flaring. An x-ray of the chest shows low lung volumes, air bronchogr",C,C,True,C
754,"A 38-year-old woman is brought to the emergency department because of three 1-hour episodes of severe, sharp, penetrating abdominal pain in the right upper quadrant. During these episodes, she has had nausea and vomiting. She has no diarrhea, dysuria, or hematuria and is asymptomatic between episode",B,B,True,B
755,"A 31-year-old G1-P0 woman at 28-weeks gestation presents with shortness of breath and nonspecific right-sided chest pain that is worse with inspiration. She works as a graduate student at the local university, and she informs you that she recently returned to the west coast from a trip to New York f",C,D,False,D
756,"An otherwise healthy 29-year-old man presents to his family physician with a slowly growing left neck mass for the past 5 weeks. He denies fever or recent upper respiratory tract infections. His temperature is 37.1°C (98.7°F), the blood pressure is 115/72 mm Hg, and the pulse are 82/min. On examinat",B,B,True,B
757,"An 18-year-old woman is brought to the emergency department because of lightheadedness and a feeling of dizziness. She has had nausea, occasional episodes of vomiting, myalgia, and a generalized rash for the past week. She also reports feeling lethargic. She has no shortness of breath. There is no f",D,D,True,D
758,"A 62-year-old man presents to the emergency department for evaluation of a low-grade fever, worsening fatigue, and mild intermittent abdominal pain that is not affected by eating. He reports that over the last 6 months he slept a lot more than usual and lost 14.9 kg (33 lbs) without trying to lose w",D,B,False,B
759,A 33-year-old woman presents to the clinic for follow-up of her AIDS treatment with highly active anti-retroviral therapy (HAART). She is in good spirits and has been fully compliant with her medications and clinic visits. Other medications include prophylactic co-trimoxazole. Recent blood studies s,C,C,True,C
760,A 77-year-old woman is brought to the emergency department by her husband because of increasing confusion and unusual behavior for 2 days. She has been mumbling to herself and wandering around the neighborhood. These symptoms are worse in the evenings and she has hardly slept at night. She has not b,B,A,False,A
761,"A 39-year-old woman comes to the physician because of fever, generalized fatigue, and chills for 1 week. She has been having dull right-side abdominal pain during this period. She has nausea. She has no history of travel outside the United States. She has type 1 diabetes mellitus. Current medication",D,A,False,A
762,A 57-year-old man presents to his primary care physician for follow-up of his diabetes. He was diagnosed with type 2 diabetes 3 months ago and has been started on metformin and lifestyle modifications. The patient does not have any current complaints except for occasional numbness in both hands and ,C,B,False,B
763,"A 42-year-old chronic alcoholic man was admitted to the hospital for inappropriate behavior and disturbed memory. He presents with severe retrograde memory loss, confusion, and confabulation. Neurologic examination showed horizontal nystagmus. He also has bilateral pretibial pitting edema and perior",A,C,False,C
764,"A 28-year-old woman, gravida 2, para 1, at 40 weeks gestation is brought to the emergency department by her husband. She is in active labor and has lost a lot of blood in the past 2 hours, but appears alert and cooperative. At the hospital, her blood pressure is 88/65 mm Hg, the pulse is 110/min, an",C,C,True,C
765,A 7-year-old boy is brought to your office with complaints of wheezing and dyspnea. Laboratory work reveals eosinophilia and positive skin tests for allergens. Which of the following types of drugs would be an effective treatment in this patient?,C,A,False,A
766,A 16-year-old healthy female presents to her pediatrician concerned that she has not had a menstrual period. She has no past medical history and takes no medications. She plays volleyball and gets good grades in school. Her BMI is 22 kg/m2. Physical examination reveals normal female external genital,D,D,True,D
767,"A 61-year-old nulliparous woman comes to the physician for a follow-up examination. Her last Pap smear 3 years ago showed atypical squamous cells of undetermined significance. HPV testing was negative at that time. On questioning, she has had fatigue and an increase in abdominal girth despite a 5-kg",A,A,True,A
768,"An unresponsive 92-year-old man is brought to the emergency department by ambulance and is quickly followed by his grand-daughter. Approx. 1 month ago, he had a radical prostatectomy, pelvic radiation, and several rounds of chemotherapy for aggressive prostate cancer in Nicaragua and was discharged ",B,B,True,B
769,"A 51-year-old man presents to his primary care provider for intermittent shaking of his hands. He reports that for the last several years he has noticed this ""shaking"" when he brushes his teeth and prepares a cup of coffee in the morning. The shaking then gradually improves over the course of the da",C,B,False,B
770,"A pediatrician notices that 9 of her patients this year have developed paralysis after a flu-like illness. They range in age from 7 to 11, and most of them had no abnormal activities prior to developing the paralysis. These patients concern her because she has not seen this type of paralytic illness",B,D,False,D
771,"A 3-year-old boy is brought to the emergency department by ambulance after a motor vehicle accident. He is unconscious upon arrival and is found to have severe internal bleeding due to trauma. He is taken for emergency surgery and severely damaged tissues are removed. After surgery, the boy is taken",C,A,False,A
772,"A 25-year-old man presents to his primary care provider complaining of several weeks of intense itching, particularly localized around his anus. Of note, the patient denies any recent travel, sexual contacts, fever, dysuria, or diarrhea. His temperature is 98.1°F (36.7°C), blood pressure is 110/70 m",D,B,False,B
773,"A 21-year-old female presents to the office after a health screening in which she was found to have high blood pressure. At the office, the blood pressure is 168/114 mm Hg. You have seen the patient in the past for amenorrhea and infertility issues, but she denies taking any medication at this time.",A,A,True,A
774,A 25-year-old African American man presents to his primary care provider for routine blood work. He is a well-known case of sickle cell disease treated with hydroxyurea and tramadol as needed for pain. He does not smoke or drink alcohol. The patient asks if his disease can adversely affect his kidne,D,B,False,B
775,"A gunshot victim is brought to the Emergency Department and appears to be in shock. You note a penetrating wound at the level of L3. Assuming the bullet remained at this level, which vascular structure might have been injured?",A,B,False,B
776,"A clinical trial is conducted to test the efficacy of a new drug, A, to treat tinea versicolor. A total of 500 participants are recruited for the study and are randomized into 2 groups in equal numbers. Group 1, the study treatment group, is given drug A, while group 2, the control group, is given t",B,A,False,A
777,"A 38-year-old woman is being evaluated by her primary care physician for chronic, widespread pain that started around 5 months ago. This pain has been accompanied by sleeping issues. Her friend recommended that she try yoga to relieve the pain, but she says this has not helped her at all. Se says th",C,A,False,A
778,A 3rd year resident in good standing with his residency training program would like to work more hours outside his residency obligations to gain more experience and pay for his medical school loans. He currently works and trains 60 hours per week as a resident and has a 10-hour shift external to his,C,A,False,A
779,"A 29-year-old man presents to the emergency department after a motor vehicle accident. On presentation, he is found to have scalp and trunk lacerations that are still actively bleeding. He has no past medical history and does not take any medications. On presentation, his temperature is 98.6°F (37°C",D,D,True,D
780,"A 14-year-old teenager presents to his pediatrician complaining of frequent headaches and excessive fatigue during soccer practice. His mother notes that he seems to have gained a lot of weight despite the fact that he eats a healthy, well-balanced diet. His teachers have also become concerned becau",C,D,False,D
781,"Hypoxia-inducible factor 1-alpha (HIF-1a) is a transcription factor with increased activity under conditions of cellular hypoxia. In normoxia, von Hippel-Lindau (VHL) protein hydroxylates prolyl residues on oxygen-dependent degradation domains of HIF-1a, targeting it for proteasomal degradation. Hyd",D,D,True,D
782,"A 25-year-old primigravida is admitted to the hospital at 36 weeks gestation after a generalized tonic-clonic seizure. She is conscious, but lethargic and complains of a headache that started 2 hours prior to the seizure. She denies alcohol intake or drug use. She has no history of convulsive disord",D,D,True,D
783,A 3-year-old male is brought by his mother to the pediatrician's office. The mother and child are refugees from Somalia and arrived in the United States one week ago. They were recently placed in temporary housing. The mother reports that the child has been chronically tired and subdued since before,B,A,False,A
784,A 42-year-old woman presents to her obstetrician for a prenatal care appointment at 10 weeks gestation. The patient recently found out she was pregnant after having unprotected intercourse with her husband for the past year. She states that she is feeling well and has experienced some nausea and vom,B,D,False,D
785,"A 6-year-old boy is brought to the physician because of abdominal distention, fatigue, and night sweats over the past 4 months. He also has a 2-month history of post-prandial fullness and recurrent nonbilious vomiting. He appears pale. Abdominal examination shows hepatosplenomegaly and shifting dull",D,C,False,C
786,"A 14-year-old boy is brought to the emergency department by his mother after falling from the jungle gym and developing severe left knee pain and swelling. On presentation, he is found to be in pain with a hot, swollen, erythematous left knee. His past medical history is significant for abnormal coa",D,D,True,D
787,A 52-year-old man with Crohn disease comes to the physician because of a 1-week history of dysuria and urinary urgency. He had been treated for urinary tract infections twice in the past 6 months. He is currently taking infliximab. Cystoscopy shows pearl-like plaques on the bladder wall. Biopsy of t,C,A,False,A
788,"A 26-year-old gravida 2 para 1 at 24 weeks gestation is admitted to the labor and delivery suite with mild abdominal cramps, uterine contractions, and a watery vaginal discharge. She has a history of preterm birth. The vital signs are as follows: blood pressure 125/80 mm Hg; heart rate 100/min; resp",C,C,True,C
789,"A 55-year-old man is brought to the emergency department after collapsing at the grocery store and losing consciousness for 1 minute following a sudden onset of palpitations. He has no chest pain or dizziness. He has a history of hypertension, type 2 diabetes mellitus, and is currently being treated",C,C,True,C
790,A 56-year-old patient is being treated with oral amoxicillin for community-acquired pneumonia. The plasma clearance of the drug is calculated as 15.0 L/h. Oral bioavailability of the drug is 75%. Sensitivity analysis of a sputum culture shows a minimal inhibitory concentration of 1 μg/mL for the cau,B,B,True,B
791,"A 5-year-old boy is brought to his pediatrician’s office by his parents after they noticed blood in his urine. The child has been complaining of difficulty in passing urine and has lower abdominal pain. He seems more bloated than usual. On some occasions, he starts crying while passing urine, primar",A,D,False,D
792,"A 46-year-old woman presents with difficulty initiating sleep, as well as frequent nighttime awakenings. She reports making multiple mistakes at her office job, has an inability to concentrate, and feels sleepy throughout the day. She is worried that her sleeping troubles will cause her to get fired",B,B,True,B
793,"A 5-year-old girl is brought to her pediatrician for evaluation of difficulties noted at school. Her kindergarten teacher voiced her concern that the child ‘spaces out’ often and thinks she may have ADHD. The parents deny any history of head trauma or infection. Her blood pressure is 106/74 mm Hg, t",B,B,True,B
794,A 75-year-old man comes to the physician for the evaluation of progressive shortness of breath and fatigue over the past month. He reports that he cannot climb more than one flight of stairs without experiencing shortness of breath and dizziness. He has hypertension and hyperlipidemia. He has smoked,D,D,True,D
795,A 56-year-old man comes to the physician for a follow-up examination 1 week after a temporal artery biopsy was performed to evaluate headache and blurry vision. He has a 12-year history of hypertension treated with lisinopril. Results of the testing show decreased concentrations of arginine in vascu,C,C,True,C
796,"While traveling abroad a physician is asked to attend a meeting regarding healthcare in the region. The rate of chlamydial infection is exceptionally high in the area, and the local government is wanting to test a new treatment for these infections. To test the new therapy, the physician is asked to",C,C,True,C
797,A 48-year-old woman comes to the physician because of a 7-day history of progressively worsening shortness of breath. She has a history of asthma and has frequent exacerbations despite receiving maximal medical therapy. Physical examination shows scattered expiratory wheezing. Laboratory studies sho,D,D,True,D
798,"A 29-year-old G1P0 female presents at 22 weeks gestation for her first prenatal care appointment. Physical exam demonstrates a uterine size greater than expected for her gestational age and taut, shiny skin with scattered striae on her abdomen. Ultrasound examination of the fetus reveals 2.5 L of am",C,B,False,B
799,"A 68-year-old woman presents to the emergency room with chest pain. She reports sudden severe and crushing substernal chest pain that started 1 hour ago. Her past medical history is notable for hypertension, hyperlipidemia, diabetes mellitus, obesity, and a prior myocardial infarction requiring a co",B,B,True,B
800,"A 4-year-old child is rushed to the emergency department after developing sudden abdominal pain followed by nausea, vomiting, and dark, almost black-colored stool. Prior to the onset of symptoms, he was seen playing with his mother’s purse containing a bottle of vitamin supplements, which she takes ",B,A,False,A
801,"A 32-year-old woman comes to the physician because of fatigue, breast tenderness, increased urinary frequency, and intermittent nausea for 2 weeks. Her last menstrual period was 7 weeks ago. She has a history of a seizure disorder treated with carbamazepine. Physical examination shows no abnormaliti",B,C,False,C
802,"Three patients present to the pediatrician for routine well-child visits. The first child’s mother reports that he seems to be breastfeeding well and voids at least eight times per day. His stools are a yellow color, and he does not seem to be straining. In the office, he can lift his head and chest",D,C,False,C
803,"A 75-year-old woman presents to the emergency department with 30 minutes of slurred speech and arm weakness. On the drive over to the hospital, her symptoms have resolved completely. The patient has a past medical history of hypertension, atrial fibrillation, diabetes, morbid obesity, gout, and vasc",A,A,True,A
804,"A 45-year-old man presents to the emergency department with weakness. He states that it started yesterday and has been progressively worsening. Initially, he noticed blurry vision and some trouble speaking and swallowing but thought he was just coming down with a cold. He then noticed weakness of hi",A,C,False,C
805,A 79-year-old woman comes to the physician because of a 1-month history of difficulty starting urination and a vague sensation of fullness in the pelvis. Pelvic speculum examination in the lithotomy position shows a pink structure at the vaginal introitus that protrudes from the anterior vaginal wal,B,B,True,B
806,"A 30-year-old woman presents to the physician because of ongoing diarrhea for the past 1 month. She reports that diarrhea has been intermittently present for the past month. The stool is often loose and associated with blood and lower abdominal pain. She denies any recent travel history, and she wor",A,A,True,A
807,"A 45-year-old man presents to the emergency department after being stabbed 12 times in various parts of his body. Paramedics report extensive blood loss at the scene where he was found. Due to his Glasgow Coma Scale score of 3, an endotracheal airway and large-bore access are secured prior to arriva",A,A,True,A
808,"A 71-year-old woman presents to her physician accompanied by her son. She has no complaints, but her son states that the patient has impaired memory and poor orientation in space. She is ambulatory and is capable of self-care, but she tends to forget newly introduced information. Also, she got lost ",C,C,True,C
809,A 16-year-old teenager presents to the emergency department with a sudden onset of severe pain in his right knee. He describes the pain as the worst pain he has ever felt. He denies any recent trauma or injury to the knee. The joint appears red and swollen and is hot to the touch. He denies any lowe,B,B,True,B
810,"An otherwise healthy 49-year-old woman has a routine full blood count complete prior her elective cholecystectomy. The lab test results are as follows:
Laboratory test
Hemoglobin
12.1 g/dL
Mean corpuscular volume (MCV)
85 μm3
Mean corpuscular hemoglobin concentration (MCHC)
47%
Reticulocyte count
3.",A,B,False,B
811,"A 39-year-old man is brought to the physician by his wife because of personality changes over the past year. He has become increasingly irritable, loud, aggressive, and impulsive. His wife also reports jerky movements of his limbs and trunk for the past few months. His father had dementia in his mid",D,D,True,D
812,"A 45-year-old African-American woman comes to the physician after an episode of hemoptysis. Over the past 8 months, she has had a nonproductive cough, fatigue, and a 9-kg (20-lb) weight loss. She drinks a glass of wine every night and does not smoke. She has a history of hypertension and osteoarthri",D,D,True,D
813,A 70-year-old man with hyperlipidemia and hypertension returns to his cardiologist for ongoing blood pressure management. He reports feeling fine with no trouble with his medications. He exercises regularly and sleeps well without snoring or daytime somnolence. His blood pressure measurements in the,C,D,False,D
814,An 11-month-old boy is brought to the physician for a well-child examination. He is growing along with the 75th percentile and meeting all milestones. Physical examination shows a poorly rugated scrotum. The palpation of the scrotum shows only 1 testicle. A 2nd testicle is palpated in the inguinal c,D,D,True,D
815,A 24-year-old woman comes to the physician because of 1-day history of nausea and weakness. She has no history of serious illness. She is sexually active with 2 male partners and uses an oral contraceptive; she uses condoms inconsistently. Her last menstrual period was 4 days ago. Her temperature is,A,A,True,A
816,A 65-year-old woman comes to the physician for a routine bone mineral density screening. She does not have any children. Menopause was at age 55. Her mother died of breast cancer at the age of 48 years. She has hypertension for which she takes ramipril. Dual-energy x-ray absorptiometry at the femora,A,A,True,A
817,A multi-specialty physician practice is meeting to determine which compensation scheme would best serve the practice and its patient population. Which of the following are true in regards to physician compensation?,C,C,True,C
818,"A 29-year-old woman presents to her primary care doctor for a prenatal visit. She has just learned that she is pregnant and estimates she is approximately 6 weeks pregnant given the timing of her last menstrual cycle. She has a history of recurrent fetal loss. In total, she has had 4 miscarriages be",A,A,True,A
819,A 17-year-old girl is brought to the physician because she has not attained menarche. There is no personal or family history of serious illness. She is 168 cm (5 ft 5 in) tall and weighs 63 kg (139 lb); BMI is 22.3 kg/m2. Examination shows normal breast development. Scant axillary hair is present. A,D,A,False,A
820,"A 68-year-old man presents with a 6-month history of worsening fatigue and weight loss. He is especially concerned about a recent episode in which he noticed a blurring of his vision and headache; he also notes that his “memory is not as good as it used to be,” which his wife confirms. Physical exam",C,C,True,C
821,A 73-year-old woman is brought to the physician by her daughter for evaluation of impaired memory and word-finding difficulties for 2 years. She was recently asked to step down from her position as volunteer accountant for a local charity organization because she was no longer able to coordinate her,C,B,False,B
822,"A 27-year-old man presents to the emergency department due to a change in his skin color. The patient went on a long hike this morning, and his girlfriend noticed that his skin had changed color when they were driving home. The patient has a past medical history of marijuana use, IV drug use, alcoho",C,B,False,B
823,"A 40-year-old woman presents to the emergency department with severe left upper quadrant pain (duration 3 hours, stabbing quality, 10/10 on the pain scale). Past medical history is significant for sickle cell anemia. Physical examination is significant for severe tenderness to palpation in the left ",C,D,False,D
824,"A 47-year-old man with a history of HIV1 infection presents to his HIV clinic to discuss his antiretroviral medications. He is interested in including maraviroc in his maintenance regimen after seeing advertisements about the medication. On exam, his temperature is 98.8°F (37.1°C), blood pressure is",A,A,True,A
825,"A 16-year-old female presents to her physician’s office after noticing a round lump in her left breast 2 months ago. She reports that the lump seemed to enlarge and became tender just preceding her last 2 menses. It is otherwise painless, and the patient denies any discharge or skin changes. She has",C,C,True,C
826,"A 22-year-old woman presents to the emergency department with a headache. She has had episodic headaches like this in the past and states that her headache today is severe, worse when laying down, and not responding to ibuprofen. She also reports a transient episode of vision loss and current blurry",B,C,False,C
827,A 28-year-old woman presents to her primary care physician for evaluation of amenorrhea. Her last period occurred 4 months ago but she has not had sex in the last year and home pregnancy tests have come back negative. She first started having periods at age 13 and her periods have been unremarkable ,A,A,True,A
828,"A 57-year-old homeless man is brought to the emergency department because of several episodes of hematemesis in the past 24 hours. His vital signs include a temperature of 37.1°C (98.8°F), pulse of 95/min, and blood pressure of 85/60 mm Hg. On physical examination, he appears confused and unable to ",B,D,False,D
829,A 66-year-old man presents to the emergency department for a cough and fatigue. The patient was brought in from a nursing home with documentation stating that he has seemed confused for the past day according to the staff. The patient has a past medical history of diabetes and hypertension. He is cu,D,C,False,C
830,"A 72-year-old man in a nursing home was brought to the emergency department with right hand and leg weakness for 1 hour. There has been a gradual increase in the degree of weakness. The patient is disoriented. The medical history includes ischemic heart disease diagnosed 2 months ago, and long histo",B,B,True,B
831,"An 11-year-old boy was brought in by his mother with red tender bumps on his legs. The patient’s mother says that his symptoms started 3 days ago with a low-grade fever, malaise, and joint pain. He began to improve over the next 2 days, but this morning, when he woke up, she noticed multiple painful",A,A,True,A
832,"Two hours after admission to the hospital for rupture of membranes, a 35-year-old woman, gravida 3, para 2, at 40 weeks’ gestation is evaluated for the sudden onset of chills, dyspnea, confusion, and hypotension. The patient successfully underwent combined spinal-epidural anesthesia 1 hour ago. Her ",B,B,True,B
833,A 54-year-old male presents to his primary care physician complaining of fatigue. He reports that he recently went on a vacation to South America with his family but just wanted to stay in his hotel all day due to fatigue. His past medical history is notable for hyperlipidemia and hypertension. He t,D,A,False,A
834,"While on a teaching sabbatical in Uruguay, a pathologist examined the excised liver of an 18-year-old otherwise healthy female who passed away due to massive hepatic necrosis 5 days after she underwent general anesthesia to repair a fractured femur. Which of the following is a general anesthetic mos",C,C,True,C
835,"A 45-year-old woman with hypothyroidism comes to the physician because of progressive fatigue, lethargy, and epigastric pain after eating. Physical examination shows pale conjunctivae. Laboratory studies show decreased serum hemoglobin levels and increased serum gastrin levels. Esophagogastroduodeno",C,B,False,B
836,A 72-year-old anthropologist with long-standing hypertension visits your office for a routine exam. You notice an abnormality on his laboratory results caused by his regimen of captopril and triamterene. What abnormality did you most likely find?,A,A,True,A
837,"A 56-year-old woman is brought to the emergency department by her husband because of increasing confusion, generalized fatigue, and irritability for the past week. She has been unable to recall her husband's name or their address. She has had insomnia and daytime sleepiness during this period. Her l",D,D,True,D
838,A 50-year-old woman is brought to the office by her daughter with a chief complaint of finger pain in her left hand. She is slightly confused and can’t remember when the pain started. Her daughter states that the pain has been present for approximately one month. She expresses concern that her mothe,A,A,True,A
839,"A 48-year-old woman comes to the physician because of a 4-month history of lightheadedness, intermittent headaches, and easy bruising. Five months ago, she was treated for an episode of thrombophlebitis. Physical examination shows multiple bruises on her limbs. Laboratory studies show a platelet cou",B,B,True,B
840,"Candida is injected into the skin of a 38-year-old female patient. Forty-eight hours later, there is a 14 mm raised, slightly hardened area at the injection site. What type of hypersensitivity reaction has occurred and what cell type plays a role?",D,A,False,A
841,"On routine screening, a 62-year-old man is found to have positive fecal occult blood tests. He is asymptomatic, but his father died of large intestinal cancer. Abdominal and rectal exams are normal. A colonoscopy subsequently reveals a polyp in the descending colon but no other abnormalities. Excisi",B,B,True,B
842,"A 20-year-old male college student presents to the emergency room at 4 AM in the morning with complaints of abdominal cramps, nausea, vomiting, and diarrhea for the past 2 hours. He was studying for his exams last night when he became hungry and ate some food from the afternoon after heating it for ",C,C,True,C
843,A 79-year-old woman presents to her physician complaining of a persistent non-productive cough and dyspnea after contracting a cold in the past month. She describes herself as being “generally healthy” before the cold started. Medical history includes hypertension and hyperlipidemia. The patient tak,C,C,True,C
844,"A 14-year-old girl comes to the physician because she has not yet had her period. She is at the 10th percentile for height and 25th percentile for weight. Examination shows a broad chest with widely spaced nipples, a low posterior hairline, forearms angled 20° away from the body when fully extended,",A,B,False,B
845,"An investigator is studying traumatic knee joint injuries in college athletes. Images and tissue samples are collected from 4 athletes with cartilaginous injury and 4 athletes with bone fractures. After 8 weeks, the athletes with bone fractures show almost complete resolution, while the athletes wit",A,A,True,A
846,"A 35-year-old woman comes to the physician for the evaluation of increasing weakness and numbness of the upper extremities for 5 days. During the past 2 days, she has had urinary incontinence not related to sneezing or laughing. Last summer, she had weakness and numbness of her right lower extremity",C,C,True,C
847,"A 37-year-old woman presents to your office with heartburn. Following an extensive workup, you diagnose her with a duodenal ulcer secondary to H. pylori infection. You prescribe triple therapy of omeprazole, clarithromycin, and amoxicillin. Which of the following best describes the mechanism of acti",C,C,True,C
848,"A 47-year-old woman comes to the emergency department because of worsening pain, discoloration, and swelling of her right hand. Two days ago, she was camping outdoors in Texas with her two young children. She was awoken in the middle of the night by “something crawling on my hand.” The following mor",B,B,True,B
849,"Two weeks after starting chemotherapy with etoposide, a 66-year-old man with small cell lung cancer comes to the physician because of persistent nausea and vomiting. His symptoms improve significantly after the administration of metoclopramide. This patient's symptoms were most likely due to the eff",D,D,True,D
850,"A 55-year-old construction worker is struck by a high-voltage power line while on duty. According to bystanders, the cable struck him on his right arm, after which the man slumped to the ground with his arms and legs shaking. In the emergency department, the man is alert but in severe pain localizin",B,B,True,B
851,A 69-year-old male presents to the emergency department with shortness of breath. The patient has presented three times this past month with similar complaints. The patient sees no primary care physician and is currently not taking any medications. The patient states his shortness of breath started ,C,B,False,B
852,"A 48-year-old man presents to the clinic with nausea, vomiting, fever, and pain in the right upper quadrant of his abdomen for the past 18 hours. He mentions that he has been experiencing intermittent episodes of pain at the same location over the last 3 months and that these episodes usually occur ",C,C,True,C
853,A 22-year-old man is brought to the emergency department by police after he was found undressing himself outside in 110°F weather. The patient refuses to answer any questions as he suspects that his care team is spying on him. The patient recently started college and has presented to the emergency d,C,C,True,C
854,"A 32-year-old woman presents to the emergency department with abdominal pain and vaginal discharge. She gave birth to a healthy baby boy three days prior to presentation. Since then, she has been feeling sick, and she is concerned that she has been getting worse over time. On presentation, her tempe",B,A,False,A
855,An 18-month-old boy is brought to his pediatrician because his mother is concerned about his walking. The boy was born at 37 weeks’ gestation and spent 1 night in the neonatal intensive care unit for respiratory distress. He otherwise has been healthy and started walking independently at 12 months. ,B,B,True,B
856,"A 45-year-old man presents to his primary care provider for two weeks of low-grade fever and sore throat. Upon further questioning, the patient is found to have unprotected sex with both men and women with 3-5 partners per month. On workup, he is found to have an HIV viral load of 15,000 copies/mL w",C,A,False,A
857,A 71-year-old woman comes to the physician for evaluation of a pigmented lesion on her left foot. She has had decreased appetite and a 6-kg (13-lb) weight loss in the past 2 months. Physical examination shows that on the left medial ankle there is a 2-cm reddish-black nodule with a verrucous surface,C,C,True,C
858,A 27-year-old female presents to her physician with a palpable thyroid nodule. Iodine uptake testing shows that the nodule has decreased iodine uptake compared with the rest of the thyroid gland. A fine-needle aspiration is performed and the physician calls telling the patient that she has a neoplas,A,B,False,B
859,"A 58-year-old male presents with an acutely elevated blood pressure of 220/140 mmHg. The patient complains of a headache and chest pain, and he has been vomiting for the last several hours. Physical exam demonstrates papilledema and a depressed level of consciousness. To treat this patient's hyperte",D,D,True,D
860,"A 24-year-old woman delivers a baby at term. The Apgar counts are 9 and 10 at 1 and 5 minutes, respectively. Thirty minutes after delivery, the mother’s blood pressure drops to 80/60 mm Hg and her pulse is 124/min. On physical examination, her distal extremities are clammy and cold, and the uterus i",C,D,False,D
861,"A 3-year-old boy is brought to the physician because of a 3-day history of fatigue and yellow discoloration of his skin. One week ago, he had an upper respiratory tract infection. Examination shows jaundice of the skin and conjunctivae. The spleen tip is palpated 2 cm below the left costal margin. H",B,D,False,D
862,A 27-year-old woman presents to her primary care physician for a general checkup. She has been doing well in school and has no complaints. The patient has a past medical history of asthma which is controlled with albuterol. She is currently sexually active but states that she uses birth control. She,B,C,False,C
863,"A 25-year-old woman presents generalized abdominal pain and vomiting for the past hour. She has also had watery diarrhea for several days with no blood or pus in the stools. She is taking an over-the-counter anti-diarrheal medication, which she cannot remember the name of, and drinking oral rehydrat",A,A,True,A
864,"A 26-year-old man with no significant past medical history presents to the ED following a motor vehicle accident. Vital signs on presentation are T 99.0 F, BP 100/60 mmHg, HR 125 bpm, RR 16/min, SpO2 98% on room air. He complains of extreme abdominal pain worse in the left upper quadrant which has w",D,D,True,D
865,"A 74-year-old man undergoes an open cholecystectomy. Surgery is performed under general anesthesia for which the patient is intubated with an endotracheal tube. Directly following the procedure, his temperature is 37°C (98.6°F), pulse is 80/min, and blood pressure is 110/80 mm Hg. He is extubated as",C,C,True,C
866,"An 11-month-old male infant is brought to his pediatrician by his mother. She is concerned about his leg and his inability to stand. He was born vaginally to a 33-year-old woman (gravida 3, para 2) from an uncomplicated pregnancy at 39 weeks. He has met all developmental milestones and is up to date",A,A,True,A
867,A 21-year-old man comes to the emergency room with swelling and severe pain in his left lower leg that started 2 hours ago. He has no history of serious illness or trauma. His father has a history of pulmonary embolism. He has smoked one pack of cigarettes daily since he started college 3 years ago.,A,B,False,B
868,"An 80-year-old man is brought to the emergency department because of fatigue and lightheadedness. He does not have chest pain, palpitations, or difficulty breathing. He has a history of hyperlipidemia, type 2 diabetes mellitus, hypertension, osteoarthritis, and asthma. Current medications include si",C,C,True,C
869,"In a small town with a population of 10,000 people, the prevalence of alcohol use is estimated to be 30%. A study is done with a null hypothesis that there is no association between alcohol use and gastro-oesophageal reflux disease (GERD). The data obtained shows, of the 200 alcoholics who were foll",A,A,True,A
870,A 41-year-old man presents to the clinic with the complaints of abdominal discomfort and cramping for the past 4 months. He also mentions that he has grossly bloody stool and most of the time an urge to defecate. He has a history of bulimia with laxative abuse several years ago. He admits having los,A,D,False,D
871,"A 45-year-old man presents to your office with a 2-year history of moderate-to-severe pelvic pain, irritative voiding urinary symptoms (frequency and dysuria), and occasional frank blood in his semen with painful ejaculation. He has been evaluated by several practitioners, who have all prescribed an",B,B,True,B
872,"An 18-year-old male presents to the emergency department trauma bay with a gunshot wound to the abdomen. The patient undergoes an exploratory laparotomy, during which, it is discovered that his splenic artery was damaged at its origin from the celiac trunk. The surgeon ligates the splenic artery at ",C,B,False,B
873,"A 2-hour-old, 3.2 kg (7.0 lb) newborn boy born by cesarean delivery is being evaluated by the resident on-call. The child was born to a gravida 2, para 0 mother with known hepatitis B. The mother made it to all of her prenatal appointments and took the recommended dose of folic acid since conception",C,D,False,D
874,"A 33-year-old man presents to the emergency department with a cough. He states that 2 weeks ago, he had a fever, chills, and a cough, which his primary doctor treated with acetaminophen, ibuprofen, and rest. Since then, the patient’s symptoms have resolved with the exception of a chronic cough and a",D,D,True,D
875,"A 64-year-old man with multiple sclerosis comes to the physician because of a 4-month history of urinary incontinence. The urge to urinate occurs suddenly, and he often is unable to make it to the bathroom before leaking urine. He has no incontinence with coughing or laughing. Digital rectal examina",D,D,True,D
876,"A 42-year-old woman with a history of depression and headaches presents to the emergency room with severe, pulsating pain around the crown of her head beginning 12 hours ago. She last took ibuprofen 2 hours ago but did not feel any improvement in the pain. She has been nauseous and unable to get out",D,D,True,D
877,A pulmonologist is analyzing the vital signs of patients with chronic obstructive pulmonary disease (COPD) who presented to an emergency room with respiratory distress and subsequently required intubation. The respiratory rates of 7 patients with COPD during their initial visit to the emergency room,B,B,True,B
878,A 17-year-old high school student was in shop class when he accidentally sawed off his pointer finger while making a bird house. He fainted when he realized his finger had been cut off. The teacher immediately transported the patient to the emergency department and he arrived within 20 minutes. He h,C,C,True,C
879,A 15-year-old girl comes to the physician because she has not had menstrual bleeding for the past 3 months. Menses had previously occurred at irregular 15–45 day intervals with moderate to heavy flow. Menarche was at the age of 14 years. She started having sexual intercourse with her boyfriend about,D,D,True,D
880,"A 21-year-old woman presents with sudden onset of high blood pressure. She is concerned about her health especially after her colleagues noticed that her face gets red at times while at work. She has even started to use blankets to cover her feet, even on the warmest days in the summer, even though ",C,A,False,A
881,"A 52-year-old man presents to the physician with a 6-month history of shortness of breath and nonproductive cough. He was recently diagnosed with stage 3 embryonal carcinoma testicular cancer. Following an orchiectomy, he was placed on chemotherapy. Cardiopulmonary examination shows fine inspiratory",A,A,True,A
882,"A 72-year-old man develops reduced urine output and a serum creatinine concentration of 2.9 mg/dL three days after being hospitalized for acute diverticulitis. On admission, a complete blood count showed a hemoglobin concentration of 15.5 g/dL and a leukocyte count of 14,000/mm3. Urinalysis showed 2",D,B,False,B
883,"An immunology expert is delivering a talk on innate immunity. While talking about inflammasomes, he describes the process via an example: products of cellular stress are detected by NLRP3, which includes NOD-, LRR-, and pyrin domain-containing 3; the latter interacts with apoptosis-associated speck-",B,B,True,B
884,The ribosome is an essential organelle that plays an important role in the synthesis of new proteins. The location of the ribosome within the cell can vary and provides a clue to the function of the particular cell. What ribosome location is essential for protein-secreting cells?,A,A,True,A
885,"A patient presents to the emergency department with severe pain in her head. She states that the pain started 1 hour ago after rugby practice. Typically, she takes a special medication for bad headaches, but this time she took 2 doses and noticed no improvement in her symptoms. The patient's current",C,A,False,A
886,A 24-year-old woman comes to the physician for a routine gynecological examination and to refill her birth control pills. Her last pap smear at age 22 showed no intraepithelial lesions nor malignancy of the cervical cells. Menses occur at regular 28-day intervals and last 4 days. Her last menstrual ,A,D,False,D
887,"A 27-year-old man presents to the emergency department after a motor vehicle accident. The patient has a past medical history of asthma and cocaine use. His current medications include albuterol and ibuprofen. His temperature is 99.5°F (37.5°C), blood pressure is 70/35 mmHg, pulse is 150/min, respir",A,A,True,A
888,An academic obstetrician is conducting a retrospective cohort study that evaluates the risk of placenta accreta at all statewide medical centers. Per chart review he finds that a prior cesarian birth is associated with a statistically significant increased risk of placenta accreta. The relative risk,A,C,False,C
889,"A 23-year-old man presents to his primary care physician after bleeding from his gums while brushing his teeth for the past week. Although he has had gum bleeding in the past, it has never been this severe. He has no family history available as he was adopted. He does not have any significant past m",A,A,True,A
890,A 51-year-old Caucasian woman presents to the physician for a routine health maintenance examination. She had a Colles' fracture 2 years ago. The rest of her past medical history is unremarkable. She has a sedentary lifestyle. She has been smoking 1 pack of cigarettes daily for 30 years. She drinks ,A,A,True,A
891,"A 33-year-old woman, gravida 2, para 1, at 26 weeks' gestation presents to the emergency department because of frequent contractions. The contractions last 40 seconds, occur every 2 minutes, and are increasing in intensity. She has a history of recurrent painful ulcers on her vulva, but she currentl",A,C,False,C
892,A 55-year-old man presents with complaints of exertional dyspnea and dry cough. He reports using extra pillows at night to sleep and two nighttime awakenings to catch his breath in the last month. The patient lives in a homeless shelter and has not seen a doctor in the last 20 years. He has been dri,D,A,False,A
893,A 22-year-old man presents to the medical clinic after getting bit in the hand by a stray dog 2 days ago. The patient has no past medical history and takes no prescription medications. He does not drink alcohol or smoke cigarettes. The patient’s vitals are currently within normal limits. On examinat,B,B,True,B
894,"A 3-year-old refugee with increasing pitting edema and abdominal swelling over the past 2 months is brought to the physician. Her family has been displaced several times over the last few years. Nutrition and housing were frequently inadequate. At the physician’s clinic, the boy appears irritated an",A,A,True,A
895,"A 2-year-old boy is brought to his pediatrician by his parents for a routine visit. Since his 18-month visit, the parents have become concerned that his speech does not seem to be developing appropriately. The parents report that the patient’s vocabulary is still limited to fewer than 10 words, and ",D,A,False,A
896,A 23-year-old man is brought to the emergency department by his mother because of a change in his personality. The mother reports that over the past 7 months her son has become increasingly withdrawn; he has not answered any phone calls or visited his family and friends. He had always been a quiet b,D,D,True,D
897,"A 37-year-old woman presents to the clinic with pain and swelling of her legs. She states that she first noticed the swelling 6 weeks ago. Initially, the swelling was minimal, but now she is finding it difficult to walk and she can’t fit into any of her shoes. Her medical history is significant for ",B,B,True,B
898,"A 38-year-old woman presents to the office for a routine examination. She has no complaints and offers very little information voluntarily. She answers each question with soft, short sentences and avoids eye contact. She appears timid, anxious and admits that this is one of the very few times she ha",B,B,True,B
899,A 3-year-old boy is brought to the emergency room by his mother after she found him somnolent at home next to multiple open pill bottles. The boy had seemingly opened several different pill bottles that were in a cabinet in his parent’s bathroom. The mother has brought the empty bottles to the emerg,C,A,False,A
900,A 38-year-old man presents with progressive tiredness and shortness of breath on exertion. Past medical history is significant for peptic ulcer disease diagnosed 2 years ago for which he is not compliant with his medications. He reports a 10-pack-year smoking history and occasionally alcohol use. Hi,B,A,False,A
901,"A 27-year-old G3P1010 makes an appointment with her gynecologist for evaluation of profuse bleeding, which began two days ago. She is 13 weeks pregnant based on the date of her last menstrual period. She is dizzy and weak, and is unable to move around the house and perform her daily tasks. Initially",D,D,True,D
902,An otherwise healthy 25-year-old woman comes to the physician because of a 2-day history of pain and swelling of her right knee joint and left wrist. She went camping with her new boyfriend 3 weeks ago but does not recall any tick bites. Her temperature is 37.8°C (100.0°F). Examination of the right ,C,B,False,B
903,"A 54-year-old man comes to the clinic for management of his gastroesophageal reflux disease (GERD). He is currently on cimetidine for his condition and reports that his GERD initially improved. However, following his recent move to Michigan, he is experiencing more frequent episodes of chest pain (4",B,B,True,B
904,A 7-year-old boy is brought to the physician by his mother for evaluation of progressively worsening swelling around the eyes. He has no history of major medical illness. He had a sore throat and cough 2 weeks ago that resolved spontaneously. Physical examination shows moderate periorbital edema and,B,D,False,D
905,"Background: There is a lack of consensus about whether the initial imaging method for patients with suspected nephrolithiasis should be computed tomography (CT) or ultrasonography.
Methods: In this multicenter, pragmatic, comparative effectiveness trial, we randomly assigned patients 18 to 76 years ",A,C,False,C
906,A 45-year-old woman comes to the emergency department because of intermittent chest pain and palpitations. She also complains of dyspnea on exertion and has had a 4.5-kg (10-lb) weight loss in the past 2 months despite normal appetite. She has no history of serious medical illness. Cardiac examinati,D,B,False,B
907,A 58-year-old woman comes to the physician because of intermittent painful retrosternal dullness for 4 weeks. The pain is recurrent and occurs when she exerts herself or when she is outside during cold weather. She also experiences shortness of breath and palpitations during these episodes. The symp,A,A,True,A
908,"A 24-year-old primigravida presents to her physician at 20 weeks gestation. She was diagnosed with asymptomatic bacteriuria at her last appointment 2 weeks ago, and was treated with amoxicillin. She has no concurrent diseases and no complaints. Her vital signs are as follows: blood pressure 110/80 m",C,C,True,C
909,"A 36-year-old G3P2 woman with no significant past medical history delivers a 3.7 kg (8 lb, 3 oz) baby boy following an uncomplicated pregnancy. On physical examination in the delivery room, the pediatrician notes that the baby has upslanting palpebral fissures, epicanthal folds, a flat facial profil",B,C,False,C
910,"A 52-year-old woman presents with a complaint of headache for the past 10 days. Her headache is diffuse, dull in character, moderate in intensity, and is worse in the morning. It is not associated with fever and sensitivity to light or sound. She experiences occasional nausea but no vomiting. She di",B,A,False,A
911,"A previously healthy 27-year-old woman comes to the physician because of a 2-month history of depressed mood and fatigue. During this time, she has had a 5-kg (11-lb) weight gain. She reports trouble concentrating at her job as a preschool teacher and has missed work several times in recent weeks du",C,A,False,A
912,"A 37-year-old woman presents to her primary care physician after returning from her honeymoon in Cancun. A few days ago, she began to notice an eruption of small red bumps that cover her torso, back, and buttocks. The patient first thought she had acne, but became worried when the rash continued to ",B,B,True,B
913,"A 30-year-old female presents to her primary care provider complaining of 4 days of fever, malaise, dyspnea, and productive cough and has recently developed pleuritic chest pain. Her past medical history is notable for asthma and takes albuterol as needed. She does not smoke but drinks alcohol socia",D,C,False,C
914,"A 27-year-old graduate student is bitten by a coral snake while he was hiking alone through the woods and dies 2 hours later from respiratory failure. His body was discovered 7 hours later by a group of campers who promptly called the police. On arrival, the police found his body to be cold and stif",C,A,False,A
915,"A 28-year-old G1P0 woman at 12 weeks estimated gestational age presents with malaise, joint pain, fever, and chills for the past 3 days. Physical examination reveals a mild lace-like rash and arthritis. The patient mentions her friend who is a medical student told her that her symptoms are suggestiv",A,A,True,A
916,"A 52-year-old man with hypertension and hyperlipidemia comes to the emergency department 30 minutes after the sudden onset of substernal chest pain while sitting in a chair at home. He reports drinking 2 glasses of whiskey earlier that day, after a stressful day at work. Current medications include ",A,C,False,C
917,A 5-year-old boy is brought to the emergency department by his mother because of a sudden loss of consciousness. He has asthma and has been hospitalized multiple times. His mother has type 2 diabetes mellitus. He is somnolent and diaphoretic. Serum studies show a glucose concentration of 22 mg/dL an,D,D,True,D
918,"A 66-year-old woman presents with urinary incontinence, difficulty urinating, incomplete voiding, and dull pain in the suprapubic region. She reports that she has not urinated for the past 2 days and that the urine leakage occurs during both day and night and is not associated with physical exertion",B,B,True,B
919,A 69-year-old man presents to his primary care physician with hip and back pain. The patient states that this weekend he had a barbecue. When he was lifting a heavy object he suddenly felt pain in his lower back. He describes the pain as in his buttocks but states that at times it travels down his l,B,B,True,B
920,"A 61-year-old woman presents to an outpatient clinic with fatigue and mild neck pain for a month. She adds that she is having difficulty swallowing. She denies trouble with her breathing but endorses 5–10 lb of unintentional weight loss over the past few months. On physical exam, the patient’s finge",A,A,True,A
921,A 65-year-old female patient comes to the physician’s office for her annual check-up. The patient’s only complaint is that she feels her vision has been getting more blurry over the past year. The patient has a past medical history of diabetes diagnosed 20 years ago and osteoarthritis. Her medicatio,A,A,True,A
922,"A 3-year-old boy is brought to the physician for the evaluation of recurrent skin lesions. The episodes of lesions started at the age of 2 months and multiple treatment options have been attempted without success. He has also had several episodes of respiratory tract infections, enlarged lymph nodes",A,C,False,C
923,"A 53-year-old man presents to clinic with a six month history of shoulder pain that is especially bothersome at night. Over the weekend he ""strained his shoulder"" during a pick-up basketball game and reports an acute exacerbation of his pain symptoms. On exam, he complains of pain to palpation just ",C,C,True,C
924,A 58-year-old woman comes to the physician because of a 3-month history of left knee pain as well as stiffness upon waking for about 10–15 minutes. The pain is worse after standing a lot at work and when she climbs stairs. There is no history of trauma. She has hypercholesterolemia and hypertension.,A,A,True,A
925,A 6-month-old boy presents to a pediatrician for the evaluation of recurrent bacterial infections. He has a history of a variety of bacterial infections since birth. Physical examination reveals light-colored skin with silver-colored hair. The pediatrician suspects an immunodeficiency disorder and d,C,C,True,C
926,"A 48-year-old man with type II diabetes mellitus complicated by peripheral neuropathy presents to the emergency department for a foot wound that he noticed. He denies any pain, fevers, or chills. His temperature is 101°F (38.3°C), blood pressure is 150/80 mmHg, pulse is 80/min, and respirations are ",B,B,True,B
927,"A 56-year-old man comes to the physician because of a 1-day history of sudden severe pain in his right great toe. Four months ago, he had an episode of severe joint pain involving his left knee that lasted several days and resolved with over-the-counter analgesics. He has a history of hypertension t",C,C,True,C
928,"A 45-year-old man presents to the emergency department with severe dyspnea, wheezing, and palpitations. His symptoms began approx. 20 minutes after being stung by a bee on the left arm. Past medical history is significant for hypertension for which he takes labetalol. While being questioned, the pat",B,D,False,D
929,"A 74-year-old man has been treated for prostate cancer for the past 6 months. He is on an experimental drug (drug X) that is used to reduce the action of testosterone by blocking the androgen receptor. Since the initiation of therapy, the growth of the cancerous tissue has slowed. This medication is",C,C,True,C
930,"A 74-year-old man was admitted to the hospital after falling down several stairs. He is a known alcoholic. He was started on IV fluids and received a head CT, which was negative. It was decided that he would be watched for one day before being discharged, after a negative work-up. Suddenly, he is un",A,A,True,A
931,A previously healthy 67-year-old man comes to the physician for routine health maintenance evaluation. He works at a community center and volunteers at a local homeless shelter. A tuberculin skin test shows an induration of 14 mm. An x-ray of the chest is normal. Treatment with an antimycobacterial ,A,B,False,B
932,A 64-year-old male presents to his primary care physician with a complaint of bilateral knee pain that has been present for the past several years but has worsened recently. He reports pain with climbing stairs and with extended walks of greater than 100 yards. The pain worsens with activity through,D,C,False,C
933,"A 4-year-old girl is brought to the physician because of pallor and rash for 2 days. She had a 4-day history of diarrhea and vomiting that subsided two days ago. One month ago, she had a 3-day episode of high fever, followed by a rash with bright red discoloration over her cheeks for two days before",A,D,False,D
934,"A 76-year-old man presents to the physician because of dyspepsia and weight loss over the past 6 months. He has no history of any serious illnesses and takes no medications. A diagnostic workup including endoscopy and biopsy shows gastric adenocarcinoma. Before further workup and staging, the biopsy",B,B,True,B
935,"A 29-year-old female presents to the clinic for a regular check-up. She has no specific complaints. Vital signs include: blood pressure is 130/80 mm Hg, heart rate is 76/min, respiratory rate is 15/min, and temperature is 36.8°C (98.2°F). Her physical examination is within normal limits. The woman’s",A,B,False,B
936,A 23-year-old woman presents to the emergency department with abdominal pain. The patient states she has pain in the right side of her abdomen which started yesterday and has been worsening. She has experienced a few episodes of vomiting and diarrhea during this time. The patient has a past medical ,B,C,False,C
937,"A 24-year-old Asian woman is admitted to the hospital at 30 weeks gestation with nausea, vomiting, and right upper quadrant pain. She is gravida 2 para 0 with a history of the same complaints in her last pregnancy which ended with a stillbirth at the 31st week. Her older sister had preeclampsia in b",C,D,False,D
938,"A 44-year-old obese African-American male presents to clinic with complaints of 3 days of fatigue and dark urine. He has had several similar episodes since birth, all of which resolved spontaneously. He has a 5-year history of poorly controlled type II diabetes mellitus and was started on glipizide ",C,C,True,C
939,A 32-year-old woman comes to the physician because of fatigue and joint pain for the past 4 months. Examination shows erythema with scaling on both cheeks that spares the nasolabial folds and two 1-cm ulcers in the oral cavity. Further evaluation of this patient is most likely to show which of the f,A,A,True,A
940,"A 66-year-old male with a history of myocardial infarction presents to your primary care office with complaints of dyspnea on exertion and swollen feet and ankles. On exam, you note an elevated JVP and 2+ pitting edema of bilateral lower extremities. What is the most likely explanation for this pati",A,A,True,A
941,A 49-year-old man comes to the physician for a routine health maintenance examination. He feels well and has no history of serious illness. He has smoked one pack of cigarettes daily for the past 25 years and drinks two to three glasses of wine weekly. This patient should be counseled about increase,A,B,False,B
942,A 40-year-old woman comes to the physician because of a 6-month history of difficulty sleeping and fatigue. Menses occur at irregular 35- to 50-day intervals and last 3–7 days. Her last menstrual period was 5 weeks ago. She has had an unintentional 10-kg (22-lb) weight gain over this period. She als,A,A,True,A
943,A scientist observes a myocyte beating in cell culture. Which step is the most direct necessary component of relaxation for this cell?,D,D,True,D
944,"Two days after admission to the hospital for treatment of acute myelogenous leukemia, a 35-year-old man develops nausea, vomiting, fatigue, and muscle cramps. He has a history of diet-controlled type 2 diabetes mellitus. He has smoked one-half pack of cigarettes daily for 15 years and reports occasi",D,B,False,B
945,"The menses are 4 weeks overdue in a 23-year-old sexually active woman, thus she is scheduled for an ultrasound examination. The result is shown in the exhibit. What is the function of the structure marked with the green arrow?",B,B,True,B
946,A 49-year-old man comes to the physician because he has had multiple falls and multiple episodes of dizziness over the past 6 weeks. There is no personal or family history of serious illness. He drinks one pint of rum daily. He works as a foreman in a factory that produces industrial solvents. He is,C,C,True,C
947,A 7-year-old girl is brought to the physician by her mother for a well-child examination. The mother reports that she had her first menstrual period 1 week ago. She has no history of serious illness. Immunizations are up-to-date. Physical examination shows Tanner stage 3 breast development and pubic,B,A,False,A
948,"A 67-year-old man presents to his primary care physician for a follow up appointment. He was released from the hospital 1 week ago for an appropriately managed ST-elevation myocardial infarction (STEMI); however, he has not filled any of his prescriptions and did not attend his follow up appointment",C,C,True,C
949,A 61-year-old man comes to the emergency department because of a 2-day history of a productive cough and worsening shortness of breath. He has had frequent episodes of a productive cough over the past 3 years. He had smoked 2 packs of cigarettes daily for 30 years but quit 1 year ago. He appears dis,A,A,True,A
950,An investigator is studying cellular regeneration of epithelial cells. She has obtained a tissue sample from a normal thyroid gland for histopathologic examination. It shows follicles lined by a single layer of cube-like cells with large central nuclei. Which of the following parts of the female rep,A,C,False,C
951,"A 22-year-old woman comes to the physician for a routine health examination. She feels well but asks for advice about smoking cessation. She has smoked one pack of cigarettes daily for 7 years. She has tried to quit several times without success. During the previous attempts, she has been extremely ",C,C,True,C
952,A hospitalized 34-year-old man with severe diarrhea and bloating for 1 month is diagnosed with celiac disease based on serology and duodenal biopsy. He has no history of any serious illnesses and takes no medications. He has no history of recent travel. His vital signs are within normal limits. Phys,A,B,False,B
953,"A 70-year-old man presents to the Emergency Department after 3 days of shortness of breath, orthopnea, and lower limb edema. His personal history is significant for a myocardial infarction 6 years ago that required revascularization and hypertension. His medication consists of simvastatin and lisino",C,C,True,C
954,"A 26-year-old Caucasian woman is admitted to the emergency department after 4 days of fever, malaise, vomiting, and nausea for which she has been taking ibuprofen and diclofenac. She has also noticed a decrease in urination. Her family and past medical history are unremarkable. Her temperature is 38",B,B,True,B
955,"A 59-year-old woman presents to the outpatient clinic for worsening symptoms of congestive heart failure. She states that while she used to be able to go for short walks, she is no longer able to do so. Now, even simple tasks like getting ready in the morning have become burdensome for her. When she",C,C,True,C
956,"A 36-year-old woman comes to the physician for intermittent stabbing face pain. The pain typically occurs in waves of several individual episodes lasting about one second. It is bilateral, but rarely occurs on both sides simultaneously. Touching her face or brushing her teeth can trigger an attack. ",A,B,False,B
957,"A 23-year-old woman, gravida 2, para 1, at 28 weeks' gestation comes to the physician for a routine prenatal examination. Her previous pregnancy was uncomplicated and she gave birth to a healthy boy. Her blood group is A, Rh-negative. The father's blood group is B, Rh-positive. Administration of whi",B,B,True,B
958,"A 61-year-old man presents to the clinic with complaints of excessive thirst, frequent urination, and partial visual loss in both eyes for 1 day. His family history is significant for type 2 diabetes mellitus in his mother and cousin. His weight is 112 kg ( 246.9 lb), height 187 cm (6 ft 1 in), bloo",B,B,True,B
959,"A 65-year-old male presents to his primary care physician for stiffness in his arm. He states that he has been having trouble combing his hair and reaching objects that are high on the shelf. The patient has a past medical history of diabetes mellitus type II, obesity, and hypertension. His current ",B,B,True,B
960,"A 52-year-old man presents to the clinic with a headache and dizziness for the past month. The patient reports that about 4 weeks ago he developed a “nagging” headache. He thought he had a cold, so he tried over the counter ibuprofen that provided only mild and temporary relief. Recently, he also st",D,B,False,B
961,"A 20-year-old woman comes to the clinic for her first follow-up visit after being diagnosed with bipolar I disorder 1-month ago. At that time, she was acutely severely manic and was brought to the emergency department by her concerned boyfriend. She was started on lithium, and after subsequent impro",A,A,True,A
962,A 19-year-old female presents to the emergency room with 6 days of lower abdominal pain. She states that her symptoms have progressed and she now feels feverish as well. She also notes an episode of nonbloody diarrhea 2 days ago and has been increasingly nauseous. While being evaluated in the emerge,B,B,True,B
963,"A 72-year-old man with hypertension and type 2 diabetes mellitus is admitted to the hospital for the evaluation of breathlessness and fatigue. His pulse is 100/min, and blood pressure is 90/60 mm Hg. Further evaluation shows a systemic vascular resistance of 35 mm Hg × min/L with an end-systolic vol",D,A,False,A
964,A 24-year-old woman presents to the office for evaluation of intermittent vertigo for the past 2 days. She complains of vomiting and complete hearing loss in her left ear. The patient believes she had an ear infection in the same ear but never sought out treatment. She has a past medical history of ,C,A,False,A
965,"A 52-year-old woman presents to the emergency department due to severe pain of her first metatarsophalangeal (MTP) joint. This pain started acutely, and she describes the pain as sharp. Her medical history is significant for obesity, hypertension, inflammatory bowel disease, and extensive alcohol us",D,D,True,D
966,"A 59-year-old man complains of chest pain that has been present for 4 hours on the 5th day of hospitalization for acute myocardial infarction. 5 days ago, he had a burning sensation in his chest and discomfort in his left shoulder. Upon initial presentation to the hospital’s emergency department, he",B,D,False,D
967,"A 16-year-old girl comes to the emergency department because of left wrist pain and swelling for 5 hours. She fell on an outstretched hand while playing basketball. She ignored it initially as she thought it was just a bruise, but the pain and swelling worsened throughout the day. The analgesic spra",B,B,True,B
968,"A 46-year-old man comes to the physician with a 1-week history of yellowish discoloration of his eyes, generalized fatigue, and pruritus. He was diagnosed with ulcerative colitis 7 years ago. At the time of diagnosis, a pANCA test was also positive. Physical examination shows scleral icterus and mul",A,A,True,A
969,"A 29-year-old woman presents to her primary care doctor with a lesion on her left labia. She first noticed the lesion 3 days ago. The patient describes the lesion as painful and swollen. She denies vaginal discharge. Her past medical history is notable for mild intermittent asthma, gout, and obesity",C,C,True,C
970,"A 67-year-old man presents with feelings of nervousness and anxiety. He mentions that lately, he has been feeling increasingly restless and is unable to control feelings of nervousness pertaining to all his daily tasks. He noticed that these feelings were more prominent in the last 2 months but have",C,C,True,C
971,"Two hours after undergoing open cholecystectomy for complicated cholecystitis, a 48-year-old woman develops dizziness, lethargy, abdominal pain, and nausea. She has systemic lupus erythematosus and hypertension. Prior to hospitalization, her medications included nifedipine and prednisolone. Her puls",D,D,True,D
972,"A 28-year-old woman, gravida 2, para 1, at 40 weeks of gestation is admitted to the hospital in active labor. The patient has attended many prenatal appointments and followed her physician's advice about screening for diseases, laboratory testing, diet, and exercise. Her pregnancy has been uncomplic",C,C,True,C
973,"A 63-year-old female complains of weakness, light-headedness, palpitations, and soreness of the tongue. She has a past medical history of Hashimoto’s thyroiditis. Her hematocrit is 29%. On peripheral blood smear, you notice neutrophils with 7 lobes and large oval-shaped red blood cells. On physical ",B,B,True,B
974,"A 45-year-old man presents to the doctor’s office with shortness of breath, cough, and fatigue for 3 days. This has been progressively worsening. He has a medical history significant for chronic obstructive pulmonary disease and osteoarthritis. He takes albuterol, ipratropium and aspirin. He smoked ",D,D,True,D
975,A 28-year-old man reports to his physician that he is having second thoughts about his long-term compatibility with his wife ever since they relocated to a new city. He admits that he has noticed himself flirting with some of the female co-workers at his new workplace. When he goes on a dinner date ,C,C,True,C
976,"A 25-year-old, G2P2L2 woman presents with a complaint of missed menstrual cycle for 4 weeks. Her previous menstrual cycles were regular, occurring every 28–35 days consistently. The patient does not have any other complaints currently. Her past medical history reveals two uncomplicated and normal va",D,A,False,A
977,"A 77-year-old man comes to your office for a routine visit. He is doing well, and his only complaint is the recent appearance of several brown greasy appearing lesions on his forehead (figure A) that he can't seem to peel off. What is the most likely diagnosis?",B,B,True,B
978,A 72-year-old man presents to his primary care physician with a 6-month history of shortness of breath. He says that he used to enjoy playing golf with his friends but now he cannot walk for long enough to play. The shortness of breath is now starting to complicate his ability to get around in daily,C,C,True,C
979,"A 67-year-old male comes into the ED complaining of dyspnea and a heavy feeling in his chest. He reports that over the past month he has become more easily “winded"" to the point that he now sleeps in his living room because he can’t make it up the stairs. A review of systems is notable for headaches",C,A,False,A
980,A 29-year-old G4P0 woman presents following a spontaneous pregnancy loss in the 18th week of her pregnancy. This is her fourth loss in the second trimester and she is concerned about her inability to have a successful pregnancy. She is otherwise healthy and has no acute complaints. Her vitals are un,B,A,False,A
981,A 22-year-old woman presents to her primary care physician in April for seasonal allergies. She has suffered from seasonal allergies for the past 2 years and takes diphenhydramine as needed when her symptoms worsen. She has not yet seen a physician for her allergies. She reports that diphenhydramine,C,C,True,C
982,A 55-year-old male visited his primary care physician complaining of chest pain and progressive shortness of breath worsened by exertion. His vital signs were within normal limits. He reports that he worked in a naval shipyard for 10 years during his twenties. A CT scan of his chest shows diffuse th,B,B,True,B
983,A 56-year-old man recently diagnosed with cirrhosis secondary to alcohol use presents to the clinic for a follow up evaluation. He states that he has abstained from alcohol and attends a support group regularly. He has not taken any new medications or encountered any sick contacts. The patient's blo,C,C,True,C
984,A 70-year-old man is brought to the emergency department by his wife for incomprehensible speech. Upon first inspection you note the man is drooling and his eyes are tearing excessively. The patient's wife explains that the man was tilling the fields on the family beet farm when she found him collap,C,B,False,B
985,A 75-year-old man presents to the physician for his annual blood pressure visit and blood work. He has no complaints other than occasional knee pain. The past medical history includes hypertension. He has had knee osteoarthritis for several years and takes occasional acetaminophen for pain control. ,A,B,False,B
986,A 60-year-old man comes to the physician because of a 2-month history of cough productive of yellow sputum with occasional streaks of blood. He has a history of pulmonary tuberculosis. He is afebrile. Pulmonary examination shows inspiratory crackles at the left infraclavicular area. An x-ray of his ,C,B,False,B
987,"An 11-month-old boy is brought to the emergency department by his mother after she observed jerking movements of his arms and legs for about 30 seconds earlier that morning. He has not had fever, cough, or a runny nose. He has been healthy, except for occasional eczema. He was delivered at home in R",B,A,False,A
988,A researcher hypothesizes that low birth weight is related to obesity later in life. He conducts a study with a 95% confidence interval with a p-value of 0.049 to disprove his null hypothesis. He rejects his null hypothesis and concludes that low birth weight is associated with obesity. Which of the,B,D,False,D
989,A 52-year-old woman presents to her primary care physician for abdominal pain and diarrhea. The patient states that she has been experiencing watery diarrhea for weeks now. During this same period she states she has been constantly thirsty and does not have the same energy levels that she once had. ,B,A,False,A
990,"A 3-week-old newborn is brought to the physician by his parents because of poor feeding, irritability, and frequent vomiting over the past week. The vomitus is greenish in color and smells strange. His parents have tried to feed him every 4 hours, but the patient often spits up or refuses to eat. Th",D,D,True,D
991,"A 13-year-old boy is brought to the physician because of progressive left leg pain for 2 months, which has started to interfere with his sleep. His mother has been giving him ibuprofen at night for “growing pains,” but his symptoms have not improved. One week before the pain started, the patient was",C,C,True,C
992,"A 55-year-old male with a history of stage I colon cancer status-post left hemicolectomy presents to your office for follow-up. You intend to discuss the results from his recent surveillance colonoscopy, which showed no remaining cancer, no polyps, and a well-healed anastmosis. During your meeting, ",D,B,False,B
993,"A 67-year-old man is brought to the emergency department with severe, crushing, retrosternal chest pain for the last 45 minutes. The pain radiates to his left shoulder and is associated with sweating. The past medical history is significant for hypercholesterolemia, for which he takes lovastatin. He",A,D,False,D
994,A 65-year-old male presents to his pulmonologist for a follow-up visit. He has a history of chronic progressive dyspnea over the past five years. He uses oxygen at home and was seen in the emergency room two months prior for an exacerbation of his dyspnea. He was discharged following stabilization. ,B,D,False,D
995,"A 36-year-old woman, gravida 3, para 2, at 42 weeks' gestation comes to the physician for induction of labor. Her pregnancy has been uncomplicated. Her two other children were born after uncomplicated vaginal deliveries at 41 and 42 weeks' gestation, respectively. Her only medication is a prenatal v",C,C,True,C
996,The only immunoglobulin found as a dimer has what primary function?,C,B,False,B
997,"A 47-year-old woman is brought to the emergency department by paramedics. She was found unconscious on a park bench by a bystander. Her history is unobtainable. Vitals include a pulse of 64/min, a respiratory rate of 7/min, and a blood pressure of 110/70 mm Hg. On examination, the patient is unrespo",D,D,True,D
998,"A 72-year-old woman with a 40 pack-year history of smoking presents to your office with jaundice. After a thorough workup, you determine that the patient has pancreatic cancer. Which of the following is the most appropriate initial statement to inform the patient of her condition?",B,B,True,B
999,A 40-year-old man is referred to an optometrist. He complains of mild vision impairment over the last 6 months. His vision has continued to slowly deteriorate and his condition is now affecting his night driving. Past medical history is significant for well-controlled schizophrenia. He takes a low-p,D,D,True,D
1000,"A 65-year-old man presents with a 6-month history of repeated falls, postural dizziness, progressive fatigue, generalized weakness and a 13.6 kg (30 lb) weight loss. He is a vegetarian. The patient’s family says that he had been high functioning but has had significant behavioral changes over the pa",C,C,True,C
1001,"A 42-year-old man presents to establish care with a family physician after having progressively worsening back pain. He has recently migrated from Sweden and has not had any checkups in the last 3 years. He first started having back pain 3 years ago, but his pain has begun to be excruciating in the ",C,C,True,C
1002,"A previously healthy 28-year-old man comes to the emergency department because of dizziness and palpitations for 2 days. Prior to the onset of the symptoms, he attended a bachelor party where he lost several drinking games. An ECG is shown. Which of the following is the most likely diagnosis?",A,A,True,A
1003,"A 45-year-old woman comes to the physician because of fatigue, abdominal cramps, watery diarrhea, and a weight loss of 4 kg (8.8 lb) over the last 4 months. She has recently avoided drinking alcohol and eating spicy food because it worsens her diarrhea and causes episodes of heart palpitations and r",D,A,False,A
1004,"A 66-year-old man presents to the emergency department due to a productive cough. His cough has been increasing in frequency and severity over the course of 3 days, and his sputum production has increased in volume. The color of his sputum is yellow-green. He denies any chest pain or palpitations bu",C,C,True,C
1005,A 55-year-old man presents with bloody nasal secretions and shortness of breath. He reports he has lost 4 kg (8.8 lb) in the last two months with no changes in his diet. He has also been suffering from mild to moderate joint pain in the left knee for the last year. His past medical history is unrema,D,D,True,D
1006,"A 25-year-old Hispanic male presents with heat intolerance and recent weight loss. Serum analysis shows increased levels of T4 and T3, as well as the presence of thyroglobulin-stimulating immunoglobulins. The patient is found to be tachycardic and has marked edema and waxy discoloration in his legs.",C,B,False,B
1007,A 3-day-old male is evaluated in the hospital nursery for delayed passage of meconium. His mother is breastfeeding and has started to produce milk. The patient has been feeding well every two hours and is urinating over eight times per day. The patient was born at 35 weeks gestation to a 27-year-old,A,B,False,B
1008,"A 78-year-old woman presents to the office for an annual health check-up with her family physician accompanied by her daughter. She has no complaints during this visit but her daughter states that she is having difficulty locating objects such as the television remote, car keys, and her purse. Her m",D,A,False,A
1009,"A 45-year-old woman comes to the physician because of a 2-week history of painful ulcers in her mouth. Over the past 2 months, she has had increasing fatigue and difficulties concentrating. She has a history of rheumatoid arthritis and was started on a new medication 4 months ago. Examination shows ",C,A,False,A
1010,"A 25-year-old woman presents to her primary care provider for evaluation of a ""painful mass in my left groin."" She says that her symptoms began 4 days ago as a painful mass that slowly enlarged, ruptured, and ulcerated. However, she denies fever, chills, dysuria, or hematuria. Three weeks prior to h",B,C,False,C
1011,"A 70-year-old hypertensive and hyperlipidemic woman comes to the emergency department with chief complaints of acute onset of impaired speech and comprehension with a right-sided weakness for the last 1.5 hours. The patient was on 2 antihypertensive medications and a statin, but she was not receivin",D,A,False,A
1012,"During the normal catabolism of protein, urea and ammonia are produced as waste products. If these waste products are not cleared by the liver and kidneys, hyperammonemia can occur, leading to confusion and delirium. Fortunately, a healthy liver can clear these waste products via the urea cycle. Whi",A,A,True,A
1013,"A 46-year-old man presents with worsening pain in multiple joints for the past 2 weeks. He says the pain is most severe in the proximal parts of his fingers and his wrists, but it has now spread to his elbows, and, occasionally, his knees. He says the joint involvement is symmetric. He also complain",C,C,True,C
1014,"A previously healthy 29-year-old woman, gravida 1, para 0, at 35 weeks' gestation comes to the physician for a routine prenatal visit. Current medications include folic acid and a multivitamin. A rectovaginal swab culture grows bacitracin-resistant colonies of gram-positive cocci with surrounding ar",B,B,True,B
1015,"A 2-year-old girl is brought in to the office by her parents. They state that their daughter has recently been more irritable than usual, and she occasionally becomes pale and blue. Her parents note that she was diagnosed with a heart murmur, but it was never treated. Physical examination reveals a ",A,A,True,A
1016,"An 18-year-old male is brought in by fire rescue. The patient was an unrestrained passenger in a motor vehicle crash and was ejected from the vehicle after collision. Upon arrival to the trauma bay, the patient has a Glasgow coma scale (GCS) of 6. He is rapidly intubated, and vitals are a temperatur",C,C,True,C
1017,"A 60-year-old man presents to his local walk-in clinic with 1 week of fever, chills, night sweats, anorexia, malaise, progressive shortness of breath, and sharp chest pain. He is found with a blood pressure of 100/80 mm Hg, a heart rate of 84/min, an elevated respiratory rate, and a holosystolic hea",D,D,True,D
1018,A 31-year-old man with a history of schizophrenia is brought to the emergency department by police after being found agitated and attempting to steal from a grocery store. His past medical history is only notable for a recent office note from his primary care doctor for treatment of seasonal allergi,B,D,False,D
1019,"A 40-year-old obese man presents to his primary care provider with a history of excessive daytime somnolence and easy fatigability. Upon further questioning, it is found that although his sleeping hours are adequate, he does not feel refreshed in the morning. His wife complains that he snores loudly",A,A,True,A
1020,A 70-year-old man presents with cough and progressively worsening shortness of breath for the last 6 months. He feels short of breath even without exertion and states he ‘got winded’ while walking to his bedroom last night. He describes his cough as non-productive and says he can identify no recogni,C,B,False,B
1021,"Two hours following an elective cholecystectomy, a 43-year-old woman has fever and chills. The patient received cephalexin for antibiotic prophylaxis and one unit of packed red blood cells during the procedure. She underwent a hysterectomy 9 years ago for leiomyomata uteri. She has a 5-year history ",D,C,False,C
1022,"The first 24 hours after delivery, a 2888 g (6.37 lb) male newborn is not feeding well, has a high-pitched cry, and is diaphoretic. He was born at 38 weeks' gestation to a 30-year-old woman, gravida 2, para 1, after an uncomplicated labor and delivery. Apgar scores were 8 and 9 at 1 and 5 minutes, r",A,A,True,A
1023,"A 38-year-old woman with a history of systemic lupus erythematosus, obesity, and hyperlipidemia presents to her primary care physician for evaluation of new bilateral blisters on her hands. She says that she first noticed these blisters shortly after returning from a weekend trip to the beach two we",C,A,False,A
1024,"A 64-year-old man presents with severe respiratory distress. This has onset over the past 3 weeks, progressively worsening. Past history involves congestive heart failure (CHF). Due to concerns of concurrent pneumonia, sputum studies are ordered. Microscopic examination of his sputum demonstrates he",C,C,True,C
1025,"A previously healthy 52-year-old woman is brought to the emergency department after sustaining burns over 45% of her body in a house fire. On arrival, she is in acute distress but is fully oriented. Aggressive intravenous fluid resuscitation is begun and the patient is transferred to the intensive c",D,D,True,D
1026,A 45-year-old man presents to his primary care provider after feeling sad and depressed for the past several months. His wife divorced him about 6 months ago and took the kids and moved out of state. Since then he has had difficulty waking up in the morning and getting to work on time. He takes some,A,B,False,B
1027,A 35-year-old man comes to the emergency department with acute shortness of breath that developed after a 10-hour international flight. His pulse is 124/min and pulse oximetry on room air shows an oxygen saturation of 90%. He weighs 50-kg (110-lb). A diagnosis of pulmonary embolism is suspected and ,B,A,False,A
1028,"A 45-year-old man presents to a surgeon with painless swelling over his right leg. He noticed the swelling 6 months ago, but he ignored it because it was painless. However, he is now concerned as the swelling has been increasing in size over the last 6 months. He also mentions that his father and br",D,D,True,D
1029,"A 24-year-old woman presents to her primary care physician for a wellness visit. She says that she has been generally healthy but has noticed difficulty concentrating, becoming increasingly fatigued, and a 15-pound weight increase over the course of a few months. She also reports mild constipation a",A,A,True,A
1030,"A 3466-g (7-lb, 10-oz) female newborn is delivered at 38 weeks' gestation to a 32-year-old woman, gravida 2, para 1. Apgar scores are 7 and 8, at 1 and 5 minutes, respectively. The mother has a history of schizophrenia and was treated with lithium until 5 weeks' gestation, when she found out that sh",A,C,False,C
1031,"A 10-year-old boy is brought to his pediatrician after discovering a painless mass in the left testicle. Results from tumor markers and a biopsy are as follows:
AFP 350 ng/mL (normal value < 10 ng/mL)
hCG 0.4 IU/L (normal value < 0.5 IU/L)
Biopsy: Presence of glomeruli-like structures with a central",D,D,True,D
1032,"An 80-year-old man presents with severe pain of the right lower extremity. He says that symptoms had an acute onset while he was in the ICU for a COPD exacerbation due to a recent upper respiratory infection, which was treated with nebulized albuterol and ipratropium bromide, continuous oxygen, IV m",B,B,True,B
1033,"A 35-year-old woman presents to the emergency department after losing consciousness at work. On presentation, she is found to be somnolent though she is able to be woken by vocal stimuli. She says that over the last 12 hours, she has been experiencing muscle spasms, blurred vision, dry mouth, and ha",B,B,True,B
1034,"A 34-year-old woman presents to the plastic surgery office 3 months following a rhinoplasty procedure. The patient has been recovering well. However, she has noticed a small whistling noise when she respires through her nose, which you appreciate on physical exam. Which of the following is the most ",B,C,False,C
1035,"A 43-year-old woman comes to the physician because of a 1-day history of rash on the trunk and lower extremities. Three days ago, she visited a spa resort with multiple swimming pools and whirlpools. A friend of hers who also visited the spa has developed a similar rash. She does not smoke or drink ",B,B,True,B
1036,A 19-year-old man is brought to the emergency department because of severe right shoulder pain and inability to move the shoulder after a fall while climbing outdoors. Examination shows the right upper extremity is externally rotated and slightly abducted. There is loss of the the normal rounded app,B,B,True,B
1037,A 25-year-old girl is brought to the emergency room after a suicide attempt. Her mother states that she found a large empty pill bottle next to her. The patient is conscious and tearful. She is currently complaining of severe abdominal pain but refuses to give any other history. She has a blood pres,A,A,True,A
1038,A 32-year-old male presents to the ED with acute-onset chest pain. His blood pressure is 157/90 mmHg and his his pulse is 116/min. He appears anxious and agitated and a careful exam reveals dilated pupils and a perforated nasal septum. An EKG reveals ST segment elevation so he is urgently taken for ,A,A,True,A
1039,A 38-year-old woman comes to the physician because of difficulty falling asleep for the past 2 months. She wakes up frequently during the night and gets up earlier than desired. She experiences discomfort in her legs when lying down at night and feels the urge to move her legs. The discomfort resolv,B,B,True,B
1040,"A 55-year-old woman is brought to the emergency department because of worsening upper abdominal pain for the past 8 hours. She reports that the pain radiates to her back and is associated with nausea. She has hypertension and hyperlipidemia, for which she takes enalapril, furosemide, and simvastatin",B,C,False,C
1041,"A 3-year-old boy is brought to his pediatrician for evaluation because his parents have been concerned by a number of troubling signs. Specifically, they have noticed that he has been exhibiting aggressive behavior as well as hyperactivity. In addition, he has had intellectual disability and is slow",C,D,False,D
1042,A 21-year-old man with a past medical history significant for Down syndrome presents to the outpatient primary care clinic for a routine follow up and high risk screening. He is relatively high functioning and currently has no additional significant medical conditions. He feels well and a physical e,D,D,True,D
1043,"A 35-year-old woman presents to the office because she has felt a small painless mass in her neck which has been slowly growing. She has no relevant past medical history. Her vital signs are within normal limits. On physical exam of the thyroid gland, a solitary nodule is palpated. It is fixed to th",D,A,False,A
1044,"A 4-year-old boy presents to the pediatrician’s office. His mother complains that he has been sleeping poorly, and she has noticed that he often scratches his perianal area. A scotch tape test is found to be positive and mebendazole is prescribed. Into which of the following subsets have the naïve T",B,A,False,A
1045,"A 69-year-old right-handed man comes to the physician for a routine health maintenance examination. On questioning, he has had some difficulty speaking for 3 months. During a conversation, he often has difficulty repeating what his interlocutor has said. He has hypertension and takes hydrochlorothia",A,A,True,A
1046,"An investigator is studying the frequency of polycythemia in a population of a remote, mountainous region. A representative sample of 100 men shows a normal distribution of hemoglobin concentration with a mean concentration of 17 g/dL and a standard error of 0.1 g/dL. Which of the following best rep",B,A,False,A
1047,"A 57-year-old woman comes to the physician because of a 3-month history of fatigue. She also reports generalized itchiness that started approximately 2 months ago. Two weeks ago, she noticed yellowing of her eyes. She does not smoke or drink alcohol. She uses eyedrops for persistent dryness of the e",B,A,False,A
1048,"A 32-year-old pregnant woman presents to her physician with flu-like symptoms for the past 3 days. She has a runny nose, mild headache, and feels achy. She has a mild fever and diffuse rash over her body. She is concerned about the health of her baby and wants to know if there are any medications th",B,A,False,A
1049,An investigator is studying bacterial adaptations to the environment in an infectious isolate and a noninfectious isolate of Hemophilus influenzae type B. Animals exposed to the noninfectious isolate do not develop symptoms of infection. The investigator cultivates the noninfectious isolate in a cul,C,C,True,C
1050,"A 40-year-old female with a past medical history of high cholesterol, high blood pressure, hyperthyroidism, and asthma presents to the primary care clinic today. She has tried several different statins, all of which have resulted in bothersome side effects. Her current medications include hydrochlor",C,B,False,B
1051,A 62-year-old patient with a history of deep venous thrombosis is enrolled in a clinical trial for a new oral anticoagulant. This novel drug has the property where its clearance is relatively predictable based on patient demographics and can easily be extrapolated from other data. Its metabolism and,C,B,False,B
1052,"A 7-day-old infant boy presents to an emergency department due to poor feeding. His parents are recent immigrants to the United States. He was born in a traditional home birth and has never seen a medical provider. Mom had no prenatal care, has no medical issues, and is unvaccinated. The baby had be",B,A,False,A
1053,"A 28-year-old woman presents with facial flushing, weakness, and chronic diarrhea for the past month. She denies any history of smoking, alcohol use, or recreational drug use. The patient was on a trip to Thailand 2 years ago with her family but denies any recent travel. Her blood pressure is 120/88",B,B,True,B
1054,"A 69-year-old gentleman presents to his primary care physician for pain in his right shoulder. The patient was helping his son move this past weekend, and he noticed after the move that he had pain and weakness in his right shoulder. The patient thought that this pain was just him being in poor shap",A,A,True,A
1055,"A 9-year-old male visited his primary care physician for a check-up three months after a throat infection. Upon examination, the patient exhibits painless subcutaneous nodules on the back of the wrist, the outside elbow, and the front of the knees, as well as inflammation in the joints of the lower ",C,C,True,C
1056,"A 29-year-old man diagnosed with schizophrenia 4 years ago presents for follow-up to discuss his medication. The patient was diagnosed with schizophrenia 4 years ago and has since tried several antipsychotic medications, none of which have been able to treat his negative symptoms. He has changed to ",D,D,True,D
1057,"A 32-year-old man with HIV comes to the physician because of a 2-month history of weight loss, night sweats, and productive cough. Auscultation of the lungs shows coarse crackles at the right upper posterior field. An x-ray of the chest shows an opacity in the right upper lobe. Sputum analysis shows",A,A,True,A
1058,"A 7-year-old boy is rushed to the emergency room after losing consciousness 30 mins ago at home. The patient’s mother says that he has had a “running nose” for the past few days However, he did not receive any treatment for it, and his condition rapidly worsened today. He does not have any significa",C,C,True,C
1059,"A chronic opioid abuser undergoes emergency surgery. Following the operation, the man is started on a patient controlled analgesia (PCA) thought to be dosed adequately to control his pain in the face of his opioid tolerance. He reports intense pain 6 hours after the conclusion of the surgery. Which ",A,A,True,A
1060,"A 3550-g (7.8-lb) male newborn is delivered at term to a 27-year-old, gravida 1, para 1 woman (Rh+). Within the first 24 hours after birth, the newborn develops fever and a yellow discoloration of skin and sclerae. Examination shows loss of flexion in the extremities, splenomegaly, and cyanosis. Lab",C,B,False,B
1061,"A 37-year-old woman presents to the emergency department with confusion, anxiety, sweating, and episodes of vomiting. She is accompanied by her sister who says that her symptoms developed acutely and is unsure about what caused it. She is currently on methimazole, which she last took approximately 1",D,D,True,D
1062,"A 13-year-old boy is brought to the emergency department because he was vomiting and seemed abnormally sleepy at home. On presentation, he is found to be confused and very lethargic. His parents said that he has had a fever and cough for several days prior to presentation and was given an over the c",A,A,True,A
1063,"A 54-year-old woman presents with sudden onset, mild vaginal bleeding for the past day. She says she is postmenopausal, and her last menstrual period was 5 years ago. A detailed workup is performed, and several premalignant lesions are found in her uterus. The patient agrees to a hysterectomy. The s",D,D,True,D
1064,"A 22-year-old woman presents with recurrent episodes of swelling in her face, hands, and neck with occasional abdominal pain. The symptoms usually resolve in 2 to 3 days. She has had these swelling events her whole life; however, they have become more debilitating recently. Last week she had an even",D,D,True,D
1065,"A 24-year-old woman gravida 2, para 1 at 24 weeks' gestation comes to the physician for a prenatal visit. She feels well. Her earlier pregnancy was uncomplicated. This is her 4th prenatal visit. She had an ultrasound scan 2 weeks ago that showed a live intrauterine pregnancy consistent with a 22-wee",A,B,False,B
1066,"A 42-year-old man is brought to the emergency department because of a 2-day history of dyspnea, chest pain, and hemoptysis that were preceded by 4 days of myalgia and a low-grade fever. He is currently visiting the United States as a tourist from Turkey, where he works at a factory that processes sh",A,A,True,A
1067,"A 27-year-old woman, gravida 1, para 0, at 38 weeks' gestation is admitted to the hospital for active labor. The pregnancy was complicated by gestational diabetes and fetal weight is estimated to be at the 90th percentile for gestational age. During delivery, there is an arrest in the second stage o",C,C,True,C
1068,"A 63-year-old man presents to his primary care physician for follow-up. He reports a slow and steady weight gain of 6 pounds over the past 6 months, despite attempts to control his diet and increase his level of exercise. His medications include pravastatin, lisinopril, and hydrochlorothiazide. On e",B,D,False,D
1069,"A 45-year-old woman comes to the physician for the evaluation of a right breast mass that she noticed 3 weeks ago. It has rapidly increased in size during this period. She does not have pain. Vital signs are within normal limits. Examination shows large dense breasts; a 5-cm, nontender, multinodular",A,A,True,A
1070,"A 72-year-old Caucasian male presents to your office with dysphagia and halitosis. If this patient is also found to have cricopharyngeal muscle dysfunction, which of the following is the most likely cause of his presenting symptoms?",D,D,True,D
1071,"A 10-year-old boy is brought to the emergency department because he has not been able to walk since waking up that morning. His mother said that when he tried to get out of bed that he was unable to stand without support. He also complained of prickling in his hands and feet. Three weeks ago, he had",A,A,True,A
1072,"A 27-year-old male presents to the psychiatrist requesting help with his compulsions as they are interfering with his life. He explains that he has this fear that something terrible will happen to his house if he does not check every appliance, outlet, window and door lock, faucet, and light fixture",D,D,True,D
1073,"A 35-year-old Caucasian female presents to the hospital alarmed by her recent truncal weight gain, facial hair growth, and thinning skin. During the physical exam, the physician finds that the patient is hypertensive. Serum analysis reveals hyperglycemia. The physician suspects a pituitary adenoma. ",D,D,True,D
1074,"A 24-year-old man with chronic back pain comes to the physician to establish care after moving to Florida. He complains of anxiety, nausea, abdominal cramping, vomiting, and diarrhea for three days. He denies smoking, drinking alcohol, and using illicit drugs. He appears restless. His temperature is",C,A,False,A
1075,A 53-year-old man comes to the physician because of a 3-month history of cough and progressively worsening difficulty walking up the stairs in his apartment. He has noticed that it is easier for him to climb the stairs after he has exercised. He has also had a 4.6-kg (10.1-lb) weight loss over the p,D,D,True,D
1076,"A 78-year-old woman presents to the emergency department with weight loss, abdominal pain, and jaundice. CT demonstrates a mass in the head of the pancreas, and biopsy is planned for the following day. The patient's daughter approaches you outside the room to request that the results of the biopsy n",B,A,False,A
1077,"A 59-year-old man presents to his primary care provider with fatigue. He has been seen in the emergency room 5 times in the past 2 years for acute alcohol intoxication. His past medical history is notable for diabetes mellitus and gout. He takes metformin, glyburide, and allopurinol. His temperature",A,B,False,B
1078,"A 75-year-old man becomes pulseless in the cardiac intensive care unit 48 hours after admission for ST-elevation myocardial infarction. His blood pressure is 50/20 mm Hg. The ECG monitor shows a tachycardic irregular rhythm with erratic undulations, but no discernible P waves or QRS complexes. Durin",A,B,False,B
1079,"A 65-year-old man presents with left-sided numbness, diplopia, and blurring of vision. The diplopia is more prominent on his left-side lateral gaze. He denies having fever, headache, ocular pain, lacrimation, changes in color vision, or limb weakness. He has a past medical history of type-2 diabetes",D,B,False,B
1080,"A 5-day-old boy is brought to the emergency department because of a 1-day history of poor feeding, irritability, and noisy breathing. The mother did not receive any prenatal care. His respirations are 26/min. Physical examination shows sunken fontanelles, tightly clenched fists, and erythema around ",C,A,False,A
1081,A 62-year-old woman comes to the physician because of a 6-month history of progressive pain and stiffness of the fingers of her right hand. The stiffness is worse at the end of the day. She recently retired after working for 28 years as a typist at a data entry firm. Physical examination shows swell,D,D,True,D
1082,"An 81-year-old man patient recently moved into an assisted living facility and presents today with itchy blisters in his axilla. He attributes these to a poor diet. He also complains that the nurse practitioner at the facility started him on 4 new medications, in addition to his existing prescriptio",B,B,True,B
1083,"A previously healthy 18-year-old army recruit is brought to a military treatment facility because of a 3-week history of right foot pain. He recently started basic infantry training and has been running several kilometers daily. Initially, the pain only occurred while running, but now it is also pre",A,A,True,A
1084,"Thirty minutes after delivery, a 3600-g (7-lb 15-oz) newborn has noisy breathing, bluish discoloration of her lips, and intermittent respiratory distress. She was born at 38 weeks' gestation and required bag-mask resuscitation immediately after delivery. Pregnancy was uncomplicated. Her mother has n",D,A,False,A
1085,"A 3-year-old girl is brought to the emergency department by her mother 30 minutes after the sudden onset of shortness of breath, dizziness, abdominal pain, and urticaria. The symptoms began 5 minutes after she ate a peanut butter sandwich. Her respirations are 36/min and blood pressure is 84/50 mm H",A,C,False,C
1086,"A 3-day-old boy is admitted to the neonatal intensive care unit for seizures. He was born to a 33-year-old woman at 31 weeks gestation via cesarean section. His birth weight was 1400 grams. Vital signs are significant for systemic hypotension, bradycardia, and hypoventilation. On physical exam, the ",B,B,True,B
1087,"A 39-year-old man seeks an evaluation in the emergency room due to an episode of syncope at work. He says that he has felt increasing shortness of breath while exercising over the past 6 months. He is a well-built man in mild distress. The vital signs include heart rate 98/min, respiratory rate 18/m",C,C,True,C
1088,"A 26-year-old nullipara presents to her physician for a routine check-up at 18 weeks gestation. She has no co-morbidities. Her only complaints are fatigability and a depressed mood for the past 2 weeks. Her vital signs are as follows: blood pressure, 125/80 mm Hg; heart rate, 87/min; respiratory rat",B,B,True,B
1089,"A 42-year-old man presents to your office complaining of right-sided facial swelling that has progressively worsened over the last month after returning from a trip to India. On examination, the patient has an obvious distortion of the facial features on the right without erythema or lymphadenopathy",B,B,True,B
1090,A 15-year-old boy is brought to the physician by his mother. His mother reports multiple instances over the past month when she walked into his room while he was masturbating. She is worried he may be going through some sort of “problem.” He is currently in 9th grade; his mother says that he is the ,C,C,True,C
1091,A 64-year-old man presents to the clinic with easy fatigability and breathlessness when climbing stairs for the last 2 weeks. He also mentions that he occasionally has bouts of cough at night after about 2–3 hours of sleep which is relieved when he sits upright. He denies shortness of breath at rest,C,C,True,C
1092,"A 69-year-old man presents to his primary care physician for trouble sleeping. The patient states that he recently retired from working the day shift at a cemetery. When the patient retired, his goal was to finally be able to go out with his wife; however, he finds that he is unable to stay awake pa",B,B,True,B
1093,"A 62-year-old woman comes to the physician for a routine health maintenance examination. She feels well. Six months ago, she was vaccinated against influenza. Her last mammography 1 year ago showed no abnormalities. Two years ago, a pap smear and colonoscopy were normal. She has a history of hyperte",B,A,False,A
1094,"A 25-year-old female with Hodgkin's lymphoma presents with a several day history of edema. Lab studies show:

Serum Na+: 140 mmol/L
Serum K+: 3.5 mmol/L
Serum albumin: 1.9 g/dL
Total serum bilirubin: 1.0 mg/dL
Serum creatinine: 1.2 mg/dL

Urinalysis shows 4+ proteinuria and fatty casts. What is the ",C,A,False,A
1095,A 45-year-old man comes to the physician because of mild left-sided abdominal pain when lifting heavy objects that has developed over the past 6 months. He has had a weight loss of 41 kgs (90 lbs) in the past year. Physical examination shows a soft bulge inferior and lateral to the navel on the left,C,A,False,A
1096,A 7-year-old woman presents shortly after her birthday with red scaly plaques over both ears. Her mother reports that the patient recently received a pair of fashionable silver earrings from her older sister as a birthday present. Physical examination is only significant for erythema and tenderness ,C,C,True,C
1097,A 34-year-old man comes to the physician because of a 3-week history of colicky abdominal pain and diarrhea. He has bowel movements 10–12 times daily; the stool contains blood and mucus. He constantly has the urge to defecate. His vital signs are within normal limits. Examination of the abdomen show,C,C,True,C
1098,"A 32-year-old woman presents to the emergency department with complaints of a headache. The last menstrual period was 4 months ago. She also reports having a mild headache for 1 month. There has been a grape-like mass protruding from her vagina for the last 15 days. On examination, the fundus of the",D,D,True,D
1099,"A 42-year-old woman comes to the clinic for a routine annual exam. She recently moved from New Jersey, and her medical records show a total colectomy. The patient reports that she has had annual colonoscopies since she was 10 years of age because her father had “a condition with his colon.” What is ",A,A,True,A
1100,"A 2-day-old infant male is brought to the emergency department with a 5-hour history of vomiting and irritability. He was born at home and had unreliable prenatal care because his parents have been experiencing housing instability. About a day after birth, he started to become lethargic and was feed",A,B,False,B
1101,"A 58-year-old man with hypertension and dyslipidemia comes to the physician for a routine health maintenance examination. He says he feels well. He is 180 cm (5 ft 11 in) tall and weighs 103 kg (227 lb); BMI is 32 kg/m2. His BMI last year was 27 kg/m2. When asked about his diet, he says, “Being over",A,A,True,A
1102,A 27-year-old college student presents to his physician for constant fatigue. The patient states that for the past several weeks he has felt oddly fatigued and has struggled to complete his work. He is a foreign exchange student and is concerned he will fail out of his academic program. He has exper,C,D,False,D
1103,A 63-year-old woman comes to the physician because of a 6-month history of fatigue and shortness of breath on exertion in addition to a 1-month history of ankle swelling. She has a history of sleep apnea. Examination of the lower extremities shows bilateral pitting pedal and ankle edema. Cardiac exa,C,C,True,C
1104,"A 62-year-old man presents with bright red blood in his stool which occurred 2 times this week. He denies fever, weight loss, pain, pruritus or urinary symptoms. Past medical history is significant for gastroesophageal reflux disease, and recent appendicitis, status post laparoscopic appendectomy co",B,B,True,B
1105,"A 55-year-old woman presents to the office because she has been feeling weak. For the past 2 years, she has been urinating a considerable volume every time she goes to the bathroom. She has no past medical history. Her heart rate is 86/min, respiratory rate is 15/min, temperature is 37.4°C (99.3°F),",A,A,True,A
1106,"A 35-year-old woman presents to a psychiatrist for an initial consultation. She reports that for the past 3 years, she has experienced several periods of depressed mood. The episodes do not coincide with any specific life events and seem to resolve after 4-6 weeks. During these episodes, she experie",B,B,True,B
1107,"A 76-year-old woman comes to the physician for a routine examination. She has a history of hypertension well controlled with diet and exercise. She has no history of smoking or illicit drug use. She walks one mile daily. Her pulse is 68/min, respirations are 16/min, and blood pressure is 119/76 mm H",A,D,False,D
1108,"A 32-year-old man jumps off a 3 story building during a suicide attempt. Paramedics arrive quickly, and he is taken to the hospital where several stable lumbar fractures and a shattered right calcaneus are found. He undergoes surgery and his calcaneus is repaired with 11 screws. Which of the followi",C,C,True,C
1109,A 46-year-old man comes to the emergency department because of a 4-week history of fatigue and headache that have gotten progressively worse. He has allergic asthma treated with inhaled salbutamol. He immigrated to the USA from Thailand 9 years ago. He lives by himself and works as a waiter in a res,B,A,False,A
1110,"A previously healthy 16-year-old boy comes to the physician because of a 5-day history of pain at the back of his left ankle. His mother had a myocardial infarction at 54 years. His BMI is 23 kg/m2. There is tenderness above the left posterior calcaneus and a firm, 3-cm, skin-colored nodule that mov",C,A,False,A
1111,"A 3-year-old boy presents with episodic diarrhea with malodorous stools, stunted growth, occasional abdominal cramps, and an itchy rash. His mother says that these symptoms developed approximately 2 years ago. The patient was exclusively breastfed up to the age of 7 months. Supplementary feeding was",C,C,True,C
1112,"An 18-year-old patient is visiting the pediatrician with her mother for her annual exam before college starts. Her height and weight are appropriate for her age, and she is up to date on all her vaccinations and has no medical complaints. She is doing well in school and has a part-time job stocking ",C,C,True,C
1113,A 15-year-old girl comes to the physician because of a 2-week history of genital lesions. She has no history of serious illness. She is sexually active with 2 male partners and uses condoms inconsistently. Vital signs are within normal limits. Pelvic examination shows multiple hyperkeratotic exophyt,D,A,False,A
1114,"A 48-year-old woman comes to the emergency department because of a 1-day history of fever, vomiting, and abdominal pain. Two weeks ago, while visiting Guatemala, she had an emergency appendectomy under general inhalational anesthesia. During the surgery, she received a transfusion of 1 unit of packe",C,B,False,B
1115,"A 10-year-old African American girl with known sickle cell disease becomes acutely anemic in the setting of underlying infection. Her mother denies any previous history of blood clots in her past, but she says that her mother has also had to be treated for pulmonary embolism in the recent past. The ",D,D,True,D
1116,A 46-year-old woman comes to the physician because of severe muscle and joint pain for 5 months. The pain varies in location and intensity. She also has joint stiffness in the morning and reports fatigue throughout the day that she attributes to not sleeping well. She reports a tingling sensation in,C,C,True,C
1117,"A 68-year-old man presents with difficulty breathing for the last 3 hours. Upon asking about other symptoms, he mentions that he had a cough for the last 4 months which he attributes to his smoking. He says he had frequent nasal stuffiness and headaches over the last 3 months, for which he takes ove",C,A,False,A
1118,"A 40-year-old obese man with a history of diabetes and chronic kidney disease presents with one day of excruciating pain, swelling, and redness in his greater toe. He denies any inciting trauma or similar prior episodes. Vital signs are stable. On examination, the right first toe is grossly erythema",C,C,True,C
1119,"An obese 42-year-old female presents to her primary care physician with a complaint of left knee pain for the past 3 months. She describes the pain as affecting the inside part of the knee as well as the front of her knee, below the kneecap. She denies any inciting injury or trauma to the knee but r",D,D,True,D
1120,A 24-year-old woman comes to the physician’s office with concerns about a recent pregnancy. She and her boyfriend had intercourse for the first time a few weeks ago. Two weeks ago she missed her menstrual period. She took several over the counter pregnancy tests that confirmed her pregnancy. She is ,C,C,True,C
1121,"A 25-year-old woman comes to the physician because of periodic painful double vision for 3 days. Her symptoms occur only when looking sideways. She has myopia and has been wearing corrective lenses for 10 years. Ten days ago, she lost her balance and fell off her bike, for which she went to a hospit",A,A,True,A
1122,"A 63-year-old man presents to the clinic for left calf pain when walking a distance of more than 200 m. He has had this pain for more than 8 months now, and he rates it as 7 out of 10. The pain subsides with rest. The patient has had a history of diabetes mellitus for the past 2 years which is well ",A,A,True,A
1123,"A 72-year-old woman comes to the physician because of a 1-month history of frequent headaches, double vision, fatigue, and myalgias. Physical examination shows pallor, tenderness to palpation over the temples, and inward deviation of the left eye. Laboratory studies show an erythrocyte sedimentation",D,A,False,A
1124,"A 22-year-old woman comes to the physician because of yellow vaginal discharge, pruritus, and pain with urination for the past 6 days. Three weeks ago, she had an episode of acute bacterial rhinosinusitis that was treated with a 10-day course of amoxicillin. She has been sexually active with multipl",D,B,False,B
1125,"A 15-year-old female presents to her pediatrician’s office for severe menstrual cramping. The patient underwent menarche at age 11, and her periods were irregular every 2-3 months for two years. After that, her cycles became roughly regular every 28-35 days, but she has had extremely painful cramps ",C,C,True,C
1126,"A 34-year-old woman is brought to the emergency department following a high-speed motor vehicle collision in which she was the restrained driver. On arrival, she has a cervical collar in place and is unresponsive. Her temperature is 36.7°C (98°F), pulse is 70/min, and blood pressure is 131/76 mm Hg.",D,A,False,A
1127,"A previously healthy 17-year-old female college student comes to the emergency department because of a 1-day history of fever, chills, and severe headache. Her temperature is 39.4°C (103°F). Physical examination shows nuchal rigidity and photophobia. Blood cultures are obtained and a lumbar puncture",C,C,True,C
1128,"A 74-year-old man was admitted to the intensive care ward due to progressive dyspnea, cough with pink sputum, and diaphoresis. He had 2 myocardial infarctions at the age of 66 and 69 years and suffers from chronic heart failure. At the time of presentation, his vital signs are as follows: blood pres",A,D,False,D
1129,"Please refer to the summary above to answer this question
A cardiologist at another institution is trying to replicate the table in the abstract with a very similar study that he is conducting. After collecting data on changes in plaque volume, LDL-C levels, FEV1/FVC ratio, and ACQ scores from basel",C,C,True,C
1130,A 35-year-old woman comes to the physician because of intermittent episodes of heart palpitations for 3 weeks. The palpitations are accompanied by chest pain that is sharp and localized to the left 3rd intercostal space. The patient does not smoke. She drinks one to two glasses of wine on the weeken,A,A,True,A
1131,A 78-year-old right-handed man is brought to the emergency department by his daughter for sudden onset speech changes. The patient lives with his daughter and was chatting with her when suddenly his speech became distorted with random and disconnected words that made no sense. He seems to be physica,A,A,True,A
1132,"A 68-year-old woman presents with an intermittent throbbing headache with an onset approximately 3 weeks ago. The pain is bilateral, “band-like,” and extends to the neck. The patient rates the 4 points out of 10 on a visual scale. The headache is not accompanied by nausea, vomiting, photophobia, or ",D,D,True,D
1133,"A 31-year-old male comes to your office for his annual exam. He states that he received all of his recommended vaccinations prior to beginning college, but has not had any vaccines in the past 13 years. His medical history is significant for intermittent, exercise-induced asthma. He has been sexuall",B,B,True,B
1134,"A 24-year-old woman presents to the emergency department with a 2-week history of a foot ulcer. She says that she punctured her foot with a rusty nail while she was playing tennis and that the puncture wound has since progressed to a non-healing ulcer. Over the last 2 days, she has also been experie",A,A,True,A
1135,"A 23-year-old man comes to the physician because of a 1-week history of anorexia, nausea, upper abdominal pain, and dark-colored urine. He recently returned from a trip to Belize. His temperature is 38.3°C (100.9°F). Physical examination shows scleral icterus and tender hepatomegaly. Serum studies s",D,A,False,A
1136,A 42-year-old man comes to the physician because of progressive fatigue and shortness of breath for 1 month. He has been unable to practice with his recreational soccer team and has had to rest frequently when walking to work. His only medication is ibuprofen for joint pain. Physical examination sho,D,B,False,B
1137,"A 32-year-old Caucasian woman is referred to a gastroenterologist by her family physician for 8 months of abdominal pain, foul-smelling diarrhea with floating, bulky stools, weight loss, and macrocytic anemia. Her personal history is relevant for allergic rhinitis. Physical examination shows grouped",C,C,True,C
1138,"A 62-year-old woman with small-cell lung cancer comes to the physician because of a painful, burning red rash on her face and hands that developed 30 minutes after going outside to do garden work. She wore a long-sleeved shirt and was exposed to direct sunlight for about 10 minutes. The patient is l",D,A,False,A
1139,"A 54-year-old man is brought to the emergency department after he was found outside in the middle of a blizzard. On presentation, he is conscious but does not know where he is nor how he got there. His wife is contacted and says that he has been getting increasingly confused over the past 6 weeks. T",A,D,False,D
1140,A 5-year-old boy is brought to his pediatrician due to sore throat and fever. He was in his usual state of health until 3 days ago when he began to complain of a sore throat as well as general malaise. The patient's past medical history reveals recurrent upper respiratory infections but no skin or s,B,A,False,A
1141,A 35-year-old woman comes to the physician for sleeping problems and the inability to concentrate for 3 months. She says she is worried because she and her husband have been trying to conceive for more than a year with no success. Conception by in vitro fertilization was attempted once 3 months ago ,B,B,True,B
1142,A 25-year-old female is brought to the emergency department by her family. They found her somnolent next to her computer and scattered pill bottles over two hours ago. The family cannot recall the types of pill bottles that they found and did not bring them to the ED. The patient's past medical hist,A,A,True,A
1143,A 27-year-old man and his wife come to the physician for preconception genetic counseling. The patient and his wife are asymptomatic and have no history of serious illness. The patient's older brother died at age 13 from heart failure and his 6-year-old nephew currently has severe muscle weakness. G,C,D,False,D
1144,"A 58-year-old Caucasian female presents to her primary care physician with concerns about several recent health changes. The patient has recently gained weight and can't seem to exercise like she used to. She also notes that her thinking seems slow. Physical examination shows thickened, dry skin. Se",C,C,True,C
1145,"A 33-year-old woman at 17-weeks gestation comes to the physician for evaluation of a painless mass in the right breast for the last 3 weeks that has not increased in size. Physical examination shows dense breasts and a 2.5-cm rubbery, mobile mass that is nontender in the upper outer quadrant of the ",A,A,True,A
1146,"A 27-year-old male presents for emergency surgery to reattach his left arm, severed during a high-speed car accident, and has lost significant amounts of blood. His wife arrives within minutes to the hospital exclaiming that under no circumstance should he receive any blood transfusions during surge",C,A,False,A
1147,The parents of a 14-year-old patient are concerned and have questions about the use of insulin for their son’s recently diagnosed type 1 diabetes. The patient has developed an upper respiratory infection while at school. He is coughing and has a runny nose. His temperature is 37.8° C (100.2° F) and ,A,C,False,C
1148,"A researcher evaluates healthy breast tissue from 100 women, 50 women that were pregnant at the time of the study and 50 age-matched non-pregnant women. The breast tissue in pregnant women contained an increased number of acinar glands with epithelial proliferation compared to the non-pregnant women",A,A,True,A
1149,A 21-month-old boy is brought to the physician for a well-child examination. His mother noticed deformities in both of his legs since he started walking independently. He has been healthy apart from an upper respiratory tract infection 6 months ago. He was delivered at 38 weeks' gestation. His 6-yea,B,B,True,B
1150,"A 30-year-old woman presents to an outpatient clinic for a scheduled gynecologic check-up. The patient appears well and has no specific complaints. She is current with her Pap smears, all of which have been normal. Her menstrual periods are regular and usually last 3–4 days. She denies any recent tr",A,A,True,A
1151,"A 1900-g (4-lb 3-oz) newborn is delivered at term to a 36-year-old primigravid woman. Pregnancy was complicated by polyhydramnios. Apgar scores are 7 and 7 at 1 and 5 minutes, respectively. He is at the 2nd percentile for head circumference and 15th percentile for length. Examination shows a promine",A,A,True,A
1152,"A 51-year-old man presents to his primary care provider complaining of fatigue, weight loss, and intermittent fevers for the past 6 months. He has had sexual intercourse with multiple men and women over the past year and does not use barrier protection. His last screen for sexually transmitted disea",B,B,True,B
1153,A 68-year-old man presents to his primary care physician with complaints of increased fatigue and back pain for the past year. His symptoms are progressively getting worse over the past few months despite adequate rest and trial of over the counter analgesics. His back pain is constant and non-radia,A,D,False,D
1154,"A 68-year-old postmenopausal woman presents to the clinic for a dual-energy X-ray absorptiometry (DEXA) scan. The patient states that she has mild joint pain, which she attributes to osteoarthritis, but she notes no recent fractures. She says that her mother had osteoporosis and she is concerned tha",D,D,True,D
1155,"An investigator is studying the growth pattern of a particular bacterial strain that caused a respiratory disease outbreak in children in rural Venezuela. The bacteria are found to be able to grow in a specialized culture that contains sheep blood, cystine, and potassium tellurite; the colonies are ",D,D,True,D
1156,"A 7-month-old boy is brought to the physician because of a 2-month history of fatigue, weakness, and difficulty feeding. He was delivered at term to a 32-year-old woman. He is not able to sit upright on his own. He is at the 75th percentile for height and 25th percentile for weight. His temperature ",C,C,True,C
1157,"A 4-year-old boy with acute lymphoblastic leukemia is admitted to the hospital to undergo allogeneic bone marrow transplantation. Two weeks after the conditioning regimen is started, he develops a temperature of 38.5°C (101.3°F). Laboratory studies show:
Hemoglobin 8 g/dL
Leukocyte count 1400/mm3
Se",D,D,True,D
1158,A 27-year-old female is brought to the emergency department by police when she attacked her date outside of a pizza restaurant. The patient refused to explain her behavior to the police. She seemed to be responding to internal stimuli when being initially interviewed. The patient has a past medical ,D,A,False,A
1159,"A 68-year-old man presents to the emergency department because of fever, abdominal pain, and rapidly progressive distension of the abdomen. His appendix was removed for an abscess 3 days ago. The complete blood count showed leukocytosis. Anaerobic culture of the peritoneal fluid needle aspirate show",A,A,True,A
1160,A 31-year-old female patient presents with significant swelling and redness of her fingers that is causing her significant pain. Her right knee has also been stiff and slightly swollen for the past 6 weeks. She is overall fatigued and has difficulty moving around but has not sought medical attention,C,C,True,C
1161,"A 44-year-old woman presents to her primary care physician because she has been having fever, chest pain, and cough for the last several weeks. She presented to the physician because she discovered blood in her sputum after coughing. She recently returned from a year of traveling abroad, but has oth",B,A,False,A
1162,"A 51-year-old Asian woman presents to her primary care provider with abdominal pain. On examination, she is found to have rebound tenderness in the lower right quadrant of her abdomen. Further workup suggests ovarian cancer, which is confirmed later in the week to be stage 4 with confirmed distant m",D,B,False,B
1163,"A 49-year-old man comes to the physician because of a 1-week history of diarrhea and abdominal bloating. His stools are bulky, foul-smelling, and difficult to flush. Over the past 6 months, he has had recurrent dull epigastric pain that is triggered by meals and lasts for a few days. He drinks 6 to ",B,D,False,D
1164,"An 80-year-old African American man is brought to the emergency department in a confused state with history of general illness for the past week. He is known to be hypertensive, but noncompliant with medications for the last 20 years. Physical examination reveals dry skin, ecchymoses, and conjunctiv",A,A,True,A
1165,"A 4-month-old boy is brought to the pediatrician by his parents. He presents to the pediatric ward with fever, dyspnea, and cough, which he developed 3 days ago. His mother also reports he had poor weight gain despite a good appetite during the past 2 months as well as frequent stools with an unplea",B,B,True,B
1166,"A 15-year-old girl is brought to the physician by her mother because of worsening grades over the past year. Since she started high school one year ago, her academic performance has decreased. She also has had difficulty finding friends at the new school. She is afraid that her classmates will make ",C,C,True,C
1167,A 3-year-old boy is brought to the clinic by his parents because he ‘hasn’t been himself lately’ and reportedly gets tired very easily from his swimming classes in comparison to the other kids. He also ‘can’t catch his breath’ at times. The mother also reports that he seems to be slightly shorter th,A,A,True,A
1168,"A 26-year-old woman developed rapidly progressive septic shock associated with nuchal rigidity, petechiae, and purpura. She tested positive for both Kernig and Brudzinski's signs and shows signs of confusion, dyspnea, and hypotension. The blood culture results confirmed the presence of Neisseria men",A,A,True,A
1169,A 35-year-old man comes to the physician because of episodes of difficulty swallowing for the past 3 months. He feels solid food getting stuck in his chest behind the sternum when he eats. Drinking does not cause any difficulty swallowing. He has no coughing or nasal regurgitation. He has no hoarsen,C,B,False,B
1170,A 33-year-old man presents to the emergency department with altered mental status. He was at work as a construction worker when his coworkers found him down at the work site. The patient recently underwent anesthesia for an appendectomy several months ago. He also has a past medical history of schiz,A,A,True,A
1171,"A 67-year-old man is brought to the hospital by his relatives. He complains of early satiety, abdominal discomfort after food intake, and abdominal bloating. These symptoms have been present since the patient was 52, but they were milder at that time so he paid little attention to them since. Tingli",C,C,True,C
1172,A four-day-old neonate is brought to the pediatrician with vaginal discharge for the last two days. Her mother is concerned about the blood-tinged discharge but states that her daughter has been feeding and voiding well. The neonate was delivered at 39 weeks gestation by an uncomplicated vaginal del,D,D,True,D
1173,"A 53-year-old male presents to his primary care physician complaining of fatigue and joint and muscle pain. He reports a 6-month history of slowly progressive tiredness associated with dull achy pain in his knees, hips, and shoulders. His past medical history is notable for hypertension, diabetes, a",A,A,True,A
1174,"A 40-year-old woman presents to her family physician with a 3-week history of swollen neck. The small, round, and painless swelling, which was detected 3 weeks ago in the middle of her neck, has now increased in size. The swelling is associated with sweaty palms and soles, insomnia, irritability, ne",C,C,True,C
1175,A 27-year-old woman with no past medical history presents to the emergency department with recurrent wrist and neck pain for the last 2 months. She reports that her fingers feel stiff in the morning and the symptoms tend to improve as the day progresses. She denies any recent trauma or other incitin,B,C,False,C
1176,A 66-year-old man comes to the physician because of fatigue and swelling of his legs and feet for 6 weeks. During this time he has felt like his eyes have been unusually puffy in the mornings and his urine has been frothy. He has hypertension and rheumatoid factor-positive rheumatoid arthritis. Curr,D,D,True,D
1177,"A 35-year-old woman presents with an unsteady and broad-based gait, dysmetria, and intention tremor in the distal upper extremities. Her past medical history is relevant for depression, personality changes, and declining work performance, for which she has been put on leave from her current job as a",B,B,True,B
1178,"A 6-year-old Russian boy who recently immigrated to the United States presents to your office with fever and dyspnea. On examination of the oropharynx, you note a grayish-white pseudomembrane and uneven elevation of the soft palate. The patient displays marked enlargement of the cervical lymph nodes",B,C,False,C
1179,"A 17-year-old male presents to the emergency department after a motor vehicle accident. The patient was an unrestrained driver in a head-on collision. He has a past medical history of asthma, depression, and anxiety. He is not currently taking any medications. His temperature is 99.5°F (37.5°C), blo",C,C,True,C
1180,A 62-year-old woman with a history of hypertension and type 2 diabetes mellitus comes to the physician for a routine health maintenance examination. She has smoked 1 pack of cigarettes daily for the last 15 years. Current medications include glyburide and amlodipine. The physician prescribes a medic,A,C,False,C
1181,A 21-year-old woman comes to the physician for evaluation of excess hair growth on her face. Menses occur irregularly at 45 to 65-day intervals. She is 159 cm (5 ft 3 in) tall and weighs 59 kg (130 lb); BMI is 23 kg/m2. Physical examination shows facial acne and growth of coarse dark hair on the fac,D,D,True,D
1182,"A 64-year-old man with coronary artery disease and hypertension comes to the physician for a follow-up examination. His blood pressure ranged from 160/100 mm Hg to 150/94 mm Hg on his previous 3 visits over the past 4 months. Current medications include aspirin, atorvastatin, hydrochlorothiazide, an",A,A,True,A
1183,"A 65-year-old woman is brought to the emergency department by her husband after he found her with nausea, headache, and agitation 1 hour ago. When he left their lakeside cabin 6 hours before to go ice fishing and get more firewood, she did not have any symptoms. She has chronic migraines, hypertensi",B,A,False,A
1184,"A 62-year-old Caucasian male presents to the emergency room with severe substernal chest pain, diaphoresis, and nausea. Imaging reveals transmural myocardial infarction in the posterior 1/3 of the ventricular septum. Which of this patient's coronary arteries is most likely occluded?",D,A,False,A
1185,"A previously healthy, 24-year-old man comes to the physician because of a 6-week history of loose, nonbloody stools. He also reports abdominal pain, intermittent nausea, and fever. He has not had vomiting, tenesmus, or rectal pain. His vital signs are within normal limits. Abdominal examination reve",C,A,False,A
1186,"A 65-year-old man presents with pain in his left thigh for a week. He describes the pain as dull and constant, boring in nature, and localized deep below the thigh muscle. He says it is worse at night. Physical examination is significant for tenderness and warmth over the anterior aspect of the left",B,D,False,D
1187,A 15-year-old boy is brought to the emergency department because of severe abdominal pain and vomiting for 8 hours. He has had around 3–4 episodes of greenish colored vomit during this period. He has major depressive disorder with psychosis. His mother has Graves' disease. Current medications includ,A,A,True,A
1188,"After a T cell progenitor leaves the bone marrow, most of its development takes place in the thymus. It passes through several stages during its maturation. Positive selection is an important process during maturation of T lymphocytes, and it ensures the preservation of self-major histocompatibility",B,B,True,B
1189,"A 28-year-old male presents with a recent onset of upsetting dreams, anxiety, and disturbing flashbacks. The patient reports that he returned from active duty in Iraq 3 months ago and was adjusting to life back at home until about 7 weeks ago when he began having intense fear of loud noises and seei",C,C,True,C
1190,"A patient with a1-antitrypsin deficiency is warned by his physician that his increasing dyspnea may be worsened by his continued cigarette smoking. Which of the following factors, released by both neutrophils and alveolar macrophages, is responsible for the patient's condition?",D,D,True,D
1191,A 54-year-old man comes to the physician for a routine health maintenance examination. He was diagnosed with type 2 diabetes mellitus 1 year ago. His only medication is metformin. His serum glucose is 186 mg/dL and his hemoglobin A1c is 7.6%. The physician prescribes an additional antidiabetic drug ,C,B,False,B
1192,"A 19-year-old woman is brought into the emergency department after collapsing during a cheerleading practice session. Her vitals taken by the emergency medical services (EMS) include blood pressure 88/55 mm Hg, pulse 55/min. She was given a liter of isotonic fluid while en route to the hospital. At ",A,A,True,A
1193,A 45-year-old man comes to the physician for a routine health maintenance examination. He was diagnosed with HIV 15 years ago. He was taking triple antiretroviral therapy but stopped a few months ago because he was feeling well. He lives in Wyoming. Vital signs are within normal limits. Cardiopulmon,C,D,False,D
1194,"A 32-year-old male presents to the emergency department because of fever and diarrhea. He was in his normal state of health until 2 weeks ago when he went abroad on a vacation. During his trip he went kayaking, visited spas, interacted with local animals, and ate local foods. Since returning he has ",D,A,False,A
1195,A 14-year-old boy presents to the emergency department with hand pain after falling from his skateboard one day ago. He reports that he lost his balance while attempting a new trick and fell on his outstretched hands. He has been icing his hand and taking several tablets of ibuprofen every few hours,A,A,True,A
1196,A 22-year-old woman comes to the physician for the evaluation of irregular menstrual bleeding. Menses have occurred at 45- to 90-day intervals since menarche at the age of 15 years. Her last menstrual period was 5 weeks ago. The patient reports that she was too embarrassed to discuss this issue with,C,C,True,C
1197,"A 56-year-old man comes to the emergency department because of nausea and shortness of breath that started while he was at work one hour ago. He also reports lightheadedness that started earlier in the day. He has type 2 diabetes mellitus, for which he takes metformin and sitagliptin. He has smoked ",C,D,False,D
1198,A 27-year-old man with a history of cocaine abuse comes to the physician 2 weeks after undergoing successful arthroscopic repair of a torn medial collateral ligament in his left knee. There were no complications. He was discharged with prescriptions for oxycodone and acetaminophen. He complains of s,B,D,False,D
1199,"An 89-year-old woman sees her neurologist for a follow-up evaluation. Three months ago, she presented with complaints about facial asymmetry. Her daughter has noticed that her mother’s mouth is droops downwards on the right side of her face and that she cannot close her right eye well. The same side",A,A,True,A
1200,"A 28-year-old man is brought to the emergency department because of a 3-day history of fever, chills, and generalized weakness. He has no cough. He was treated for a neck abscess 6 months ago. He takes no medications. He has smoked one pack of cigarettes daily for 10 years and drinks two to three be",B,B,True,B
1201,"A 24-year-old woman comes to the physician because of persistent fatigue for the past 4 months. She has no history of major medical illness. Her temperature is 36°C (96.8°F), pulse is 121/min, and blood pressure is 120/78 mm Hg. Physical examination shows pale conjunctivae. A peripheral blood smear ",C,C,True,C
1202,A 40-year old man presents to the clinic with vague upper abdominal pain that has been worsening for the last several days. He says that he often gets similar pain but less severe and that it worsens with meals. The pain sometimes radiates to his back. He recently lost 15 kg (33.6 lb) of weight seco,A,D,False,D
1203,"A 36-year-old man presents to his physician for a regular checkup, and he expresses an intent to quit smoking. He is a financial director with a 15-pack-year history of smoking who tried quitting several times. He tried different nicotine replacement products, none of which helped him. The patient h",C,C,True,C
1204,"A 32-year-old woman, gravida 2, para 0, at 22 weeks' gestation comes to the emergency department for abdominal pain and heavy vaginal bleeding for 2 hours. She has had no prenatal care. Her temperature is 37.2°C (99.0°F), pulse is 102/min, respirations are 16/min, and blood pressure is 138/82 mm Hg.",A,A,True,A
1205,"A 78-year-old man comes to the physician because of progressively worsening fatigue and headache for 6 months and occasional abdominal pain. He has not had any changes in his weight. He has a history of hypertension, type 2 diabetes mellitus, and chronic shoulder pain. Current daily medications incl",D,D,True,D
1206,"A 35-year-old woman comes to the physician for genetic counseling prior to conception. Her younger brother has mild developmental delay, pale complexion, and has to limit his dietary intake of phenylalanine. She has no similar symptoms and is in good health. Her parents are healthy. Which of the fol",A,A,True,A
1207,"A 23-year-old man presents with swelling of the left knee. He noticed the swelling a day ago while preparing for the college basketball game. He has had approximately 10 different sexual partners in the past 3 months. Synovial fluid tap shows a WBC count of 90,000 cells/mm3. What is the mechanism of",B,B,True,B
1208,Which of the following patient presentations seen in a pediatric immunology clinic is most consistent with a diagnosis of Bruton's agammaglobulinemia?,D,A,False,A
1209,"A 29-year-old man is brought to the emergency department by a concerned neighbor. The patient appears disheveled, has a flat affect, and appears to be having auditory hallucinations. He is alert and oriented to time, person, and place and has an intact long-term and short-term memory. His neighbor s",A,D,False,D
1210,A 23-year-old man comes to the clinic for yellowing of his eyes. The patient has been relatively healthy and just recently started “intermittent fasting” to try to lose weight. He recalls a similar episode 4 years ago when he was recovering from an emergency appendectomy. The patient denies smoking ,C,B,False,B
1211,A 40-year-old woman comes to the physician because of a 2-month history of increasingly frequent episodes of vertigo and feeling unsteady while walking. She reports that she has had episodic tinnitus in her right ear for the past 3 years. Neurologic examination shows hearing loss in the right ear. A,C,A,False,A
1212,A 47-year-old female presents to her primary physician for follow up after an ED visit for nephrolithiasis 1 week prior. CT scan in the ED revealed a 4-mm stone occluding the right ureter. She was able to pass the stone without assistance over the course of 5 hours. Pathology report on the stone sta,B,B,True,B
1213,A 62-year-old man comes to the physician because of worsening involuntary movements of both arms for the past 7 months. He reports that certain daily activities have become more difficult to perform. His father had a similar condition that was treated with medications. The patient appears anxious. V,D,C,False,C
1214,"Ten days after undergoing a cadaveric renal transplant, a 21-year-old man has pain in the right lower abdomen and generalized fatigue. During the past 2 days, he has had decreasing urinary output. He passed 5 liters of urine on the second postoperative day and serum studies showed a creatinine conce",A,A,True,A
1215,A 58-year-old woman presents to the office for routine follow-up. She recently underwent routine screening for bone density due to a history of hypothyroidism. She also has a history of gastroesophageal reflux disease (GERD) that is being treated with a proton-pump inhibitor (PPI) and more recently ,A,A,True,A
1216,"A 46-year-old man is brought to the emergency department 15 minutes after being involved in a motor vehicle collision where he was the unrestrained driver. On arrival, he is unconscious. His respirations are 24/min, and palpable systolic blood pressure is 60 mm Hg, and pulse is 141/min and irregular",A,A,True,A
1217,"A 65-year-old man with a longstanding history of poorly-controlled hypertension and no recent illness or cardiac disease presents to clinic complaining of chest pain that is worse on inspiration and relieved by sitting forward. Vital signs are stable. On exam, you detect a friction rub. Routine labs",D,A,False,A
1218,"A 56-year-old man of Korean descent visits his primary care provider for an annual health check-up. His personal history is relevant for cigarette smoking and a sedentary lifestyle. He has type-2 diabetes mellitus which is under control with oral medications. Upon physical examination, he is found t",B,A,False,A
1219,"A 46-year-old woman presents with a 5-month history of worsening dry cough, occasional shortness of breath, and fatigue. She says she is now having trouble walking a full block. For the past week, she also has noticed bilateral swelling of the lower legs. She denies chest pain, fever, chills, syncop",C,C,True,C
1220,A 67-year-old woman with depression comes to the physician because of easy bruising and bleeding of her gums for the past 2 months. She has been living alone since the death of her husband 1 year ago. She appears thin and has temporal wasting bilaterally. Physical examination shows bruises on her lo,A,A,True,A
1221,"A 49-year-old female with a history of alcoholism was found lying unconscious on a bench at a local park and rushed to the emergency department. Upon arrival, the patient regained consciousness and complained of intense bilateral flank pain and a recent decrease in urination. Urine microscopy demons",A,A,True,A
1222,A 53-year-old man comes to the physician for a follow-up appointment three days after being prescribed a selective alpha-1 agonist. He reports improvement in his symptoms and has not experienced any adverse effects. This drug was most likely prescribed for which of the following conditions?,C,B,False,B
1223,"A 31-year-old woman is brought to the emergency department with fever, right upper quadrant pain, and myalgia. Her boyfriend says she recently returned from a trip to Southeast Asia. She appears ill and is lethargic. Her temperature is 39°C (102.2°F). Physical examination shows jaundice and tender h",A,A,True,A
1224,A 25-year-old man presents to his primary care physician for pain in his back. The patient describes the pain as feeling worse in the morning. He says it is a general stiffness that improves when he goes to the gym and lifts weights. He also states that his symptoms seem to improve when he leans for,D,B,False,B
1225,A 9-month-old boy is brought to his pediatrician by his mother for a routine health checkup. The boy was born at 39 weeks gestation via spontaneous vaginal delivery. He is up to date on all vaccines and is meeting all developmental milestones. He was breastfed for the first 3 months and then switche,B,B,True,B
1226,"A 39-year-old woman, with a history of thyroidectomy and primary hyperparathyroidism presents for surgical evaluation for a right adrenal mass. Preoperatively, which of the following medications should she receive to prevent a hypertensive emergency intraoperatively?",D,D,True,D
1227,"A 58-year-old male is diagnosed with hypertension and started on daily propranolol after failing antihypertensive therapy with other medications. Three months later, his blood pressure appears to be adequately controlled on this therapy. While working in his garden one afternoon, the patient is stun",C,D,False,D
1228,An 8-year-old boy is brought to the physician by his parents for short stature. Neither his clothing nor his shoe size have changed over the past year. He also frequently bumps into obstacles such as furniture and has headaches at night. He is always thirsty for cold water and has been urinating mor,B,B,True,B
1229,"A 31-year-old woman, gravida 2, para 1, at 32 weeks' gestation presents to the emergency department for clear vaginal discharge that started roughly 26 hours ago. Her pregnancy has been uncomplicated. Her first child was born at term by vaginal delivery. She has no history of any serious illnesses. ",C,D,False,D
1230,"A 63-year-old man comes to the emergency department because of a 4-day history of lower abdominal pain, fever, and nausea. He has a history of constipation. His temperature is 39.1°C (102.4°C). Abdominal examination shows left lower quadrant tenderness with no guarding or rebound. Laboratory studies",D,B,False,B
1231,A researcher is studying risk factors for open-angle glaucoma in a group of elderly patients at a primary care clinic. He is curious if patients with diabetes (defined as fasting serum glucose ≥126 mg/dL on two separate readings) are at increased risk of developing open-angle glaucoma over time. Whi,A,A,True,A
1232,"Background:
Some patients with severe asthma have frequent exacerbations associated with persistent eosinophilic inflammation despite continuous treatment with high-dose inhaled glucocorticoids with or without oral glucocorticoids.
Methods:
In this randomized, double-blind clinical trial we assigned",A,A,True,A
1233,"A 30-year-old Japanese woman is brought to the emergency department after fainting at work. She says she was only unconscious for a moment and recovered quickly. She reports increasing fatigue and joint pain for the past 4 months. Her blood pressure is 90/60 mm Hg, and her temperature is 36.6°C (98.",A,A,True,A
1234,"A 25-year-old woman comes to the physician because of an acute, painful swelling of the left labia that she first noticed that morning. She also reports some pain while sitting and walking. She is sexually active with her boyfriend and states that she has been having pain during vaginal intercourse ",B,B,True,B
1235,A 21-year-old female presents to the clinic requesting prenatal counseling. She was born with a disease that has led her to have recurrent upper respiratory infections throughout her life requiring antibiotic prophylaxis and chest physiotherapy as well as pancreatic enzyme replacement therapy. She m,A,A,True,A
1236,"A 45-year-old woman presents to the physician with a history of headache, palpitations, and episodic diaphoresis. She was diagnosed with hypertension in the past and is now regularly taking antihypertensive medication (amlodipine 10 mg once daily). She has had a diffuse thyroid swelling for the past",B,B,True,B
1237,A 57-year-old man comes to the physician because of a 1-year history of increasing shortness of breath on exertion and a cough productive of a small amount of grayish-white phlegm. The cough had been initially nonproductive. He has not had fever or chest pain. He is originally from China and visits ,A,A,True,A
1238,"A 45-year-old woman presents with sudden-onset dyspnea. Her past medical history is significant for varicose veins in her lower extremities, well-controlled diabetes mellitus type 2, and a 25 pack-year smoking history. The patient currently takes metformin and pioglitazone. Family history is signifi",C,C,True,C
1239,"A 7-year-old boy is brought to the clinic by his mother with increasing swelling of his right jaw for the past 2 months. She notes that he has been treated several times with different antibiotics, but that they have not helped. She reports no recent history of fever, chills, or night sweats. The bo",C,C,True,C
1240,"A 3-year-old male was brought to the pediatrician with severe lip lacerations, with a portion of his tongue appearing to be bitten off, as well as missing portions of the fingers on his right hand. A family history is notable for two similar cases in male cousins on the mother's side. A urinalysis r",A,A,True,A
1241,An asymptomatic 65-year-old woman is found to have T-score of -2.6 SD on routine bone mineral density screening. She has a 10-year history of hypertension and an esophageal stricture due to severe gastroesophageal reflux disease. She was diagnosed with endometrial hyperplasia 20 years ago and treate,D,D,True,D
1242,"A 28-year-old woman, gravida 1, para 0, at 20 weeks' gestation comes to the physician with her husband for a prenatal visit. Her pregnancy has been uncomplicated. They are planning to travel to Ethiopia next month to visit the husband's family. Medications include folic acid and an iron supplement. ",B,B,True,B
1243,A 26-year-old man presents to the office complaining of persistent epigastric pain for the past 2 months. He states that his pain is worse a few hours after he eats. His father had similar symptoms. Past medical history is insignificant. He is a non-smoker and does not drink alcohol. The vital signs,D,D,True,D
1244,"The parents of a 16-year-old boy with type 1 diabetes mellitus present requesting information about the drug, exenatide, an injectable drug that only needs to be administered once a week. The patient’s blood glucose levels have been difficult to control on his current insulin regimen due to poor adh",A,B,False,B
1245,"A 79-year-old woman comes to the physician for the evaluation of a 2-month history of a non-productive cough and fatigue. During this period, she also has had a 4.5-kg (10-lb) weight loss and has become increasingly short of breath with mild exertion. She has congestive heart failure and hypertensio",B,B,True,B
1246,A 25-year-old woman comes to the physician because of irregular menstrual bleeding. Menses have occurred at 30- to 90-day intervals since menarche at the age of 12 years. Her last menstrual period was 6 weeks ago. She is sexually active with her husband and they do not use condoms. There is no perso,C,A,False,A
1247,"A 51-year-old woman goes to respiratory function testing in order to evaluate her shortness of breath. She recently joined a walking program with her friends in order to lose weight; however, she noticed that she was not able to keep up with her friends during the program. She has a 60-pack-year his",A,C,False,C
1248,"A 44-year-old woman comes to the physician because of a 6-month history of fatigue, intermittent fever, a 4.0-kg (8.8-lb) weight loss, and a progressive, non-productive cough. She does not smoke. Physical examination shows mild wheezing over bilateral lung fields and enlarged supraclavicular and cer",D,D,True,D
1249,"A 55-year-old nulligravid woman comes to the physician because of a 3-day history of heavy vaginal bleeding, requiring more than 5 pads per day. Menopause occurred 1 year ago. She attained menarche at 10 years of age. She has a history of hypothyroidism and type 2 diabetes mellitus. She has smoked 1",D,D,True,D
1250,"A 37-year-old woman with an HIV infection comes to the physician for a follow-up examination. Six months ago, combined antiretroviral therapy consisting of dolutegravir, tenofovir, and emtricitabine was initiated. Laboratory studies show a decrease in the CD4 count and an increase in the viral load ",A,D,False,D
1251,A 14-year-old girl presents with sudden drooping of the right side of her face with drooling and excessive tearing. The patient’s mother says that the patient was recently in northern Maine and spent most of her time during the trip outdoors. Physical examination reveals a slight asymmetry of the fa,A,A,True,A
1252,"A 66-year-old man with high blood pressure, high cholesterol, and diabetes presents to the clinic with elevated liver function tests from baseline. He has a blood pressure of 136/92 mm Hg and a heart rate of 69/min. On physical examination, his heart sounds are regular and lung sounds are clear. Cur",B,B,True,B
1253,"A 7 -day-old newborn boy presents to the emergency department with a history of fever, irritability, and generalized erythema. During the first 2 days of clinical manifestations, the parents of the child tried to control the symptoms using acetaminophen; however, the newborn continued to be ill, and",B,B,True,B
1254,"A 60-year-old woman presents to the outpatient clinic complaining of severe vulvar itching that has been gradually worsening for the past year. She mentions that she has tried over-the-counter lubricants, but lubricants do not seem to provide substantial relief. Her medical history is remarkable for",B,B,True,B
1255,"A 50-year-old woman with Systemic Lupus Erythematosus (SLE) presents to your clinic with complaints of left eye pain and reduced vision. She notes that she was in her usual state of health until 3 days prior to presentation when she noticed some mild tenderness around her left eye, unrelieved by any",A,B,False,B
1256,A 25-year-old woman presents to the emergency department with abdominal pain. She states that she was walking up the stairs at work when she felt sudden and severe abdominal pain followed by nausea and vomiting. Her past medical history is non-contributory and she is not currently taking any medicat,A,A,True,A
1257,"A 65-year-old man comes to the physician because of progressively worsening fatigue for 6 months. During this time, he has also had shortness of breath and palpitations on exertion. He has noticed blood in his stools on three separate occasions in the past 4 months. He has type 2 diabetes mellitus a",D,D,True,D
1258,"A 24-year-old woman comes to the emergency department with her boyfriend 2 hours after an episode of loss of consciousness. She was seated and was being tattooed on her right upper flank when she became diaphoretic, pale, and passed out. According to her boyfriend, the patient slipped to the floor a",A,A,True,A
1259,"A 15-year-old boy is brought to the emergency department 1 hour after falling from his bicycle. The boy was racing with his cousin when he lost control and fell onto his right side. He has nausea and severe pain in the right shoulder. He is in acute distress. His temperature is 37°C (98.6°F), pulse ",B,B,True,B
1260,"A 51-year-old man is brought to the physician by his wife because of a 3-week history of abnormal behavior. His wife reports he has been preoccupied with gambling at the local casino. He becomes restless and irritable when his wife attempts to restrict his gambling. Four months ago, he was diagnosed",B,B,True,B
1261,"A 55-year-old woman with no significant past medical history presents to her primary care doctor with fever, fatigue, and bleeding gums for the past 3 days. She denies any sick contacts. Her temperature is 101°F (38.3°C), blood pressure is 110/70 mmHg, pulse is 96/min, and respirations are 15/min. P",C,C,True,C
1262,"A 30-year-old man presents to the emergency room complaining of malaise. Two hours prior to presentation, he developed muscle cramps and nausea. He has had 3 episodes of non-bloody watery stools since his symptoms started. He reports that he has experienced similar symptoms multiple times over the p",B,C,False,C
1263,"A 62-year-old man is brought to the physician by his wife because of difficulties walking for the past year. He has had multiple falls over the past 4 months. Over the past 6 months, he has had progressive urinary urgency and now wears an adult diaper as is not always able to control the urge to voi",A,D,False,D
1264,"A 40-year-old woman with Down syndrome comes to the physician for the evaluation of fatigue, progressive clumsiness when using her hands, and difficulty walking for 3 months. During this period, the patient has had several episodes of dizziness as well as double vision. She also reports that she has",B,D,False,D
1265,"A 74-year-old woman with a history of hypertension, hyperlipidemia, and type 2 diabetes mellitus is brought to her primary care doctor by her son who is concerned about the patient's ability to manage her activities of daily living. She has been living alone since her husband passed away 2 years ago",B,B,True,B
1266,"A 45-year-old male with a history of diabetes and poorly controlled hypertension presents to his primary care physician for an annual check-up. He reports that he feels well and has no complaints. He takes enalapril and metformin. His temperature is 98.8°F (37.1°C), blood pressure is 155/90 mmHg, pu",C,D,False,D
1267,"A 29-year-old woman comes to the physician with high-grade fever, headache, and muscle pain. A week ago, she returned from India, where she was working with an NGO to build houses in rural areas. The patient took one dose of chloroquine one week before her trip. She also took a further dose during h",B,B,True,B
1268,"A 39-year-old woman presents to the clinic for her annual physical. Although she feels generally healthy she has noticed gaining about 9 kg (20 lb) over the last year. She eats a healthy, varied diet and exercises at the gym 4 days a week, including 20 minutes of aerobic exercise. On further questio",D,B,False,B
1269,A 38-year-old woman comes to the physician because of persistent diarrhea and fatigue for 1 month. She has had up to 12 watery stools per day. Sometimes she awakens at night because she has to defecate. She has abdominal bloating and cramps. She has had a 2-kg weight loss in the past month. She retu,D,B,False,B
1270,A 21-year-old college student comes to the physician because of daytime fatigue for 2 months. He has problems getting to sleep at night and frequently falls asleep during class. Recently he has started skipping classes altogether. He goes to bed between 11 p.m. and 1 a.m. but cannot fall asleep for ,B,D,False,D
1271,"A 19-year-old man is brought to the physician by his mother because she is worried about his strange behavior. Over the past 3 years, he has been dressing all in black and wears a long black coat, even in the summer. The mother reports that her son has always had difficulties fitting in. He does not",C,C,True,C
1272,"A 79-year-old man presents to the office due to shortness of breath with moderate exertion and a slightly productive cough. He has a medical history of 25 years of heavy smoking. His vitals include: heart rate 89/min, respiratory rate 27/min, and blood pressure 120/90 mm Hg. The physical exam shows ",C,C,True,C
