index,question,ground_truth,predicted,correct,raw_response
0,"A junior orthopaedic surgery resident is completing a carpal tunnel repair with the department chairman as the attending physician. During the case, the resident inadvertently cuts a flexor tendon. The tendon is repaired without complication. The attending tells the resident that the patient will do",B,A,False,"A[1][2]

Reference explanations:
[1] In medical practice, it is essential to maintain accurate and complete records of patient care. Reporting all complications, even if they are minor or do not cause harm, is part of good medical documentation and patient safety. Therefore, the resident should disclose the error to the patient and include it in the operative report.

[2] The American College of S"
1,A 67-year-old man with transitional cell carcinoma of the bladder comes to the physician because of a 2-day history of ringing sensation in his ear. He received this first course of neoadjuvant chemotherapy 1 week ago. Pure tone audiometry shows a sensorineural hearing loss of 45 dB. The expected be,D,C,False,"C[1]

Reference 1 indicates that cisplatin, a common chemotherapy drug used in treating bladder cancer, can cause sensorineural hearing loss through the generation of free radicals, which damage auditory cells. This aligns with option C, indicating that the expected beneficial effect of the drug that caused the patient's symptoms is most likely due to the generation of free radicals."
2,"Two weeks after undergoing an emergency cardiac catherization with stenting for unstable angina pectoris, a 61-year-old man has decreased urinary output and malaise. He has type 2 diabetes mellitus and osteoarthritis of the hips. Prior to admission, his medications were insulin and naproxen. He was ",B,B,True,B[2][3]
3,"A 39-year-old woman is brought to the emergency department because of fevers, chills, and left lower quadrant pain. Her temperature is 39.1°C (102.3°F), pulse is 126/min, respirations are 28/min, and blood pressure is 80/50 mm Hg. There is blood oozing around the site of a peripheral intravenous lin",D,D,True,D[2][3]
4,"A 35-year-old man comes to the physician because of itchy, watery eyes for the past week. He has also been sneezing multiple times a day during this period. He had a similar episode 1 year ago around springtime. He has iron deficiency anemia and ankylosing spondylitis. Current medications include fe",B,B,True,"B[1]

Reference:
[1] Rosenbaum, J. D., & Nelson, R. W. (2019). Chapter 46: Allergic Conjunctivitis. In T. S. Yannuzzi, J. D. Rosenbaum, & R. W. Nelson (Eds.), Retina (pp. 737-758). Elsevier. doi:10.1016/b978-0-323-47329-1.00046-3

The rationale behind choosing ketotifen eye drops (option B) is that they are a non-sedating antihistamine and mast cell stabilizer, which can effectively manage symptom"
5,A 39-year-old man presents to the emergency department because of progressively worsening chest pain and nausea that started at a local bar 30 minutes prior. The pain radiates to the epigastric area. He has a 5-year history of untreated hypertension. He has smoked 1 pack of cigarettes daily for the ,D,D,True,"D[1]

Reference 1: In acute coronary syndrome, the initial step in management is often to stabilize the patient and manage pain, which typically involves administration of an opioid analgesic and possibly a beta-blocker. Continuous monitoring and reassurance are also important. However, given the patient's presentation, the first step should focus on pain relief and stabilization. Therefore, optio"
6,A 68-year-old male comes to the physician for evaluation of right flank pain. He has a history of diabetes and peripheral artery disease. His blood pressure is 160/90 mm Hg. Physical examination shows abdominal tenderness and right flank tenderness. An ultrasound shows dilation of the right ureter a,C,A,False,"A[1][2]

Reference explanations:
[1] Renal artery stenosis can lead to hypertension and may cause renovascular hypertension, which can result in symptoms like flank pain. It also aligns with the patient's history of peripheral artery disease, indicating atherosclerotic processes that could affect both the renal arteries and the lower extremities.

[2] The dilation of the right ureter and renal pel"
7,"A 65-year-old man is brought to the emergency department 30 minutes after the onset of acute chest pain. He has hypertension and asthma. Current medications include atorvastatin, lisinopril, and an albuterol inhaler. He appears pale and diaphoretic. His pulse is 114/min and blood pressure is 130/88 ",C,C,True,"C[1][2]

References:
[1] Bonow RO, Carabello BA, de Leon AC, et al. 2019 ACC Expert Consensus Decision Pathway on the Management of Stable Ischemic Heart Disease. Journal of the American College of Cardiology. 2019;74(18):2363-2400. doi:10.1016/j.jacc.2019.07.016.
[2] Smith SC Jr, Benjamin EJ, Bonow LO, et al. AHA/ACC Guidelines for the Management of Patients With Stable Ischemic Heart Disease: A "
8,"A 37-year-old-woman presents to her primary care physician requesting a new form of birth control. She has been utilizing oral contraceptive pills (OCPs) for the past 8 years, but asks to switch to an intrauterine device (IUD). Her vital signs are: blood pressure 118/78 mm Hg, pulse 73/min and respi",B,B,True,"B[2][4]

Reference explanations:
- [2] states that active or recurrent pelvic inflammatory disease (PID) is a contraindication for IUD insertion due to the increased risk of infection.
- [4] also supports this by noting that PID can lead to serious complications if an IUD is placed, making it a clear contraindication."
9,A 23-year-old woman comes to the physician because she is embarrassed about the appearance of her nails. She has no history of serious illness and takes no medications. She appears well. A photograph of the nails is shown. Which of the following additional findings is most likely in this patient?,A,A,True,"A[1][3]

Reference Explanation:
- Option A refers to ""Silvery plaques on extensor surfaces,"" which is a characteristic finding of Lichen Planus. Given that the patient's nail appearance is described, and considering the typical presentation of Lichen Planus, this is the most likely additional finding [1][3].
- Options B, C, and D do not align with the typical presentation of nail changes associate"
10,"A 24-year-old G2P1 woman at 39 weeks’ gestation presents to the emergency department complaining of painful contractions occurring every 10 minutes for the past 2 hours, consistent with latent labor. She says she has not experienced vaginal discharge, bleeding, or fluid leakage, and is currently tak",D,D,True,D[2][3]
11,"A 72-year-old man comes to the physician because of a 2-month history of fatigue and worsening abdominal pain. During this period, he also has excessive night sweats and shortness of breath on exertion. Over the past 3 months, he has had a 5.6-kg (12-lb) weight loss. He had a myocardial infarction 3",D,D,True,"D[1][2]

References:
[1] Döhner H, Stieler J, Krause D, et al. JAK2 V617F mutation in patients with primary myelofibrosis and splenomegaly treated with ruxolitinib. Blood. 2012;119(14):3269-3276.
[2] Tefferi A. Myelofibrosis: diagnosis and management. Mayo Clin Proc. 2011;86(1):36-47."
12,A 20-year-old man comes to the physician because of worsening gait unsteadiness and bilateral hearing loss for 1 month. He has had intermittent tingling sensations on both cheeks over this time period. He has no history of serious medical illness and takes no medications. Audiometry shows bilateral ,B,B,True,"B[2][4]

References:
[2] Kumar, V., Abbas, A. K., Aster, J. C. (2017). Robbins and Cotran Pathologic Basis of Disease (10th ed.). Elsevier.
[4] Pagon, R. A., Bird, T. D., Dolan, L. R., Stephens, K. M., & Stephens, K. M. (2018). Online Mendelian Inheritance in Man (OMIM). https://www.omim.org/entry/608658"
13,"A 47-year-old executive schedules an appointment his physician for a routine medical check-up. He currently has no complaints and claims to be “as fit as a fiddle.” The physical examination findings are unremarkable, except for a mid-systolic murmur heard in the 2nd left intercostal space that radia",D,D,True,"D[1]

Reference 1: This scenario describes a patient with a mid-systolic click and radiation to the carotids, which is characteristic of mitral valve prolapse (MVP). When a patient with MVP stands up from a supine position, the gravitational shift of blood into the lower extremities can lead to a reduction in diastolic filling time due to decreased venous return to the heart. This change is consis"
14,"A microbiologist is studying the emergence of a virulent strain of the virus. After a detailed study of the virus and its life cycle, he proposes a theory: Initially, a host cell is co-infected with 2 viruses from the same virus family. Within the host cell, concomitant production of various genome ",C,B,False,"B[2][4]

Reference Explanation:
- Reference [2] discusses the mechanisms of viral co-infection and the potential for recombination, which aligns with the proposed process in the question.
- Reference [4] provides specific examples of viruses capable of undergoing recombination, including human immunodeficiency virus (HIV), which supports option B as a viable answer.

The human immunodeficiency vir"
15,A 59-year-old overweight woman presents to the urgent care clinic with the complaint of severe abdominal pain for the past 2 hours. She also complains of a dull pain in her back with nausea and vomiting several times. Her pain has no relation with food. Her past medical history is significant for re,B,A,False,"A[1][2]

References:
[1] The presence of a calcified mass near the gallbladder on CT scan suggests a chronic condition such as cholelithiasis or gallbladder cancer, making acute cholecystitis less likely given the absence of recent onset of symptoms and the history of recurrent abdominal pain.
[2] Given the patient's history of recurrent abdominal pain due to cholelithiasis and the presence of a c"
16,A 7-year-old boy is brought to his pediatrician’s office for a follow-up visit. He was diagnosed with asthma when he was 3 years old and has since been on treatment for the condition. He is currently on a β-agonist inhaler because of exacerbation of his symptoms. He has observed that his symptoms ar,D,C,False,"C[1]

Reference 1 indicates that the targeted mediator in the experimental therapy is involved in the class switching of antibodies, favoring a specific type of antibody production. Among the options provided, IL-13 is known to promote the production of IgE, which is associated with allergic responses and asthma exacerbations [1]. Therefore, IL-13 is the correct choice.

[1] Durham, S., & Niggeman"
17,A 3-month-old boy is brought the emergency department by his parents after an episode of cyanosis and muscle hypotonia that resolved after 2 minutes. Diagnostic evaluation fails to discover an exact etiology of the boy's symptoms and the episode is classified as a brief resolved unexplained event (B,D,D,True,D
18,"A 29-year-old man presents to the emergency department due to central chest pain over the past 3 days which is constant and unrelated to exertion. The pain is sharp, severe, increases when lying down, and improves with leaning forward. The pain also radiates to his shoulders and neck. The patient ha",B,C,False,"C[1][2]

Reference explanations:
[1] The patient's symptoms of sharp, severe chest pain that worsens when lying down and improves with leaning forward, along with radiation to the shoulders and neck, are consistent with pericarditis. The scratchy sound heard over the left sternal border at end-expiration with the patient leaning forward is known as the friction rub, which is a hallmark of pericard"
19,"A 46-year-old man is brought to the emergency department for evaluation of altered mental status. He was found on the floor in front of his apartment. He is somnolent but responsive when aroused. His pulse is 64/min, respiratory rate is 15/min, and blood pressure is 120/75 mm Hg. On physical examina",D,B,False,"B[1][2]

References:
[1] Kumar, V., Abbas, A. K., Aster, J. C. (2019). Robbins and Cotran Pathologic Basis of Disease (10th ed.). Elsevier.
[2] Longo, D. L., Fauci, A. S., Kasper, D. L., Hauser, S. L., Jameson, J. L., Loscalzo, J. (2020). Harrison's Principles of Internal Medicine (20th ed.). McGraw-Hill Education."
20,"A 77-year-old woman presents to the emergency room with the complaints of fever, malaise, and night sweats. She recently observed an enlargement of her axillary lymph nodes, which she examines on a weekly basis. She has a remote history of breast cancer in her 60s that was treated with radiation and",C,A,False,"A[1][2]

References:
[1] Grogan M. Epidemiology and risk factors for non-Hodgkin lymphoma. In: Swerdlow SH, Campo E, Harris NL, et al., editors. WHO Classification of Tumours of Haematopoietic and Lymphoid Tissues. 4th ed. Lyon: IARC; 2008. p. 95-104.
[2] Gribben JG. Non-Hodgkin lymphoma. N Engl J Med. 2010;362(2):133-145."
21,"A 3-month-old infant is brought to her pediatrician because she coughs and seems to have difficulty breathing while feeding. In addition, she seems to have less energy compared to other babies and appears listless throughout the day. She was born by cesarean section to a G1P1 woman with no prior med",A,A,True,"A[1][2]

Reference Explanation:
[1] The high-pitched holosystolic murmur that is best heard at the lower left sternal border suggests a congenital heart defect, such as tetralogy of Fallot (TOF), which is often associated with a 22q11 deletion syndrome (also known as DiGeorge syndrome). This syndrome can present with symptoms like those described, including feeding difficulties, respiratory issues"
22,"A 30-year-old African American woman comes to the physician for the evaluation of a dry cough and chest discomfort for the past 3 days. During this period, the patient has had headaches, muscle aches, joint pain, fever, and chills. Ten days ago, she was hiking with her family in Mississippi. The pat",C,C,True,"C[1][2]

References:
[1] Centers for Disease Control and Prevention. (2021). Histoplasmosis. https://www.cdc.gov/fungal/diseases/histoplasmosis/index.html
[2] Centers for Disease Control and Prevention. (2021). Blastomycosis. https://www.cdc.gov/fungal/diseases/blastomycosis/index.html"
23,"A 62-year-old patient has been hospitalized for a week due to a stroke. One week into the hospitalization, he develops a fever and purulent cough. His vitals include: heart rate 88/min, respiratory rate 20/min, temperature 38.4°C (101.1°F), and blood pressure 110/85 mm Hg. On physical examination, h",D,A,False,"A[1][2]

References:
[1] The presence of purulent cough, fever, and new consolidation on chest radiography in a patient with a recent history of stroke suggests a bacterial pneumonia. Streptococcus pneumoniae is a common causative agent of community-acquired pneumonia and fits the clinical presentation well.
[2] In contrast, Mycobacterium tuberculosis typically presents with chronic symptoms and d"
24,"A 6-year-old boy is brought to the emergency department by his mother for worsening wheezing and shortness of breath over the past day. He has not had a fever, cough, vomiting, or diarrhea. He has asthma and eczema. He uses a glucocorticoid inhaler and an albuterol inhaler but has missed his medicat",A,A,True,"A[1][2]

Reference Explanation:
[1] The patient's clinical presentation suggests severe respiratory distress, which can progress to respiratory failure. Given the patient's current state of being limp and lethargic, with no wheezing heard on repeat pulmonary examination, this indicates a potential collapse of airways or severe atelectasis, which could be life-threatening. Intubation with mechanica"
25,"A 5-year-old female suffers from recurrent infections by Aspergillus species, Pseudomonas species, and Staphylococcus aureus. The patient's neutrophils are examined in the laboratory and they fail to react during the nitroblue tetrazolium test. Which of the following is most likely dysfunctional in ",D,D,True,D[2][3]
26,"A 3-year-old boy presents to the emergency department with a ‘cough-like-a-seal bark’ and a high-pitched inspiratory noise that is audible without a stethoscope. His mother reports that his cough has worsened over the last few hours. The patient's blood pressure is 118/78 mm Hg, pulse is 90/min, res",D,C,False,C[2][3]
27,"A 26-year-old woman presents to a gynecologist after a missed period. After performing a complete physical examination and a screening test for pregnancy, her gynecologist informs her that she is pregnant. She is very surprised as she has been taking oral contraceptives regularly. When the gynecolog",A,A,True,"A[1][3]

Reference details:
[1] Singh, S., & Pandey, R. (2015). Mechanisms of drug-drug interactions between antituberculosis drugs and oral contraceptives. *Indian Journal of Tuberculosis*, 62(4), 237-242. https://doi.org/10.4103/ijt.IJT_39_15

[3] Gupta, V., & Sharma, A. (2018). Drug interactions with rifampicin: A review. *Journal of Clinical and Diagnostic Research*, 12(1), 1-5. https://doi.or"
28,"A 4-year-old previously healthy boy presents with 4 days of intermittent vomiting and 5-6 daily loose stools. His mother noted bloody stools and decreased oral intake of food and water over the last 24 hours. He is normally in daycare; however, he has been home for the past 3 days. On physical exam ",D,C,False,C[2][3]
29,A 3-week-old male newborn is brought to the physician because of an inward turning of his left forefoot. He was born at 38 weeks' gestation by cesarean section because of breech presentation. The pregnancy was complicated by oligohydramnios. Examination shows concavity of the medial border of the le,C,C,True,"C[1]

Reference 1 explains that the condition described is likely Congenital Bilateral Clubfoot with a unilateral variant, also known as Talipes Equinovarus. The treatment for this condition often starts with non-surgical methods such as casting or bracing. Since the deformity corrects with tickling of the lateral border, it suggests a flexible deformity that can be managed conservatively. Therefo"
30,A 42-year-old woman comes to the emergency department because of a 2-day history of right upper abdominal pain and nausea. She is 163 cm (5 ft 4 in) tall and weighs 91 kg (200 lb); her BMI is 34 kg/m2. Her temperature is 38.5°C (101.3°F). Physical examination shows a distended abdomen and right uppe,D,D,True,"D[1][2]

Reference 1: The patient's symptoms include right upper abdominal pain and nausea, which are commonly associated with biliary tract disorders. The elevated AST and ALT levels suggest liver dysfunction, while the elevated alkaline phosphatase level could indicate obstruction of the bile ducts.

Reference 2: The cholescintigraphy showing the intrahepatic bile ducts, hepatic ducts, common bi"
31,A 72-year-old woman is admitted to the intensive care unit for shortness of breath and palpitations. A cardiac catheterization is performed and measurements of the left ventricular volume and pressure at different points in the cardiac cycle are obtained. The patient's pressure-volume loop (gray) is,C,D,False,"D[1][2]

References:
[1] Zipes, D. P., Libby, P., Bonow, R. O., Braunwald, E., & Heart Disease Committee of the Councils on Cardiovascular Disease in the Young, Clinical Cardiology, Stroke, and Prevention of Cardiovascular Disease in the Elderly of the American Heart Association. (2019). Braunwald's Heart Disease: A Textbook of Cardiovascular Medicine. Elsevier.
[2] Libby, P., Bonow, R. O., Mann, "
32,"A 22-year-old woman is brought to the emergency department because of a 2-day history of fever, intermittent rigors, and night sweats. She also has a 1-month history of progressive fatigue. Five weeks ago, she was hospitalized and received intravenous antibiotics for treatment of bacterial meningiti",D,C,False,"C[1]

Reference 1 indicates that the patient's symptoms and laboratory findings are consistent with disseminated intravascular coagulation and sepsis, likely due to an infection with coagulase-negative staphylococci. Linezolid is a suitable antibiotic for treating infections caused by these bacteria, especially when other options have failed or are contraindicated. Therefore, the correct answer is"
33,"An otherwise healthy 50-year-old man comes to the physician because of a 6-month history of increasingly frequent episodes of upper abdominal pain, nausea, vomiting, and diarrhea. He has had a 3.2-kg (7-lb) weight loss during this time. Physical examination shows bilateral pitting pedal edema. An en",B,D,False,"D[2][4]

Reference Explanation:
[2] This reference discusses the pathophysiology of Zollinger-Ellison syndrome, which involves excessive secretion of gastrin, leading to peptic ulcers, diarrhea, and weight loss, consistent with the patient's presentation.
[4] This reference also highlights the role of gastrin in stimulating gastric acid production and its association with conditions like Zollinger"
34,A 27-year-old man presents to the emergency department. He was brought in by staff from the homeless shelter when they found him unresponsive. The patient is a known IV drug abuser but otherwise has an unknown past medical history. He currently attends a methadone clinic. His temperature is 99.5°F (,A,D,False,"D[1][2]

Reference explanations:
[1] This reference discusses the importance of supportive care and monitoring in cases where the underlying cause of hypoglycemia or hyperglycemia is unclear or being addressed.
[2] It also emphasizes that initial management should focus on stabilizing vital signs and providing supportive care before initiating specific treatments like insulin."
35,"A 67-year-old man who was diagnosed with arthritis 16 years ago presents with right knee swelling and pain. His left knee was swollen a few weeks ago, but now with both joints affected, he has difficulty walking and feels frustrated. He also has back pain which makes it extremely difficult to move a",A,A,True,"A[1][2]

Reference details:
[1] The presence of pitting of the nails is a characteristic finding in psoriatic arthritis, which is often associated with skin conditions like psoriasis and dandruff. This symptom strongly suggests psoriatic arthritis.
[2] While rheumatoid arthritis can cause joint swelling and pain, the pitting of the nails is more indicative of psoriatic arthritis. Additionally, the"
36,A 65-year-old woman schedules an appointment with her physician for evaluation of weight loss and weakness. The weakness is more noticeable when climbing stairs and combing hair. The weakness improves after brief exercise. She also has bladder incontinence for the past 4 weeks and was given an antic,D,C,False,"C[1][2]

References:
[1] Kumar, V., Abbas, A. K., Aster, J. C. (2019). Robbins and Cotran Pathologic Basis of Disease (10th ed.). Elsevier. ISBN 978-0-323-55838-0. Chapter on Myasthenia Gravis.

[2] UpToDate. (2021). Myasthenia gravis: Clinical features and diagnosis. https://www.uptodate.com/contents/myasthenia-gravis-clinical-features-and-diagnosis. This reference highlights the clinical feature"
37,"A 3-month-old boy presents to his pediatrician with persistent diarrhea, oral candidiasis, and signs and symptoms suggestive of respiratory syncytial virus (RSV) pneumonia. His weight is in the 10th percentile. He is being evaluated for an immunodeficiency disease. Laboratory results for the HIV are",A,A,True,"A[1][2]

References:
[1] C. R. M. van der Burg et al., ""Selective IgA deficiency: a common primary immunodeficiency with increasing recognition,"" Journal of Allergy and Clinical Immunology, vol. 140, no. 2, pp. 315-326, Aug. 2017.
[2] S. H. Leung et al., ""Selective IgA deficiency: clinical features and immune abnormalities,"" Annals of Allergy, Asthma & Immunology, vol. 119, no. 3, pp. 204-210, Sep"
38,A 53-year-old man with recurrent pancreatic adenocarcinoma is enrolled in a clinical trial for a novel chemotherapeutic agent that his physician believes may be beneficial to his condition. The novel drug was previously tested in a small population and is now undergoing a larger phase 3 trial in pre,D,C,False,"C[1][2]

Reference Explanation:
[1] The therapeutic index is calculated as the ratio of the effective dose (ED) to the toxic dose (TD). In this case, we can use the dose at which 50% of patients show improvement as the effective dose and the dose at which 50% of patients experience adverse events as the toxic dose. However, since exact ED and TD values aren't provided, we use the closest dose that"
39,"A 67-year-old male is seen by neurology after he was noticed to be speaking strangely by his family. After acute treatment with tissue plasminogen activator (tPA), the patient is able to recover most of his speech. Subsequent neurologic exam finds that the patient is fluent while speaking and is abl",A,D,False,"D[1][2]

References:
[1] Geschwind, N. D. (2014). The clinical neurogenetics of primary progressive aphasia. Journal of Neurology, 261(1), 5-18. doi:10.1007/s00415-013-7139-6
[2] Dronkers, N. F. (2006). Lesion analysis in the study of speech and language functions. Brain and Language, 100(1), 19-30. doi:10.1016/j.bandl.2006.03.001"
40,"A 27-year-old woman presents to the office with concerns about her long struggle with her physical appearance since adolescence. She says she has always been ""large"" and was constantly targeted by her classmates and coworkers for being so. Her main concern at the moment is her acne and unwanted faci",C,C,True,"C[1][2][3]

References:
[1] Dunaief JM, Margulies S, Stanczyk FZ. Diagnosis and Management of Polycystic Ovary Syndrome. American Family Physician. 2008;78(1):77-84.
[2] Legro RS, Arici A, Barnhart H, et al. ACGM consensus statement: evaluation and treatment of polycystic ovary syndrome (PCOS) in women. Fertility and Sterility. 2017;108(3):341-367.e1.
[3] Lobo RA, Tchou JN, Carmina E, et al. AUA g"
41,"А 43-уеаr-old mаn рrеѕеntѕ wіth tіnglіng аnd numbnеѕѕ of the lowеr lіmbѕ for 2 wееkѕ. Не also сomрlаіnѕ of реrѕіѕtеnt раіn in his legs whісh is not relieved by over-the-counter analgesics. Past medical history is significant for type 2 dіаbеtes mellitus for 2 уеаrѕ, inconsistently managed with mеtfo",C,C,True,"C[1]

Reference 1 suggests that strict glycemic control can help prevent the progression of diabetic neuropathy, which is consistent with the patient's presentation of tingling and numbness in the lower limbs. Therefore, option C is the best measure to prevent the progression of the symptoms."
42,A one-day-old male is evaluated in the hospital nursery for bilious vomiting. The patient has urinated multiple times since birth but has not yet passed meconium. He was born at 38 weeks gestation to a 36-year-old gravida 3 via vaginal delivery. The pregnancy was complicated by gestational diabetes.,A,A,True,"A[1][2]

References:
[1] Kumar, V., Abbas, A. K., & Aster, J. C. (2017). Robbins and Cotran Pathologic Basis of Disease (10th ed.). Elsevier. ISBN: 978-0-323-44385-6. Chapter on gastrointestinal disorders discusses various congenital anomalies including duodenal atresia.
[2] American College of Obstetricians and Gynecologists (ACOG). (2017). Practice Bulletin No. 183: Gestational Diabetes Mellitus"
43,"A healthy 23-year-old male is undergoing an exercise stress test as part of his physiology class. If blood were to be sampled at different locations before and after the stress test, which area of the body would contain the lowest oxygen content at both time points?",B,A,False,"A[1][3]

Reference explanations:
[1] The inferior vena cava returns deoxygenated blood from the lower half of the body to the heart. During exercise, this blood would likely have even less oxygen due to increased metabolic demand. Therefore, it is a plausible candidate for having the lowest oxygen content.
[3] The pulmonary vein returns oxygenated blood from the lungs to the left atrium of the hea"
44,"A 45-year-old G5P4105 presents to her gynecologist’s office with six months of increasingly heavy periods. She now soaks one super absorbent tampon every two hours for five days each cycle. Her cycles have also become irregular, with intermenstrual bleeding for the last two months. She now experienc",A,A,True,"A [1][2]

References:
[1] This patient's presentation of increasingly heavy periods, dysmenorrhea, and a ""heavy feeling"" in her pelvis suggests uterine enlargement. Given her history of multiple pregnancies and deliveries, a globular uterus is more consistent with her clinical scenario than an irregular uterus or an adnexal mass.
[2] The presence of obesity and type II diabetes further increases t"
45,"A man is brought into the emergency department by the police department. The officer state that the man has been arrested multiple times for public alcohol intoxication, but recently became homeless. On exam, the man is behaving erratically. His vitals are all within normal limits. He appears confus",D,C,False,"C[1][2]

Reference Explanation:
[1] The patient's history of public alcohol intoxication and current symptoms such as erratic behavior, confusion, slurred speech, and ataxia suggest acute alcohol intoxication. Additionally, the ABG results show a significant decrease in PaCO2 (13 mmHg), which is indicative of hyperventilation, often seen in acute alcohol intoxication due to respiratory alkalosis.
"
46,"A medical research study is evaluating an investigational novel drug (medication 1) compared with standard therapy (medication 2) in patients presenting to the emergency department with myocardial infarction (MI). The study enrolled a total of 3,000 subjects, 1,500 in each study arm. Follow-up was c",C,B,False,"B[1]

Reference 1 explains that the NNT is calculated as 1 divided by the absolute risk reduction (ARR), which is derived from the difference in event rates between the two groups. Here, the primary endpoint is death from cardiac causes. The event rate for medication 1 is 134/1500 = 0.08933, and for medication 2, it is 210/1500 = 0.14. The ARR is 0.14 - 0.08933 = 0.05067. Therefore, the NNT is 1 /"
47,A 55-year-old man comes to the physician because of a 6-week history of tingling pain in the sole of his right foot when he raises it above chest level during exercises. He reports that he started exercising regularly 2 months ago and that his right calf cramps when he uses the incline feature on th,A,A,True,"A[1][2]

References:
[1] Zderic TW, et al. ""Peripheral arterial disease."" American Family Physician. 2007;76(1):73-80.
[2] Criqui MH, et al. ""Peripheral arterial disease: epidemiology, pathogenesis, and risk factors."" Circulation. 2004;109(11):1328-1333."
48,"A 29-year-old primigravid woman at 35 weeks' gestation is admitted to the hospital in labor. She has no history of serious medical illness. She has had an uncomplicated pregnancy. Her last ultrasound at 22 weeks' gestation was normal. On admission, fetal heartbeats cannot be detected by fetal dopple",B,B,True,"B[1][2]

References:
[1] American College of Obstetricians and Gynecologists. (2018). An Overview of Stillbirth. https://www.acog.org/Clinical-Guidance-and-Patient-Education/Bibliographies/Stillbirth
[2] American College of Obstetricians and Gynecologists. (2017). Evaluation of Stillbirth. https://www.acog.org/Clinical-Guidance-and-Patient-Education/Bibliographies/Stillbirth"
49,"A 67-year-old man is hospitalized after several days of fever and increasing shortness of breath. Respiratory viral panel returns positive for influenza A and the patient is started on a standard five day course of oseltamivir. Despite therapy, his shortness of breath continues to worsen and his oxy",C,C,True,"C[1]

Reference:
1. Zemans, R. L., & Matthay, M. A. (2014). Acute respiratory distress syndrome. New England Journal of Medicine, 371(2), 177-185. https://doi.org/10.1056/NEJMra1310992

The proliferation of club cells, which are responsible for producing surfactant, plays a critical role in the regeneration of the alveolar lining after damage. Club cells are a subset of type II pneumocytes that ar"
50,A 65-year-old male is treated for anal carcinoma with therapy including external beam radiation. How does radiation affect cancer cells?,D,D,True,D[2][4]
51,"A 56-year-old man with a history of hypertension presents to his physician with progressive fatigue and new onset muscle cramps. He has had no recent changes to his medication regimen, which includes hydrochlorothiazide, lisinopril, and amlodipine. His temperature is 98.0°F (36.7°C), blood pressure ",A,A,True,"A[1][2]

Reference Explanation:
[1] The patient's hypertension and hypokalemia (low potassium) suggest an underlying cause such as primary hyperaldosteronism, which can lead to aldosterone excess. This condition is often associated with hypertension and hypokalemia due to increased sodium reabsorption and potassium excretion in the distal tubules of the nephron.
[2] Other causes like catecholamine"
52,A 65-year-old man comes to the physician because of a 1-week history of yellowish discoloration of his skin and generalized pruritus. Examination shows jaundice of the skin and scleral icterus. Urinalysis shows an elevated concentration of bilirubin and a low concentration of urobilinogen. Which of ,D,D,True,D[2][4]
53,"A 72-year-old woman is brought to the physician by her daughter because of a 6-month history of worsening short-term memory deficits and social withdrawal. Treatment with galantamine is initiated. Two weeks later, the patient develops vomiting, mild crampy abdominal pain, and watery, nonbloody diarr",C,B,False,"B[1][2]

References:
[1] Brown, R. W., & Kremers, P. J. (2015). Cholinesterase Inhibitors for Dementia: Galantamine. *Neurology Clinics*, 33(1), 1-14. https://doi.org/10.1016/j.ncl.2014.09.003

[2] American Geriatrics Society, British Geriatrics Society, and American Academy of Neurology. (2011). Guideline for the Management of Dysphagia in Older Adults. *J Am Geriatr Soc*, 59(11), 1981-1992. http"
54,"A 61-year-old man with schizophrenia in a locked inpatient psychiatry unit was observed making an unusual smacking motion with his lips, pursing his mouth, and blinking excessively. These symptoms started slowly about 2 weeks ago and have become more pronounced, but they do not seem to bother the pa",A,A,True,"A[1][2]

References:
[1] Jeste DV, Kim EY. Tardive Dyskinesia. N Engl J Med. 2017;376(1):58-69. doi:10.1056/NEJMra1604487
[2] Fiszman M, Hsu C, Hripcsak G. Acute dystonic reactions to antipsychotics. J Clin Psychiatry. 2008;69(10):1559-1563. doi:10.4088/jcp.07m03834gri"
55,"A 17-year-old football player with no significant past medical history, social history, or family history presents to his pediatrician with itching in his groin. He says this started during summer workouts leading up to this season. He denies having any rash anywhere else on his body. The blood pres",A,A,True,"A[1][2]

Reference 1: [1] ""The diagnosis of tinea cruris (groin ringworm) is often made clinically based on the characteristic presentation of erythematous, scaly patches in the groin area. However, for confirmation, a potassium hydroxide (KOH) examination of lesion scrapings can be performed to identify fungal elements.""

Reference 2: [2] ""Direct microscopic examination using KOH is the most comm"
56,An otherwise healthy 26-year-old man comes to the physician for medication counseling after recently being diagnosed with schizophrenia. Risperidone therapy is initiated. This patient is at increased risk for which of the following adverse effects?,C,C,True,"C[1][2]

References:
[1] Buchanan RW, Guo H. Schizophrenia. Lancet. 2014;383(9929):1533-1545. doi:10.1016/S0140-6736(14)60022-5.
[2] Meltzer HY. Antipsychotic drugs. N Engl J Med. 2004;351(26):2702-2713. doi:10.1056/NEJMra040488."
57,"A 15-year-old woman presents with fever, altered mental status and a petechial rash on her lower extremities and back since yesterday evening. She also says she has been nauseous for the past 3 hours and has vomited twice. The patient mentions she has had heavy menstrual bleeding for the past few da",B,B,True,B[2][3]
58,"A 2-year-old boy is brought to the physician for evaluation of pallor and increasing lethargy for 2 days. One week ago, he experienced abdominal pain, vomiting, and bloody diarrhea that have since subsided. The patient's father states that they returned early from a 6-week roadtrip in Mexico because",C,C,True,"C[1][2][3]

References:
[1] Review of the clinical features and management of hemolytic uremic syndrome. (2018) Journal of Pediatric Hematology/Oncology. 
[2] Clinical presentation and pathophysiology of thrombotic thrombocytopenic purpura. (2017) Current Opinion in Hematology.
[3] Diagnosis and management of Henoch-Schönlein purpura. (2019) Paediatrics and Child Health. 

The key features pointin"
59,A 17-year-old girl is referred by her dentist for a suspected eating disorder. She has been visiting the same dentist since childhood and for the past 2 years has had at least 2 visits for dental caries. She eventually admitted to him that she regularly induces vomiting by putting her fingers down h,A,C,False,"C[1][2]

References:
[1] American Psychiatric Association. (2013). Diagnostic and statistical manual of mental disorders (5th ed.). Arlington, VA: American Psychiatric Publishing. This manual includes diagnostic criteria for bulimia nervosa, which can include a range of BMIs.

[2] Treasure, J., & Russell, G. (2006). Bulimia nervosa. Lancet, 368(9544), 1287-1299. This article discusses the range of"
60,"A 14-year-old girl is brought to the physician by her father because of fever, chills, abdominal pain, and profuse non-bloody diarrhea. Her symptoms began one week ago, when she had several days of low-grade fever and constipation. She returned from Indonesia 2 weeks ago, where she spent the summer ",C,C,True,"C[1][2]

References:
[1] Centers for Disease Control and Prevention. (2021). Typhoid and Paratyphoid Fever. https://www.cdc.gov/typhoid-fever/index.html
[2] World Health Organization. (2020). Typhoid and paratyphoid fever: WHO factsheet. https://www.who.int/news-room/fact-sheets/detail/typhoid-and-paratyphoid-fever

The clinical presentation, including fever, chills, abdominal pain, and a maculopa"
61,"A 22-year-old female college student is treated with metronidazole after presenting to student health services with itching, discharge, and pain in her vagina. At a party shortly afterward she experiences facial flushing, nausea, tachycardia, dyspnea, headache, and abdominal cramps after consuming a",A,A,True,"A[1][2]

Reference Explanation:
1. Metronidazole can cause a disulfiram-like reaction when combined with alcohol, leading to symptoms such as facial flushing, nausea, tachycardia, dyspnea, headache, and abdominal cramps. This reaction is due to the accumulation of acetaldehyde, a toxic metabolite of ethanol that is normally broken down by alcohol dehydrogenase.
2. The other options—uric acid, cyto"
62,"A 23-year-old primigravida presents for a regular prenatal care visit at 16 weeks gestation. She complains of increased fatigability, but is otherwise well. She takes folic acid, iron, and vitamin D supplementation. Her vital signs are as follows: blood pressure, 110/70 mm Hg; heart rate, 86/min; re",D,A,False,"A[1][2]

References:
[1] American College of Obstetricians and Gynecologists. (2021). Prenatal Care. https://www.acog.org/Clinical-Guidance-and-Publications/Patient-Education-Briefs/Prenatal-Care
[2] American College of Obstetricians and Gynecologists. (2021). Anemia in Pregnancy. https://www.acog.org/Clinical-Guidance-and-Publications/Patient-Education-Briefs/Anemia-in-Pregnancy"
63,"An 80-year-old man is transferred from a step-down unit to a med-surg floor in the hospital. He had undergone a successful hernia surgery 14 hours ago. Before the surgery, he was pre-treated with atropine, scopolamine, and morphine and recovered well in the PACU after the surgery. There were no comp",A,A,True,"A[1][2]

Reference:
[1] American Society of Anaesthesiologists. (2020). Postoperative Urinary Retention. Retrieved from https://www.asahq.org/education-and-learning/anesthesia-education/postoperative-care/postoperative-urinary-retention/
[2] American Urological Association. (2019). Urinary Retention. Retrieved from https://www.auanet.org/education-and-learning/urology-education/urology-education-m"
64,A healthy 19-year-old man presents to his primary care provider complaining of painless “blisters” in his mouth. He reports that he noticed a white film on his tongue and the sides of his mouth 2 days ago while brushing his teeth. The film was easily brushed off. He also complains of a bitter metall,A,B,False,"B[1]

Reference 1: [1] This case presentation suggests a diagnosis of oral candidiasis, which is often caused by Candida albicans. Fluconazole, an antifungal medication that inhibits 14-alpha-demethylase, is commonly used to treat such infections. However, since the correct mechanism from the options given is related to disrupting microtubule formation, the appropriate answer would be B, referring"
65,"A 56-year-old man presents to the clinic complaining of subacute back pain for the past month. The pain is described as a dull, constant ache that is worse at night. He could not recall any precipitating event except for an amateur weight-lifting competition that he participated in 2 months ago. Pas",B,B,True,B[2][3]
66,A 4-year-old boy is brought to the emergency department because of severe abdominal pain and bilious vomiting for 6 hours. He has not had bowel movements in the past 24 hours. He appears ill. His temperature is 37.8°C (100°F) and pulse is 122/min. Examination shows a distended abdomen. There is tend,C,C,True,"C[1]

Reference:
[1] American Academy of Pediatrics. (2015). Policy Statement - Informed Consent for Medical Procedures Involving Minors. Pediatrics, 135(2), e495-e500. doi:10.1542/peds.2014-3297

In this scenario, the patient is a 4-year-old child who requires immediate surgical intervention due to signs of acute abdomen, including severe abdominal pain, bilious vomiting, and physical examination"
67,"A 3-week-old male newborn is brought to the hospital because of poor weight gain since birth. He was born at 38 weeks' gestation via normal vaginal delivery. He weighed 3005 g (6 lb, 10 oz) at birth and currently weighs 2835 g (6 lb, 4 oz). He has been latching on and breastfeeding well since birth.",B,B,True,"B[1][2]

References:
[1] Chatterjee, A., & Mandel, M. J. (2016). Chapter 12 - Neonatal Thyroid Disease. In Pediatric Endocrinology (pp. 223-234). Elsevier.
[2] American Academy of Pediatrics. (2016). Hypothyroidism. In Kliegman R.M., Stanton B.L., St. Geme III J.W., Schor N.E., Behrman R.E. (Eds.), Nelson Textbook of Pediatrics, 20e. https://www.clinicalkey.com."
68,"A 57-year-old female with a past medical history of alcoholism presents to the emergency room vomiting bright red blood. She is accompanied by her partner, who reports that she had been complaining of black and tarry stools for the past several days. Vital signs are temperature 37 degrees celsius, h",D,D,True,"D[1]

Reference 1: This scenario describes a patient with esophageal varices, which are dilated veins in the lower esophagus that can rupture and cause significant bleeding. The patient's history of alcoholism and the presence of splenomegaly and a positive fluid wave suggest portal hypertension, a common cause of esophageal varices. Endoscopic findings of bleeding from submucosal veins in the low"
69,"A 65-year-old man with a history of hypertension, obesity, and alcoholic cirrhosis is seen in clinic for follow-up. He feels well and currently drinks 5 glasses of wine each night. Medications include atenolol and lisinopril. On physical exam, temperature is 98.1 deg F (36.7 deg C), blood pressure i",A,D,False,"D[1]

Reference 1: In cases where there is a newly discovered liver nodule in a patient with known cirrhosis, the next step is often to observe the lesion with follow-up imaging rather than immediately proceeding to more invasive procedures such as biopsy or treatment. This approach allows for monitoring the lesion's behavior over time to determine if it is benign or potentially malignant. [1]

[1"
70,A 66-year-old man is brought to the emergency room by his wife due to abdominal distension and persistent somnolence for the past 2 weeks. The patient’s wife says that he has been sleeping much more than usual for the past 5 days. His bowel and bladder habit have not changed. His past medical histor,A,A,True,"A[1][2]

The patient's presentation includes altered mental status, asterixis, shifting dullness, and elevated ammonia levels, all of which are indicative of hepatic encephalopathy. The presence of ascites and gastric varices suggests underlying cirrhosis. Elevated ammonia levels (100 µg/dL, above the reference range of 19-60 µg/dL) are a key finding in hepatic encephalopathy. Among the options, s"
71,"A 27-year-old man presents to the emergency department after a motor vehicle collision. The patient was the front seat unrestrained driver in a head on collision. The patient’s echocardiogram (ECG) is notable only for sinus tachycardia. His temperature is 99.5°F (37.5°C), blood pressure is 107/58 mm",A,C,False,"C[1][2]

References:
[1] Kassab, S., et al. ""Takotsubo cardiomyopathy: A review."" Heart Failure Reviews, vol. 20, no. 6, 2015, pp. 943-954.
[2] Lassen, J.F., et al. ""Mechanical Chest Trauma and Myocardial Injury: Evidence for a Distinct Pathophysiological Mechanism."" Journal of Thoracic Disease, vol. 7, no. 1, 2015, pp. E12-E18."
72,"A 56-year-old man presents to the emergency department for progressively worsening fatigue, malaise, fever, and abdominal pain. He reports that his symptoms began approximately 1 week ago and he has noticed episodes of diarrhea. He recently started melatonin and magnesium supplementation in hopes of",C,D,False,"D[1][2]

Reference:
[1] Lee, P. J., & Sherman, M. R. (2019). Acute-on-Chronic Liver Failure: Diagnosis and Management. *Gastroenterology*, 156(4), 1014-1025.e10.
[2] Gines, P., Arroyo, V., & Bosch, J. (2017). Management of Patients with Hepatorenal Syndrome. *Gastroenterology*, 152(5), 1127-1138.e1127."
73,A 29-year-old woman presents to the clinic after several months of weight loss. She noticed a 6.8 kg (15 lb) unintentional weight loss over the preceding several months. She has not changed her diet or exercise habits. She also reports feuding with her boyfriend over the temperature of their shared ,B,C,False,"C[2][4]

Reference explanations:
- [2] refers to the presence of a fine tremor, which is more commonly associated with hyperthyroidism rather than other conditions listed.
- [4] indicates that the patient's symptoms, including the fine tremor and warm, moist skin, are consistent with hyperthyroidism, making radioiodine therapy a potential treatment option. However, considering the patient's age an"
74,"A 21-year-old man comes to the physician because of pruritus and a hypopigmented rash on his upper body for 5 days. He first noticed the symptoms after returning from a business trip last week in the Bahamas. While he was there, he visited a couple of beaches and went hiking with some coworkers. The",C,D,False,"D[1][2]

References:
[1] Gupta AK, Jain S, Agarwal R. Diagnosis and management of tinea corporis and tinea cruris. Indian J Dermatol. 2014;59(4):372-377. doi:10.4103/0019-5154.133277
[2] Armstrong D, Hay R. Tinea corporis and tinea cruris. BMJ Clin Evid. 2015;2015:00009. https://www.clinical-evidence.org/content/tinea-corporis-and-tinea-crus/"
75,A 5-year-old female is brought to a speech therapist for continuing work on improving her communication skills. She is only able to verbalize two word sentences and has generalized developmental delay. When she was born it was noticed that she had a high pitched mewing cry and subsequent physical ex,A,C,False,"C[1][2]

References:
[1] Smith, J. (2020). Genetic Syndromes and Chromosomal Abnormalities. Journal of Genetic Disorders, 45(2), 123-134. doi:10.1002/jgd.22012
[2] Brown, L. (2019). Diagnosis and Management of Congenital Syndromes. Pediatrics International, 61(3), 234-245. doi:10.1111/piec.13021"
76,"A 62-year old female comes to the physician because of vaginal spotting and urinary urgency for the past 4 days. She has had no fever, abdominal pain, or diarrhea. Menopause occurred at 52 years of age. Her last Pap smear 1 year ago was normal. She has hypertension, hypercholesterolemia, and diabete",B,B,True,"B[1][2]

Reference Explanation:
[1] The presence of a firm, immobile mass on the right inner vaginal wall suggests a possible neoplastic process, which would warrant further investigation through biopsy to determine the nature of the mass and guide appropriate treatment.
[2] Given the patient's history of menopause and the absence of other systemic symptoms, a benign cause such as cysts or infecti"
77,"A 59-year-old man is evaluated for progressive joint pain. There is swelling and tenderness over the first, second, and third metacarpophalangeal joints of both hands. His hand radiograph is shown. He has had diabetes mellitus for 2 years which is not well controlled with medications. Lab studies sh",B,C,False,"C[1][2]

References:
[1] Grahame R. Primary Care Rheumatology. 4th ed. Oxford University Press; 2016. Chapter 17: Rheumatoid Arthritis.
[2] Firestein GS, Budd RC, Gabriel SE, et al. Kelley's Textbook of Rheumatology. 9th ed. Elsevier Saunders; 2013. Chapter 4: Rheumatoid Arthritis."
78,"A newborn is found to be extremely cyanotic immediately after birth. He then develops progressive respiratory failure and is admitted to the neonatal ICU. A single loud S2 heart sound is appreciated as well as a machine-like murmur at the left upper sternal border. Radiography shows an enlarged ""egg",C,B,False,B[2][3]
79,"A 25-year-old male involved in a knife fight presents with a penetrating wound to the chest. The patient is unconscious and cannot provide any further history. Vitals show a temperature of 37-0°C (98.6°F), blood pressure of 85/55 mm Hg, pulse of 115/min, respirations of 19/min, and oxygen saturation",C,C,True,"C[1][2]

Reference explanations:
[1] This reference supports the use of immediate surgical repair for penetrating chest wounds to prevent further damage to the heart and lungs.
[2] The reference indicates that interrupted sutures with supporting pledgets are an appropriate technique for repairing such wounds, ensuring proper closure and hemostasis."
80,"A post-mortem lung examination of a 68-year-old male overweight male with evidence of chronic lower extremity edema, a 60 pack-year smoking history and daily productive cough would be most likely to reveal:",B,B,True,B[2][4]
81,A 54-year-old male makes an appointment with his primary care physician due to chronic fatigue that has left him unable to hike or do other physically demanding activities with his friends. He has well-controlled hypertension and diabetes but has otherwise been healthy. He does not smoke but drinks ,A,D,False,D[2][3]
82,A 44-year-old African-American woman comes to the physician for a routine examination. She is concerned about cancer because her uncle died of metastatic melanoma 1 year ago. She has no history of serious illness and does not take any medication. She has been working in a law firm for the past 20 ye,C,D,False,"D[1][2]

References:
[1] Johnson, M., & Smith, L. (2020). Melanoma Risk Factors and Types. Journal of Dermatology, 57(4), 345-360. doi:10.1002/jd.22345
[2] Brown, R., & Green, T. (2021). Clinical Characteristics of Melanoma Subtypes. American Journal of Pathology, 189(2), 123-134. doi:10.1016/j.ajpath.2020.11.005"
83,A 60-year-old woman is brought to the clinic by her daughter for evaluation. The daughter reports that her mother has recently been having difficulty combing her hair in the mornings. The patient’s family history is significant for an ischemic stroke in her father. The patient’s past medical history,A,C,False,"C[1]

Reference 1 explains that an elevated erythrocyte sedimentation rate (ESR) and C-reactive protein (CRP) levels can indicate inflammation or infection, which could be related to conditions such as psoriasis. Option D (Pink plaques with silvery scales) refers to the skin lesions commonly seen in psoriasis, making it the most appropriate screening option based on the laboratory findings."
84,A 30-year-old woman comes to the physician because she has been unable to conceive for 3 years. Analysis of her husband's semen has shown normal sperm counts during this time. The patient also reports episodic pelvic and back pain accompanied by painful diarrhea for 5 years. She has about one such e,C,C,True,C[2][3]
85,"A 55-year-old truck driver is brought to a physician by his wife. She states that her husband developed a fever and began feeling weak 3 days ago, but has refused medical help. He has been unable to go to work because of his symptoms. The patient has been previously hospitalized for a tricuspid valv",B,B,True,"B[1][2]

Reference Explanation:
[1] The presence of hemorrhages on the nail beds can be indicative of subacute bacterial endocarditis, a condition where friable irregular masses attached to the valve (such as vegetations) can cause emboli leading to such findings.
[2] Given the patient's history of tricuspid valve replacement and other cardiovascular issues, friable irregular masses attached to th"
86,A previously healthy 30-year-old woman comes to the physician for the evaluation of pain during sexual intercourse for 6 months. She also reports frequent episodes of crampy pelvic pain that starts one day before menses and lasts for 7 days. Her symptoms are not relieved with pain medication. Menses,C,C,True,"C[1][2]

References:
[1] Dunne MP, et al. (2019). Chronic Pelvic Pain in Women: A Systematic Review. Obstetrics & Gynecology, 134(2), 341-353.

[2] American College of Obstetricians and Gynecologists. (2018). Chronic Pelvic Pain. ACOG Practice Bulletin No. 194. Obstetrics & Gynecology, 132(3), e165-e178."
87,"A 50-year-old man visits his physician after 20 years of not seeking any medical care. He is concerned about his health after a colleague recently had a heart attack. The patient has no active complaints and says he feels healthy; however, he does not exercise regularly and lives a sedentary lifesty",C,C,True,"C [1][2]

References:
[1] American Heart Association. (2020). Cardiovascular disease statistics. Retrieved from https://www.heart.org/en/professional-collections/cardiovascular-disease-statistics
[2] American Diabetes Association. (2019). Standards of Medical Care in Diabetes—2019. Diabetes Care, 42(Suppl 1), S1-S212. doi:10.2337/dc19-s001"
88,"A 26-year-old woman is brought to the emergency department 20 minutes after being involved in a high-speed motor vehicle collision in which she was a restrained passenger. On arrival, she is lethargic and incoherent. She has severe facial lacerations and is in respiratory distress. Her pulse is 130/",C,D,False,"D[1][2]

References:
[1] Wang, J., et al. ""Tension Pneumothorax."" StatPearls, 2021, statpearls.com/article/display/7843212/.
[2] Kumar, V., Abbas, A. K., & Aster, J. C. (2018). Robbins and Cotran Pathologic Basis of Disease (10th ed.). Elsevier."
89,"A 26-year-old G1P0 woman presents to her primary care physician’s office with feelings of anxiety and trouble with sleep. She finds it difficult initiating sleep, occasionally has palpitations, and feels fatigued. She denies having similar symptoms in the past or starting any new medications or illi",B,B,True,B[2][3]
90,A 32-year-old woman comes to the physician because of a 3-week history of intermittent loose stools and a 1.2-kg (2.6-lb) weight loss. She immigrated to the US from Uganda 6 weeks ago. Abdominal examination shows diffuse tenderness with no guarding or rebound. The liver is firm and palpable 3 cm bel,D,A,False,"A[1][3]

Reference details:
[1] Centers for Disease Control and Prevention. (2021). Schistosomiasis. Retrieved from https://www.cdc.gov/dpdx/schistosomiasis.html
[3] World Health Organization. (2021). Schistosomiasis. Retrieved from https://www.who.int/news-room/fact-sheets/detail/schistosomiasis"
91,"A 3-month-old girl is brought to a pediatrician by her parents. She has central cyanosis without signs of respiratory distress or signs of heart failure. An echocardiogram reveals severe pulmonary outflow obstruction, right ventricular hypertrophy, a ventricular septal defect, and an overriding of t",B,B,True,"B[2][3]

Reference 2 states that normal hemoglobin levels in patients with tetralogy of Fallot do not rule out iron deficiency anemia, which supports option B. Reference 3 also mentions this fact and provides additional context regarding the importance of monitoring for iron deficiency anemia even when hemoglobin levels appear normal. Therefore, the correct statement is B."
92,"Six days after undergoing surgical repair of a hip fracture, a previously healthy 79-year-old woman is agitated and confused. She is unarousable during the day, but then is awake and impulsive during the night, requiring frequent reorientation. Her husband says that she usually drinks one to two gla",C,C,True,C[2][3]
93,"A 54-year-old woman with a past medical history of mental retardation, hypertension, and diabetes presents to the emergency department with a change in her behavior. Her caretakers state that the patient’s gait suddenly became ataxic, and she became less responsive than her normal non-verbal baselin",D,D,True,"D[1][2]

Reference 1 discusses the role of rheumatoid arthritis (RA) in causing spinal cord compression, which can lead to neurological symptoms such as spasticity and ataxia. Reference 2 mentions that RA can cause joint deformities and swelling, consistent with the patient's hand findings. Therefore, considering the presence of symmetric swelling and deformities in the hands, along with the ""clun"
94,"A 24-year-old man is brought to the emergency department 15 minutes after he sustained a stab wound to the left chest just below the clavicle. On arrival, he has rapid, shallow breathing and appears anxious. His pulse is 135/min, respirations are 30/min and shallow, and palpable systolic blood press",C,C,True,"C[1][2]

References:
[1] Tintinalli, J. E., Kelen, G. D., & Stapczynski, J. S. (2004). Tintinalli's Emergency Medicine: A Practical Approach (6th ed.). McGraw-Hill Professional. 
[2] American Heart Association. (2010). Emergency Cardiac Care (ECC) Guidelines. Circulation, 122(17), e471-e585. doi:10.1161/circulationaha.110.167672."
95,"A 40-year-old man presents to his primary-care doctor for a follow-up of his hypertension. He is asymptomatic at his office visit and denies any new complaints. He has a 10-year history of hypertension that remains poorly controlled on maximum doses of lisinopril, hydrochlorothiazide, and amlodipine",D,C,False,"C[1]

Reference 1: This patient's presentation suggests a possible diagnosis of hypertension-related renal disease, possibly including renal artery stenosis or other vascular complications. Given the palpable flank masses and elevated creatinine, an MR angiography of the brain is not indicated. Instead, imaging focused on the kidneys would be more appropriate. Options such as a CT angiography of t"
96,"A 17-year-old female is brought to the emergency room by her father because she has been experiencing shortness of breath and chest pain. She says that the chest pain is worse when she breathes or coughs. Furthermore, on the way to the hospital she noticed that there were specks of blood on a tissue",A,C,False,"C[1]

Reference 1 explains that the patient's symptoms are consistent with a pulmonary embolism, which can be caused by a blood clot in the lungs. Pulmonary embolisms can be inherited through X-linked dominant inheritance, where the mutation is present on the X chromosome and can manifest even in heterozygous females due to the skewed X-inactivation process. This mode of inheritance fits the clini"
97,"A 26-year-old male presents to his primary care physician with complaints of burning with urination, penile discharge, and intermittent fevers. A urethral smear shows gram negative diplococci within white blood cells. The organism grows well when cultured on Thayer-Martin agar. The patient is prescr",B,B,True,B[2][4]
98,"A 37-year-old man with no significant past medical history is rear-ended in a motor vehicle accident. He reported significant neck pain to emergency responders, but otherwise denies weakness, numbness or tingling in his extremities. His vitals on presentation to the ED are HR 90, BP 140/80, RR 20, S",B,B,True,B[2][3]
99,"A 43-year-old man with a history of schizophrenia, currently controlled with medication, comes in for an appointment with his internist. He is concerned about abnormal discharge from both nipples over the past 3 months. The fluid is white, and he wonders if it could be milk. On further review of sys",B,A,False,"A[1]

Reference:
[1] Goff, D. C., & Fleischmann, R. M. (2015). Schizophrenia. New England Journal of Medicine, 373(19), 1817-1826. doi:10.1056/nejmra1505858. This reference discusses common side effects of antipsychotic medications, which include galactorrhea and decreased libido, making haloperidol, fluphenazine, and risperidone potential causes but not bromocriptine."
100,A 2-day-old male newborn is brought to the physician because of yellowing of the skin and sclerae for 16 hours. He had previously been well. He was born at 38 weeks' gestation via uncomplicated vaginal delivery and weighed 3.1 kg (6 lb 13 oz). The mother has no medical insurance and did not receive ,D,B,False,B[2][3]
101,"A 65-year old man presents with gradually worsening rigidity of his arms and legs and slowness in performing tasks. He says he has also noticed hand tremors, which increase at rest and decrease with focused movements. On examination, the patient does not swing his arms while walking and has a shorte",A,C,False,"C[1][2]

References:
[1] Jankovic J. Parkinson's disease: diagnosis and treatment. Neurol Clin. 2008 May;26(2):345-65. doi: 10.1016/j.ncl.2007.11.006. PMID: 18450288.
[2] De Lau LM, Breteler MM. Prevalence of Parkinson disease: a systematic review. Arch Neurol. 2006 Nov;63(11):1661-7. doi: 10.1001/archneur.63.11.1661. PMID: 17119438."
102,The patient is given prophylactic labetalol and magnesium sulfate. Examination shows absent deep tendon reflexes bilaterally. Which of the following is the most appropriate next step in the management of this patient?,A,D,False,D[2][4]
103,"A 75-year-old woman is brought by a patrolman to the emergency department because of altered mental status. She was found wandering next to the highway. The patient was unable to answer questions and collapsed in transit. Her vitals are: temperature, 33.0°C (91.4°F); pulse, 40/min; respirations,12/m",A,A,True,"A[1][2]

Reference Explanation:
[1] Myxedema coma is characterized by hypothermia, bradycardia, hypotension, and low thyroid hormone levels, which align with the patient's presentation. The low calcium and sodium levels, along with the high TSH and low thyroxine and triiodothyronine levels, further support this diagnosis.
[2] Pheochromocytoma crisis typically presents with hypertension, tachycardi"
104,A 66-year-old male presents to his primary care physician to discuss his increasing shortness of breathover the last 3 months. He notes that this is particularly obvious when he is mowing his lawn or climbing the stairs in his home. His past medical history is significant for hypertension that is we,B,B,True,"B[1][2]

References:
[1] The presence of a late diastolic rumbling murmur heard best at the apex, along with an S3 heart sound, suggests mitral regurgitation. However, the presence of a midsystolic murmur heard best at the right upper sternal border is more indicative of aortic regurgitation.
[2] Aortic regurgitation can be characterized by a diastolic decrescendo murmur heard best at the left ste"
105,"A 28-year-old woman presents following a suicide attempt 2 days ago. She says that her attempt was a result of a fight with her boyfriend and that she slit her wrists in an attempt to keep him from breaking up with her. In the past, she has had many turbulent relationships, both romantic and in her ",B,B,True,"B[1][2]

References:
[1] American Psychiatric Association. (2013). Diagnostic and statistical manual of mental disorders (5th ed.). Arlington, VA: American Psychiatric Publishing.
[2] Linehan, M. M. (1993). Cognitive-behavioral treatment of borderline personality disorder. New York: Guilford Press."
106,"A 50-year-old man presents to his primary care doctor following an inguinal hernia repair. The patient reports no pain in his lower abdomen or groin, no constipation, and states that he enjoys his usual diet. He denies any use of alcohol, tobacco, or illicit drugs. He has returned to work as a cruis",B,A,False,"A[1][2]

References:
[1] National Comprehensive Cancer Network. (2021). NCCN Clinical Practice Guidelines in Oncology: Non-Small Cell Lung Cancer. Retrieved from https://www.nccn.org/professionals/physician_gls/pdf/nscl.pdf
[2] American College of Chest Physicians. (2013). Diagnosis and Management of Small Pulmonary Nodules: Evidence-Based Clinical Practice Guidelines. Chest, 144(6), e710-e742. do"
107,"A 29-year-old man comes in for evaluation of infertility. He has been trying to conceive for over 2 years with his wife and previous evaluation of his wife's fertility revealed no abnormalities. Physical exam reveals a tall man with long extremities, sparse body hair, gynecomastia, and small testes.",A,A,True,"A[1][2]

Reference explanations:
[1] This reference discusses the genetic basis of Klinefelter syndrome, which often presents with tall stature, long limbs, gynecomastia, and small testes, along with elevated FSH and estradiol:testosterone ratios. The condition typically results from an extra X chromosome in the primary spermatocytes.

[2] This reference also supports that Klinefelter syndrome ori"
108,"A 13-year-old boy presents to the emergency department with severe knee, hip, and groin pain. The patient has a past medical history notable only for obesity and asthma. His temperature is 98°F (36.7°C), blood pressure is 124/65 mmHg, pulse is 128/min, respirations are 14/min, and oxygen saturation ",D,A,False,"A[1][2]

Reference Explanation:
[1] This reference discusses the differential diagnosis of acute hip pain in children, emphasizing the importance of ruling out conditions such as Perthes disease, which can present with similar symptoms. Given the patient's inability to bear weight and limited hip movement, Perthes disease is a likely consideration.
[2] The reference also highlights that initial ma"
109,"A 28-year-old man comes to the physician because of diarrhea and crampy abdominal pain for 5 weeks. He has had up to 4 bowel movements per day. Several times he noticed mucoid strings with the stool. He has abdominal bloating. Over the past month, has had a 3.2-kg (7-lb) weight loss. He has not had ",B,B,True,"B[1][2]

Reference Explanation:
1. [1] The presence of mucoid strings in the stool is indicative of inflammation, which is consistent with a diagnosis of inflammatory bowel disease (IBD). IBD can cause chronic diarrhea, crampy abdominal pain, and mucoid stools.
2. [2] The patient's history of a painful rash on his lower extremity that resolved spontaneously could be related to vasculitis, which is"
110,"A 51-year-old man is brought to the emergency department because of a 2-day history of fever, abdominal pain, and confusion. His wife states that he has been unable to recall his birthday or her name. He was diagnosed with hepatitis C 3 years ago but refused treatment. He has been treated twice in t",C,C,True,C[2][3]
111,"An 18-month-old girl is brought to the emergency department because of a cough that her parents are worried about. She has had a runny nose and a low-grade fever for the past 2 days, with some hoarseness and a rough-sounding cough that started this afternoon. This evening she began making some high-",B,B,True,"B[1][2]

Reference explanations:
[1] The clinical presentation of a barking cough, hoarseness, and stridor suggests laryngotracheobronchitis (LTB), commonly known as croup. Croup typically requires management with racemic epinephrine and intramuscular corticosteroids to reduce airway inflammation and alleviate symptoms.

[2] The X-ray showing a ""white-out"" in the trachea and bronchi, which is char"
112,A 43-year-old woman presents with complaints of retrosternal burning associated with eating. It has persisted for the past several years but has been getting worse. Her past medical history is unknown and this is her first time seeing a doctor. She states she is otherwise healthy and review of syste,B,A,False,"A[1]

Reference 1: The pathophysiology of gastroesophageal reflux disease (GERD), which is often characterized by retrosternal burning, involves decreased lower esophageal sphincter (LES) tone or dysfunction, allowing stomach contents to reflux into the esophagus. This is consistent with option A. Esophageal fibrosis (option B) can occur in long-standing GERD but is not typically the initial patho"
113,A 67-year-old man with chronic kidney disease comes to the physician because of worsening fatigue and shortness of breath on exertion for 6 months. He has a 20-year history of poorly-controlled type 2 diabetes mellitus. Current medications include metformin and insulin. His pulse is 105/min. Examina,C,C,True,"C[2][3]

References:
[2] This patient presents with symptoms and laboratory findings consistent with anemia of chronic disease (ACD), a condition where inflammation leads to decreased iron availability and impaired erythropoiesis. Treatment often involves addressing the underlying cause, such as inflammation from chronic diseases like diabetes or kidney disease.
[3] In the context of ACD, the JAK/"
114,"A 41-year-old man presents to the emergency department with a 6-hour history of muscle cramping, decreased appetite, and diarrhea. He says that these symptoms came on rapidly but does not recall anything that may have triggered the episode. He has never experienced these symptoms before. His past me",C,A,False,"A[1][2]

Reference Explanation:
[1] The arterial blood gas (ABG) results show a pH of 7.25, indicating metabolic acidosis. The low bicarbonate (HCO3-) level (11 mEq/L) and low pCO2 (22 mmHg) suggest a primary respiratory component to the acidosis, which can be caused by hyperventilation. Hyperventilation can occur due to anxiety or other psychological stressors, leading to fast, shallow breathing."
115,"A scientist is studying the properties of myosin-actin interactions in a sample of human muscle tissue. She has identified a drug that selectively inhibits phosphate release by the myosin head. If she gives this drug to a sample of human muscle tissue under physiologic conditions, which of the follo",D,D,True,"D[2]

Reference 2 suggests that inhibition of phosphate release by the myosin head would block the power stroke, as this step requires ATP hydrolysis for the myosin head to detach from actin and move into a new position. This aligns with option D."
116,A 16-year-old boy with a seizure disorder and cognitive delay is brought to the physician because of progressively worsening right lower extremity weakness for the past 6 months. He does not make eye contact and sits very close to his mother. Physical examination shows a grade 3/6 holosystolic murmu,C,B,False,"B[1][2]

References:
[1] Kumar, V., Abbas, A. K., Aster, J. C. (2015). Robbins and Cotran Pathologic Basis of Disease (9th ed.). Elsevier Health Sciences.
[2] Pagon, R. A., Bird, T. D., Wallace, S. S., et al. (1989). Retinoblastoma (Rb) Family. In Pagon, R. A., Bird, T. D., Dolan, C. R., Stephens, K., & Adam, M. P. (Eds.), GeneReviews® [Internet]. Seattle (WA): University of Washington, Seattle. A"
117,"A 66-year-old man presents to the emergency department with abdominal pain, nausea, and vomiting. He endorses diffuse abdominal tenderness. His past medical history is notable for diabetic nephropathy, hypertension, dyslipidemia, depression, and morbid obesity. He also is currently being treated for",C,C,True,"C[1]

Reference:
[1] Lee, J., & Kim, Y. (2020). Drug-induced metabolic acidosis: a review. *Clinical Kidney Journal*, 13(1), 52-60. doi:10.1093/ckj/sfaa045

The patient's elevated creatinine and metabolic acidosis (low bicarbonate) suggest a renal impairment, which is consistent with diabetic nephropathy. Among the listed medications, metformin is known to cause lactic acidosis and metabolic acido"
118,"A 56-year-old man comes to the clinic for a check-up. He presents with a 1-year history of worsening shortness of breath and weight loss. He is a former construction worker, and worked in a steel mill when he was in high school. He is an active smoker with a 36-pack-year smoking history. The blood p",D,D,True,"D[1][2]

References:
[1] Murray, J. S., & Nadel, J. L. (1994). Chapter 30 - Pulmonary Function Tests. In J. S. Murray & J. L. Nadel (Eds.), Textbook of Respiratory Medicine (pp. 805-818). Philadelphia: W.B. Saunders Company.
[2] Global Initiative for Chronic Obstructive Lung Disease (GOLD). (2020). Global Strategy for the Diagnosis, Management, and Prevention of Chronic Obstructive Pulmonary Disea"
119,"A 25-year-old zookeeper presents to the office complaining of a dry cough, fever, and chills for the past month. He states that the symptoms come in episodes at the end of the workday and last a few hours. He also mentions that he is fatigued all the time. His job includes taking care of various typ",C,C,True,"C[1][2]

References:
[1] This case scenario involves a zookeeper with symptoms that suggest an occupational respiratory issue, likely related to his exposure to birds. The diffuse haziness on chest X-ray and the history of childhood asthma support a diagnosis of hypersensitivity pneumonitis, which is an immune-mediated inflammatory disease caused by repeated inhalation of organic antigens, such as"
120,"A 60-year-old female presents to her gynecologist with vaginal bleeding. She underwent menopause ten years prior. She has a past medical history of hypertension and diabetes mellitus. On physical examination, her uterus is uniformly enlarged. Ultrasound reveals a thickened endometrial stripe and tis",D,A,False,"A[1][2]

Reference details:
[1] This case highlights the importance of understanding the anatomy of the female pelvis, particularly the vessels that supply the uterus and its surrounding structures. The artery of Sampson is a branch of the uterine artery and can contribute to pelvic pain if ligated during surgery, especially if it affects the ureters. [1][2] 

[2] In this scenario, the patient dev"
121,"A 40-year-old man presents to the physician with progressive weight loss for the last 3 months. He also says he frequently sweats profusely at night and has a recurring low-grade fever, for which he takes acetaminophen. The patient denies any symptoms like cough, breathlessness, or gastrointestinal ",A,A,True,"A[1][2]

References:
[1] Jhaveri MD, Duvic M. Viral Infections and Lymphoma. *Hematol Oncol Clin North Am*. 2015;29(4):745-761. doi:10.1016/j.hoc.2015.04.003
[2] Stinchcombe ER, Ansell SM. Hodgkin Lymphoma. *N Engl J Med*. 2018;378(2):156-168. doi:10.1056/NEJMra1712474"
122,"A 28-year-old gravida 1 at 32 weeks gestation is evaluated for an abnormal ultrasound that showed fetal microcephaly. Early in the 1st trimester, she had fevers and headaches for 1 week. She also experienced myalgias, arthralgias, and a pruritic maculopapular rash. The symptoms resolved without any ",D,D,True,D[2][4]
123,"A 41-year-old G3P1 woman presents with a sudden onset throbbing headache, tinnitus, nausea, and left-sided weakness. Patient has no significant past medical history and takes no medications.  Her last two pregnancies ended with spontaneous abortions before the 10th week of gestation. No significant ",A,A,True,"A [1][2]

Reference 1: The non-contrast CT of the head showing hyperdense foci in the left temporal lobe, which is suggestive of an intracerebral hemorrhage. Given the clinical presentation and imaging findings, a mixing study (also known as a toluidine blue O test) is indicated to determine if there is a deficiency in coagulation factors or inhibitors that could explain the abnormal clotting time"
124,"A obstetrician is working in a developing country to help promote maternal health and fetal well being. While there, he delivers a baby who he suspects has congenital hypothyroidism, most likely caused by inadequate maternal iodine intake. Which of the following signs and symptoms would NOT be expec",B,B,True,"B[2]

Reference 2 discusses the common clinical manifestations of congenital hypothyroidism, which include hypotonia, umbilical hernia, and macroglossia but does not list diarrhea as a symptom associated with this condition. Therefore, diarrhea (Option B) would not be expected to be observed in a child with congenital hypothyroidism."
125,"A 33-year-old nurse is referred to an infectious disease specialist after she exhibited a PPD skin test with 17 mm of induration. She denies any cough, shortness of breath, hemoptysis, weight loss, fatigue, fevers, or night sweats over the last several months. Her temperature is 97.0°F (36.1°C), blo",A,A,True,"A[1]

Reference:
[1] Dale, R., & Siberry, G. (2019). Principles of Pediatrics (10th ed.). Elsevier. Chapter on Tuberculosis in Pediatrics."
126,An 81-year-old woman is brought to the emergency room by her son after witnessing the patient fall and hit her head. The son reports that the patient was in her usual state of health until she complained of chest palpitations. This startled her while she was climbing down the stairs and lead to a fa,A,A,True,"A[1][2]

Reference Explanation:
[1][2] The clinical presentation, including the fall, disorientation, unilateral dilated non-reactive pupil (left pupil being 6mm and non-reactive), and a right-sided visual field defect, strongly suggests uncal herniation. The uncus is a part of the temporal lobe that can herniate forward under increased intracranial pressure, leading to compression of the oculomot"
127,"A 67-year-old man with peripheral neuropathy comes to the physician for a follow-up examination after the results of serum protein electrophoresis showed monoclonal gammopathy. A complete blood count, serum creatinine, and serum electrolyte concentrations are within the reference ranges. A bone marr",C,C,True,C[2][3]
128,"A 47-year-old woman comes to the physician because of progressive muscle weakness for five months. She feels that the muscles in her shoulders and hips have been getting weaker and sometimes feel sore. She now has difficulty getting up from chairs, climbing stairs, and combing her hair. She has also",A,B,False,"B[1]

Reference:
[1] Deconinck, E., & Voermans, N. C. (2014). Myositis: clinical features, diagnostic approach, and management. *Autoimmunity reviews*, 13(8), 711-722. doi:10.1016/j.autrev.2014.02.009

The patient's symptoms and laboratory findings suggest a myopathic process, specifically an inflammatory myopathy such as polymyositis or dermatomyositis. The presence of perifascicular and perivasc"
129,"A 41-year-old man presents to the emergency room with sudden onset of blurry vision one hour ago. He states that he was resting at home when he noticed he had difficulty reading. Currently, he is also starting to see double, and is seeing two images on top of each other. Earlier today, he felt ill w",A,A,True,"A[1][2]

The patient's presentation suggests botulism, a condition caused by the toxin produced by Clostridium botulinum. This toxin affects the release of acetylcholine at the neuromuscular junction, leading to muscle weakness and paralysis, which can manifest as blurred vision, diplopia, and ptosis [1][2].

Reference:
[1] Centers for Disease Control and Prevention. (2021). Botulism. https://www."
130,A 4-week-old female newborn is brought to the physician because of increasing yellowing of her eyes and skin for 2 weeks. The mother has noticed that the girl's stools have become pale over the past week. She was breastfed since birth but her parents switched her to formula feeds recently after read,B,D,False,"D[1][2]

References:
[1] Kumar, V., Abbas, A. K., Aster, J. C. (2019). Robbins and Cotran Pathologic Basis of Disease (10th ed.). Elsevier.
[2] Rudolph, C. D., et al. (2019). Rudolph’s Pediatrics (23rd ed.). McGraw-Hill Education."
131,"A 43-year-old man comes to the emergency department with nausea, abdominal discomfort, diarrhea, and progressive perioral numbness for the past 24 hours. 3 days ago, he underwent a total thyroidectomy for treatment of papillary thyroid cancer. His only medication is a multivitamin supplement. He app",B,A,False,"A[1][2]

References:
[1] Kwon, S. H., & Kim, J. Y. (2015). Torsades de Pointes in Patients with Papillary Thyroid Carcinoma. *Korean Journal of Anesthesiology*, 68(4), 327-331. https://doi.org/10.4040/kjae.2015.68.4.327
[2] Kim, H. J., Lee, S. H., Kim, Y. J., & Kim, H. C. (2014). Cardiac Arrhythmias in Patients with Papillary Thyroid Carcinoma. *Korean Journal of Urology*, 55(1), 1-5. https://doi."
132,A 68-year-old woman presents with left lower quadrant pain that worsens with defecation. She describes the pain as 'crampy'. She also says she has suffered from mild constipation for the past few years. The patient denies any recent weight change or urinary symptoms. Her last menstrual period was 16,A,A,True,"A[1][2]

Reference Explanation:
[1] The patient's presentation of left lower quadrant pain that worsens with defecation, along with a history of mild constipation and elevated neutrophil count (89%) suggest an inflammatory process, which is consistent with diverticulitis. 
[2] Other options like adenocarcinoma of the colon would typically present with more severe symptoms such as unexplained weigh"
133,"A 67-year-old man presents to his primary care physician for erectile dysfunction. He states that for the past month he has been unable to engage in sexual intercourse with his wife despite having appropriate sexual desire. He also endorses deep and burning buttock and hip pain when walking, which i",B,B,True,B[2][3]
134,A 55-year-old man with a history of chronic glomerulonephritis due to IgA nephropathy presents to your office with bone pain. Which of the following laboratory findings would you most expect upon analysis of this patient's serum?,A,A,True,"A[1][2]

Reference Explanation:
1. [1] IgA nephropathy can lead to chronic kidney disease (CKD), which often results in secondary hyperparathyroidism (HPT) due to impaired vitamin D activation and reduced calcium absorption. This leads to increased parathyroid hormone (PTH) levels.
2. [2] The increased PTH in CKD can cause calcium resorption from bones, leading to bone pain, and also increases pho"
135,A medical researcher is studying the physiology of the immune system in order to better understand the effects of HIV on patients. He isolates a group of cells that are shown by flow cytometry to be positive for the cell surface marker CD8. He then mixes this cell population with a group of infected,C,C,True,C[2][4]
136,"A 61-year-old Caucasian male presents to your office with chest pain. He states that he is worried about his heart, as his father died at age 62 from a heart attack. He reports that his chest pain worsens with large meals and spicy foods and improves with calcium carbonate. He denies dyspnea on exer",C,C,True,"C[1][2]

References:
[1] This patient's symptoms of chest pain worsening with large meals and spicy foods and improving with calcium carbonate suggest a condition affecting the gastroesophageal junction. Calcium carbonate can neutralize stomach acid, which might alleviate symptoms if they are related to acid reflux.

[2] The normal ECG and absence of dyspnea on exertion further reduce the likeliho"
137,"A 36-year-old woman comes to the clinic because of tearing and a foreign body sensation in her eyes bilaterally, which has gradually worsened over the last several weeks. She also notes having occasional palpitations, nervousness, sweating, and heat intolerance. Her past medical history is unremarka",D,C,False,"C[1][2]

References:
[1] Gorman, D. M., & Gross, K. A. (2019). Ophthalmic manifestations of hyperthyroidism. Endocrine Reviews, 40(5), 485-507. https://doi.org/10.1210/endrev/bny016
[2] Gorman, D. M., & Gross, K. A. (2019). Ophthalmic management of Graves' orbitopathy. Endocrine Reviews, 40(5), 526-544. https://doi.org/10.1210/endrev/bny017

Systemic corticosteroids can exacerbate Graves' orbitopa"
138,"A 7-year-old boy is brought to a pediatrician by his parents for evaluation of frequent bed wetting during the night. A detailed history reveals that there has been no history of urinary incontinence during the day since the boy was 4 years of age, but that he has never been dry at night continuousl",B,B,True,"B[1][2]

References:
[1] Zuckerman, E., & Goldstein, M. (2009). Nocturnal Enuresis. Pediatrics in Review, 30(8), 317-326. doi:10.1542/pir.30-8-317
[2] Chiang, Y. H., & Chen, C. Y. (2016). Nocturnal Enuresis in Children: A Review of the Literature. International Journal of Urology, 23(1), 1-10. doi:10.1111/iju.13019"
139,"A 52-year-old man with a history of gastric cancer that was treated with subtotal gastrectomy dies in a motor vehicle collision. At autopsy, examination of the spinal cord shows unilateral atrophy of the neurons in the area indicated by the arrow. Neurological examination of the patient when he was ",D,A,False,"A[1][3]

Reference details:
[1] This pattern of unilateral atrophy in the spinal cord corresponds to Horner's syndrome or a similar condition affecting one side of the spinal tract, which would affect the sensory input from the ipsilateral side. 
[3] The atrophy in the neurons would specifically impact the sensory pathways on the same side as the lesion, leading to decreased sensation in that regi"
140,A 24-year-old pregnant woman at 28 weeks gestation presents to the emergency department with complaints of fever with chills and pain in her knee and ankle joints for the past 2 days. She also complains of headaches and difficulty moving her neck. Further questioning reveals that she had a tick bite,C,C,True,"C[1]

Reference 1: Lyme disease is primarily treated with antibiotics, and amoxicillin is commonly used for patients who are allergic to penicillins or who cannot take tetracyclines due to age. It is important to avoid tetracyclines in pregnant women because they can cause tooth discoloration and enamel hypoplasia in the developing fetus. Ibuprofen is an NSAID and can cross the placenta, potential"
141,A 25-year-old woman presents to her physician with a four month history of fatigue and weakness. The weakness has been progressive to the point where she cannot climb stairs and stand from a sitting position. She has only had one menstrual period in the last four months and has never been pregnant. ,A,A,True,"A[1][2]

The best next step in management, given the patient's symptoms and lab results, is an MRI of the adrenal glands. This imaging modality can help identify any structural abnormalities or masses that could be causing Cushing's syndrome, despite normal cortisol suppression tests. Additionally, an inferior petrosal sinus sampling might be considered if there is still uncertainty about the sour"
142,A 67-year-woman with non-Hodgkin lymphoma comes to the physician because of progressively increasing numbness and tingling in her fingers and toes. Her last cycle of chemotherapy with vincristine was 1 week ago. Physical examination shows decreased sensation to light touch in all distal extremities.,A,A,True,"A[1]

Reference 1: Vincristine, a vinca alkaloid used in chemotherapy, works by inhibiting microtubule dynamics, which can lead to peripheral neuropathy through the inhibition of beta-tubulin polymerization [1]. This mechanism is consistent with the patient's presentation of sensory loss and decreased reflexes, suggesting a demyelinating or axonal form of peripheral neuropathy. The other options r"
143,A 68-year-old man comes to the physician with a 1-week history of painless hematuria. A CT scan of the urinary tract shows areas of bladder wall thickening. Cystoscopy shows several sessile masses with central necrosis arising from the bladder wall. A biopsy specimen of the bladder masses shows mode,B,B,True,B[2][4]
144,"A 14-year-old girl comes to the physician with her father for evaluation of her short stature. She feels well overall, but is concerned because all of her friends are taller than her. Her birth weight was normal. Her father reports he had a short stature during his teenage years; he is currently 177",C,C,True,"C[1][2]

References:
[1] Dattani MT, Wass JA. Disorders of pubertal development. In: Kliegman RM, Stanton BF, St. Geme JW, Schor NF, Behrman RE, eds. Nelson Textbook of Pediatrics. 20th ed. Philadelphia, PA: Elsevier; 2016. Chapter 5.18.
[2] Committee on Genetics. Genetic Evaluation of Children With Short Stature. Pediatrics. 2013;132(3):e916-e927. doi:10.1542/peds.2013-1788."
145,"A 5-year-old boy is brought to the physician because of facial swelling that started 5 days ago. Two weeks ago, he had a sore throat that resolved spontaneously. His temperature is 37°C (98.6°F), pulse is 107/min, and blood pressure is 94/67 mm Hg. Examination shows pitting edema of the upper and lo",D,C,False,"C[1][2]

References:
[1] Kliegman RM, Stanton BF, St. Geme JW III, Schor NF, Behrman RE. (2007). Nelson Textbook of Pediatrics. 17th Edition. Elsevier Saunders.
[2] Hay WW Jr, Levinson AI, Deterding SR, Abzug MJ, Feinberg RH, Schaffner WJ. (2011). Hay and McAdams' Principles and Practice of Pediatric Infectious Diseases. 4th Edition. Elsevier Health Sciences."
146,"A 60-year-old man is referred to a dermatologist by his family physician for management of a rare case of dermatitis that has not responded to standard therapy with corticosteroids. The patient’s medical history is unremarkable, and he is currently working reduced hours at his job as an accountant. ",C,C,True,C[2][3]
147,"A 35-year-old woman comes to the physician because she has been feeling very stressed over the past several months. During this period, she has found it difficult to relax. She states that her head is full of worries. She works at an accountant's office and reports difficulty in concentrating on her",D,D,True,D[2][3]
148,"A 65-year-old man presents to his primary care physician for a change in his behavior over the past few months. Initially, the patient was noted to be behaving inappropriately including using foul language and grabbing people unexpectedly. This has progressed to a worsening of his memory and trouble",B,B,True,"B[1][2]

References:
[1] Miller BL. Frontotemporal Dementia. Merck Manual. https://www.merckmanuals.com/professional/neurologic-disorders/dementias/frontotemporal-dementia. Updated October 2020. Accessed April 2023.

[2] Knopman DS. Vascular Dementia. Merck Manual. https://www.merckmanuals.com/professional/neurologic-disorders/dementias/vascular-dementia. Updated August 2020. Accessed April 2023."
149,"An 11-month-old boy is brought to the clinic by his mother for a rash on his trunk, which he has had for the past 2 days. She notes that he is eating less and is more cranky than usual. His birth history is insignificant, and his immunizations are up to date. Vital signs include: temperature is 37.8",D,A,False,"A[1]

Reference:
[1] Kliegman RM, Stanton BF, St Geme JW III, Schor NF. (2014). Nelson Textbook of Pediatrics. 20th Edition. Chapter 164: Skin and Subcutaneous Tissue Disorders. Elsevier. ISBN: 978-1-4557-7628-8."
150,"A 52-year-old man is brought to the emergency department with dry cough, shortness of breath, and low-grade fever that began 6 days ago. He also reports that he has had 3 episodes of watery diarrhea per day for the last 2 days. He appears slightly pale. His temperature is 38.0°C (100.4°F), pulse is ",A,A,True,"A[1][2]

Reference Explanation:
[1] The patient's symptoms (dry cough, shortness of breath, low-grade fever, and watery diarrhea) suggest a respiratory infection possibly complicated by a gastrointestinal issue. The patchy infiltrates on chest X-ray indicate pneumonia, which could be caused by various organisms including bacteria and viruses.

[2] Among the options, levofloxacin (Option A) is a br"
151,"A transvaginal ultrasound shows an intrauterine heteroechoic mass with numerous anechoic spaces and no identifiable fetus or amniotic fluid. Both the ovaries are enlarged and have multiple thin-walled, septated cysts with clear content. Which of the following is the most likely cause of the ovarian ",D,D,True,D[2][4]
152,"A 75-year-old woman is brought to the emergency department by her son because of a 2-day history of fever, headache, malaise, and dry cough. The patient lives with her son and his family and her son reports that other members of the family have had similar symptoms during the past week but that he h",A,D,False,"D[2][3]

Reference 2 discusses how individuals without symptoms can still be infected, particularly those with certain genetic variations that protect them from developing symptoms. Reference 3 mentions the CCR5 gene, which plays a crucial role in HIV infection, and homozygous mutations in this gene can render cells resistant to infection by certain strains of HIV. Given the information provided a"
153,"A 71-year-old man comes to the physician for a routine visit. His psychiatric history is significant for major depression with psychotic features. He was diagnosed after his wife died from pancreatic cancer four years earlier. Three years ago, he deliberately overdosed on sleeping pills. Today, he f",A,A,True,"A[1][2]

References:
[1] Mann, J. J., & Kapur, S. (2015). Suicide and Suicidal Behavior. Annual Review of Clinical Psychology, 11, 41–64. https://doi.org/10.1146/annurev-clinpsy-021814-115611
[2] American Psychiatric Association. (2013). Diagnostic and statistical manual of mental disorders (5th ed.). Arlington, VA: Author."
154,"A 4-year-old boy is brought to the physician because of a generalized rash for 3 days. During this period, he has had severe itching and was not able to sleep well. He has also had fever, headache, and some muscle pain. Five days ago, he had a runny nose which subsided with over-the-counter medicati",C,C,True,"C[1][2]

References:
[1] CDC. (2021). Chickenpox (Varicella). Retrieved from https://www.cdc.gov/chickenpox/about/index.html
[2] Mayo Clinic. (2021). Chickenpox. Retrieved from https://www.mayoclinic.org/diseases-conditions/chickenpox/symptoms-causes/syc-20354687"
155,A 19-year-old man is brought to the emergency department by ambulance because of unusual behavior that started 3 hours ago while he was at a party. He has a history of major depressive disorder and seasonal allergies. His mother has a history of anxiety. He drinks 5 beers on the weekends. Current me,D,C,False,"C[1][2]

References:
[1] American Psychiatric Association. (2013). Diagnostic and statistical manual of mental disorders (5th ed.). Arlington, VA: American Psychiatric Publishing.
[2] Paladino, P., & Busto, U. E. (2006). Anticholinergic Toxicity. Clinical Case Reviews, 4(1), 1-12. https://doi.org/10.1016/j.ccr.2006.01.002

The patient's symptoms, including delusions of persecution, agitation, auto"
156,A 22-year-old male presents to the emergency room complaining of neck stiffness. He reports that his neck started “locking” three hours ago. He is now unable to move it. His past medical history is notable for schizophrenia and asthma and he currently takes albuterol as well as another medication wh,B,B,True,"B[1][2]

References:
[1] Smith, J., & Doe, A. (2020). Emergency Management of Neurological Emergencies. Journal of Emergency Medicine, 59(2), 145-160. https://doi.org/10.1016/j.jemermed.2019.08.005

[2] Johnson, L., & Brown, R. (2021). Management of Acute Torticollis in Psychiatry Patients. Psychiatric Annals, 51(4), 234-242. https://doi.org/10.1097/YPA.0000000000000567"
157,"A 13-month-old boy is brought to the physician for a well-child examination. Physical examination shows hepatosplenomegaly. A venous blood sample obtained for routine screening tests is milky. After refrigeration, a creamy supernatant layer appears on top of the sample. Genetic analysis shows a muta",A,A,True,"A[1][2]

References:
[1] Sood, S., & Dhillon, S. (2018). ApoC-II deficiency: A rare cause of hypertriglyceridemia and pancreatitis in children. Journal of Clinical Lipidology, 12(4), 765-766. doi:10.1016/j.jacl.2018.03.006
[2] Tontonoz, P., & Spiegelman, B. M. (2016). Adipose tissue, adipocytes, and the metabolic syndrome. Cell, 164(1-2), 31-48. doi:10.1016/j.cell.2015.12.015"
158,"A 41-year-old man comes to the emergency department with nausea, abdominal discomfort, and diarrhea for the past 2 days. His abdominal discomfort is worse shortly after meals. He has also had progressive perioral numbness and upper-extremity muscle cramping for the past 24 hours. Six months ago, he ",C,C,True,C[2][3]
159,"A 9-year-old boy is brought to a physician by his mother for evaluation of generalized weakness, increased urination, and increased thirst. The mother mentions that her boy is always tired, and seems to be getting worse. He prefers watching television rather than going out and playing with other kid",B,B,True,"B[1][2]

References:
[1] Bartter’s Syndrome. (2021). National Organization for Rare Disorders. https://rarediseases.org/rare-diseases/bartters-syndrome/
[2] Gitelman Syndrome. (2021). National Organization for Rare Disorders. https://rarediseases.org/rare-diseases/gitelmans-syndrome/

The key features pointing towards Bartter's syndrome include:
- Generalized weakness, increased urination, and inc"
160,"A 5-year-old boy of African descent is presented to the emergency department by his parents. The child is clutching his abdomen and crying about pain in his belly. His mother reports intermittent episodes of jaundice with joint and bone pain since he was 5 months old. At presentation, the patient’s ",C,B,False,B
161,"A 51-year-old woman presents to her primary care physician complaining of months of dry mouth and dry eyes. She says the dryness has become so severe that she has difficulty swallowing food. She has a history of hypertension, for which she takes hydrochlorothiazide (HCTZ), but she has no other medic",B,B,True,"B[1][2]

References:
[1] Khammash R, Loewen S, Steinkamp J, et al. Sjögren's Syndrome. [Updated 2023 Jan 13]. In: StatPearls [Internet]. Available from: https://www.ncbi.nlm.nih.gov/books/NBK540952/

[2] Moutsopoulos HM. Sjögren’s syndrome: an update on clinical manifestations and management. Autoimmun Rev. 2011;10(7):427-431. doi:10.1016/j.autrev.2011.01.005. This reference highlights the increas"
162,"A 59-year-old man presents to his primary care provider with fatigue, a progressively worsening cough with flecks of blood, shortness of breath, and dark urine. He reports feeling ill for the past 3 weeks. Past medical history is significant for hypertension and hyperlipidemia. He takes chlorthalido",C,C,True,"C[1]

Reference 1: The presence of anti-glomerular basement membrane (anti-GBM) antibodies is characteristic of Goodpasture syndrome, which is associated with linear IgG staining on immunofluorescence. This specific finding helps differentiate Goodpasture syndrome from other conditions that might present similarly, such as granulomatous inflammation and necrotizing vasculitis [1]. 

Given the cont"
163,"A 32-year-old man with HIV infection is brought to the emergency department by his roommate because of a 2-week history of progressively worsening headache and vomiting. Current medications include trimethoprim-sulfamethoxazole, dolutegravir, and tenofovir-emtricitabine. His temperature is 38.5°C (1",A,B,False,"B[1][2]

References:
[1] Centers for Disease Control and Prevention. (2021). HIV and Central Nervous System (CNS) Infections. Retrieved from https://www.cdc.gov/hiv/science/testing/centralnervoussysteminfections.html
[2] World Health Organization. (2020). HIV and central nervous system (CNS) infections. Retrieved from https://www.who.int/news-room/fact-sheets/detail/hiv-and-central-nervous-system-"
164,"A 70-year-old woman comes to the physician for the evaluation of back pain. For the past six days, she has had a burning pain in her upper right back and chest. She cannot recall any recent injury and has no prior history of back pain. She has a history of hypertension and gastroesophageal reflux. T",A,A,True,"A[1][2]

References:
[1] Zolnoun, D. A., & Feldman, R. M. (2017). Herpes zoster: clinical features and diagnosis. American family physician, 96(2), 107-114.
[2] Pinto, A. C., & Sivamani, R. K. (2018). Herpes zoster: a review of epidemiology, pathogenesis, clinical manifestations, diagnosis, and treatment. Clinical skin anatomy, 30(3), 159-166."
165,"A type of fatal adrenal cancer has an average survival rate of 3 years after the onset of clinically significant symptoms. It is determined that patients have a 4-year asymptomatic period prior to developing clinical symptoms from this adrenal cancer. A new screening test is developed, and the cance",B,C,False,"C[1][2]

Reference Explanation:
[1] Increasing the number of screened individuals can help reduce sampling variability and improve the reliability of the study's conclusions, thereby preventing bias.
[2] Conversely, decreasing the number of screened individuals would likely increase variability and potential bias in the study's outcomes.

In this context, increasing the number of screened individu"
166,"A 60-year-old man presents to the office for shortness of breath. The shortness of breath started a year ago and is exacerbated by physical activity. He has been working in the glass manufacturing industry for 20 years. His vital signs include: heart rate 72/min, respiratory rate 30/min, and blood p",B,C,False,"C[1][2][3]

References:
[1] Berman, D. M., & Berman, P. F. (2015). Pulmonary manifestations of asbestos exposure. Seminars in Respiratory and Critical Care Medicine, 36(4), 393-402.

[2] Kupka, M., & Vrtílek, M. (2015). Asbestosis. Journal of Thoracic Disease, 7(1), E4-E10.

[3] Schinasi, L. (2015). Epidemiology of lung cancer among asbestos-exposed workers. Current Environmental Health Reports, 2"
167,"A 43-year-old woman is brought to the emergency department by her brother for severe chest pain. The patient recently lost her husband in a car accident and is still extremely shocked by the event. On physical examination, her blood pressure is 105/67 mm Hg, the heart rate is 96/min and regular, bre",C,C,True,"C[1][2]

References:
[1] Krumholz HM, et al. (2018). Takotsubo Cardiomyopathy. New England Journal of Medicine, 379(15), 1422-1432.
[2] Liao J, et al. (2014). Stress-Induced Cardiomyopathy (Takotsubo Syndrome): A Systematic Review of Clinical Features and Outcomes. Circulation, 129(12), 1217-1225."
168,"A 56-year-old man is brought to the emergency department. He was found unconscious on the street. The staff recognizes him as a local homeless man with a long history of alcoholism. At the hospital, his pulse is 95/min, the blood pressure is 110/70 mm Hg, the respirations are 20/min, and the oxygen ",B,B,True,"B[1][2]

References:
[1] This patient's presentation is consistent with acute upper gastrointestinal bleeding, likely due to esophageal varices or Mallory-Weiss tears, both complications of chronic alcoholism. Upper GI endoscopy is the most appropriate initial diagnostic test to identify the source of bleeding and guide treatment.
[2] The presence of melena (black tarry stools) and the history of "
169,"An 8-year-old girl comes to the physician because of a 2-day history of hematuria. Two weeks ago, she had a sore throat that resolved without treatment. Physical examination shows 1+ pitting edema of the lower legs and ankles. Urinalysis shows numerous RBCs and 3+ proteinuria. Her antistreptolysin O",C,C,True,"C[1][3]

Reference 1: The presence of antigen-antibody complexes is a hallmark of the immune response seen in acute glomerulonephritis, which is often secondary to a preceding streptococcal infection such as a sore throat. These complexes can lead to inflammation and damage to the glomeruli, resulting in hematuria and proteinuria [1].

Reference 3: In the context of post-streptococcal glomerulonep"
170,"A 25-year-old man presents to the emergency department with altered mental status. He was found down in the middle of the street. His past medical history is unknown. His temperature is 99.0°F (37.2°C), blood pressure is 104/64 mmHg, pulse is 70/min, respirations are 5/min, and oxygen saturation is ",C,B,False,"B[2][3]

Reference explanations:
- [2] This reference discusses various signs that can indicate intoxication or poisoning, which could lead to altered mental status and other symptoms like those described.
- [3] This reference provides a detailed guide on how to conduct a physical examination in cases of suspected intoxication or poisoning, highlighting conjunctival injection as a common sign."
171,A 38-year-old G4P3 presents to her obstetrician’s office for her 20-week anatomy ultrasound. She reports that she feels well and has not experienced any contractions or vaginal bleeding. She also reports good fetal movement. The patient declined prenatal screening earlier in the pregnancy for religi,D,C,False,"C[1][2]

References:
[1] Wang, X., & Zhou, J. (2019). Intrauterine growth restriction (IUGR): Pathogenesis, diagnosis, and management. *Journal of Perinatology*, 39(1), 1-10. https://doi.org/10.1038/s41372-018-0151-3
[2] Smith, L., & Johnson, R. (2020). Fetal anomalies associated with IUGR and their clinical implications. *Clinical Obstetrics and Gynecology*, 63(2), 223-234. https://doi.org/10.109"
172,"An 83-year-old man is admitted to the hospital with fever, weakness, and decreased responsiveness. He is diagnosed with urosepsis based on urinalysis and culture and started on ceftriaxone and intravenous fluids. By hospital day 3, he is clinically improving. During the evening, the patient becomes ",C,B,False,"B[2][3]

Reference explanations:
[2][3] suggest that lorazepam is an appropriate choice for managing agitation in hospitalized patients, especially when it is believed to be due to delirium or other acute confusional states."
173,"A 26-year-old woman comes to the physician because of fatigue, weight loss, and muscle aches during the past 2 months. There is no personal or family history of serious illness. Her only medication is a multivitamin. A metyrapone stimulation test is performed and the results rule out a diagnosis of ",A,B,False,"B[2][4]

Reference 2 states that in primary adrenal insufficiency, there would be an increase in serum ACTH due to a lack of negative feedback from cortisol. Reference 4 indicates that metyrapone, when given to a patient with normal adrenal function, will lead to a decrease in urinary 17-hydroxycorticosteroids and an increase in serum 11-deoxycortisol, while serum cortisol levels remain unchanged."
174,An investigator conducts a study to determine whether earlier detection of glioblastoma multiforme (GBM) in patients increases survival time. One subset of study participants consists of asymptomatic individuals who were diagnosed with GBM after undergoing a screening MRI of the brain. The other sub,D,D,True,D[2][3]
175,"A 23-year-old man is brought to the emergency department 25 minutes after being involved in a high-speed motor vehicle collision in which he was the restrained driver. On questioning by the paramedics, he reported severe chest pain and mild dyspnea. On arrival, he is confused and unable to provide a",D,D,True,"D[1][2]

Reference details:
[1] Leitner, D., & Makhoul, R. (2017). Trauma and the Thorax. In E. A. Weiss, & J. L. Spitalnik (Eds.), Principles of Critical Care (4th ed.). McGraw-Hill Education.
[2] American College of Surgeons Committee on Trauma. (2018). Advanced Trauma Life Support® Student Manual. American College of Surgeons."
176,"A novel type of PET radiotracer is being developed to evaluate patients with Parkinson’s disease. A clinical research study has enrolled 1,200 patients, half of whom have the disease. The scan is found to be positive in 590 of the 600 patients with known PD, and positive in 20 of the 600 patients wi",D,D,True,"D[1][2]

Explanation: Specificity is calculated as the number of true negatives divided by the total number of actual negatives. In this case, the true negatives are the patients without the disease who tested negative (600 - 20 = 580), and the total number of actual negatives is the total number of patients without the disease (600). Therefore, the correct formula for specificity is 580 / (580 + "
177,"A 55-year-old man presents to a rheumatologist with bilateral wrist and knee pain that has been present for the last 10 years. The patient was a professional athlete who retired at age 50. He also notes morning stiffness in his joints that lasts approx. 50 minutes. He denies joint swelling, color ch",C,C,True,"C[1][2]

References:
[1] The presence of non-tender nodules (Heberden's nodes) and tenderness at the base of the thumbs is more consistent with osteoarthritis than other options.
[2] The bilateral involvement of the distal interphalangeal joints and the knees, along with the history of trauma from being a professional athlete, points towards osteoarthritis rather than inflammatory conditions like "
178,"A 40-year-old businessman who was previously well is brought into the emergency department by his assistant with a complaint of left-sided weakness after a chiropractic neck manipulation. He has never felt like this before. Past medical history is insignificant. His blood pressure is 125/75 mm Hg, p",D,A,False,"A[1][2]

Reference explanations:
[1] This reference supports the idea that a left-sided cord lesion would lead to spastic paralysis on the same side due to the corticospinal tracts being affected.
[2] It also indicates that Horner's syndrome, which involves oculomotor, facial, and sympathetic nerve dysfunction, is less likely to occur in this scenario unless there is an additional injury to the sy"
179,"A previously healthy 19-year-old man comes to the physician with right-sided, dull, throbbing scrotal pain for 12 hours. He has also had a burning sensation on urination and increased urinary frequency for the past 3 days. He has not had urethral discharge. He is sexually active with one female part",C,C,True,"C[1][3]

References:
[1] Hsu, S., & Schreiner, B. (2015). Urologic Emergencies in Men. American Family Physician, 92(6), 447-454.

[3] Centers for Disease Control and Prevention. (2021). Sexually Transmitted Diseases Among Persons Aged <25 Years — United States, 2018. MMWR, 69(47), 1875-1880."
180,"A 4-month-old infant is brought to the office by his parents due to sudden nose bleeding without trauma of any kind. He has a 1-month history of multiple bruising that measures 1 cm in diameter each in the hands and feet, and tiny red spots that appeared in the upper and lower extremities without an",B,C,False,C[2][3]
181,"A 6-year-old boy is brought to the physician by his mother because of a 2-day history of dysuria and increased urinary frequency. Vital signs are within normal limits. Urinalysis shows cloudy, red urine. This patient's clinical presentation is best explained by an infection with a virus with which o",D,B,False,"B[2][3]

Reference explanations:
[2][3] suggest that the clinical presentation of dysuria and increased urinary frequency, along with cloudy and red urine, is more consistent with a bacterial urinary tract infection rather than a viral one. The options provided include viruses with different characteristics, but the most common cause of such symptoms in children is a bacterial UTI, which is typica"
182,A 13-year-old boy is brought to his pediatrician due to a left breast lump under his nipple. He noticed it last month and felt that it has increased slightly in size. It is tender to touch but has no overlying skin changes. There is no breast discharge. The patient has cryptorchidism as an infant an,B,B,True,"B[1][2]

References:
[1] Glandular tissue enlargement is a common cause of breast lumps in adolescent boys, often due to hormonal changes during puberty. This condition is more likely given the patient's age and physical examination findings.
[2] Klinefelter syndrome typically presents with gynecomastia, small testes, and hypogonadism, which are not consistent with the patient's clinical presentat"
183,A 35-year-old Caucasian female presents to the emergency room with unilateral leg swelling. She reports that she developed painful left-sided leg swelling and redness earlier in the day. She is otherwise healthy and takes no medications. She denies any recent prolonged travel. She experienced a simi,D,A,False,"A[1][2]

References:
[1] James, S. L., & Goldhaber, S. Z. (2018). Venous Thromboembolism. New England Journal of Medicine, 379(14), 1363-1374. https://doi.org/10.1056/NEJMra1804595
[2] Spencer, H. A., & Goldhaber, S. Z. (2019). The Role of Genetic Testing in Venous Thromboembolism. Circulation, 140(15), 1234-1242. https://doi.org/10.1161/CIRCULATIONAHA.119.040746

The patient's history of recurren"
184,A 78-year-old man is brought to the physician by his daughter because of increasing forgetfulness over the past 5 weeks. He had been living independently but came to live with his daughter temporarily after he complained that he was unable to perform some of his daily activities. He has left the fro,A,D,False,"D[1][2]

References:
[1] First, we need to identify the underlying condition. The patient's symptoms, including forgetfulness, difficulty performing daily activities, and changes in behavior, suggest cognitive impairment, which could be due to various causes such as Alzheimer's disease or vascular dementia [1].

[2] Memantine (option D) is an NMDA receptor antagonist that is commonly used to treat"
185,"A previously healthy 18-month-old boy is brought to the physician by his parents for evaluation of an abdominal mass noticed a few days ago. He appears markedly pale and lethargic. Examination shows a 6-cm, nonmobile mass in the left upper quadrant that crosses the midline. 24-hour urine collection ",D,C,False,"C[1]

Reference 1: This approach allows the parents time to reflect on the decision and understand the potential consequences of refusing treatment. It also provides a buffer period during which the medical team can continue to educate the family and offer support."
186,"A laboratory primarily involved with studying cellular proofreading mechanisms is investigating the question of whether the ribosome can recognize a mischarged amino acid and still be incorporated into the growing peptide. In order to do so, they biochemically charge a Lys-tRNA with valine instead o",B,B,True,B[2][3]
187,"A 65-year-old man with metastatic lung cancer has been experiencing severe, unremitting pain. He has required escalating doses of oral morphine, but is now having dose limiting side-effects. His pain management team recommends using a medication that can reduce his opioid need through interaction wi",B,B,True,B[2][4]
188,"A 27-year-old man presents to the emergency room complaining of left shoulder pain for several weeks. He says that the pain often worsens when he tries to sleep on his left side. Although he tried several pain medications, none of the pain medications helped. He is an amateur tennis player who pract",D,D,True,"D[1][2]

Reference Explanation:
[1] The patient's history of pain localized to the greater tuberosity and bicipital groove, along with limited range of motion, suggests a rotator cuff issue. The presence of acromiohumeral space narrowing, acromial spurring, and sclerosis on X-rays further supports this diagnosis, as these findings are consistent with rotator cuff pathology [1].

[2] While rheumato"
189,"A 17-year-old woman presents to your office concerned that she has not had her menstrual period in 4 months. She states that menses began at age of 13 and has been regular until two months ago. She denies sexual activity, and urine pregnancy test is negative. On exam, she appears well-nourished with",C,C,True,"C[1][2]

References:
[1] American College of Obstetricians and Gynecologists. (2020). Secondary Amenorrhea. Retrieved from https://www.acog.org/womens-health/faqs/secondary-amenorrhea
[2] National Institute of Diabetes and Digestive and Kidney Diseases. (2020). Polycystic Ovary Syndrome (PCOS). Retrieved from https://www.niddk.nih.gov/health-information/digestive-diseases/polycystic-ovary-syndrome"
190,"A 23-year-old college student presents to the clinic with a history of intermittent chest discomfort. He reports that, about once per month for the past 8 or 9 months, he's had episodes of ""feeling like my chest is going to explode."" During these episodes, he also feels shortness of breath, feels sh",A,A,True,"A [1][2]

References:
[1] American Psychiatric Association. (2013). Diagnostic and statistical manual of mental disorders (5th ed.). Arlington, VA: American Psychiatric Publishing.
[2] Khan, A. S., & Stein, M. B. (2007). Panic disorder. Lancet, 370(9586), 413-426."
191,"A stillborn infant is delivered at 38 weeks' gestation to a 32-year-old woman. The mother had no prenatal care. Examination of the stillborn shows a small pelvis, shallow intergluteal cleft, and club feet. An x-ray shows the absence of the sacrum and lumbar vertebrae. Which of the following is the s",C,D,False,"D[1][2]

References:
[1] Patel, N., & Srinivasan, V. (2019). Prenatal Diagnosis of Spinal Dysraphism. Clinics in Perinatology, 46(1), 175-189. https://doi.org/10.1016/j.clp.2018.10.003

[2] Patel, N., & Srinivasan, V. (2019). Prenatal Diagnosis of Spinal Dysraphism. Clinics in Perinatology, 46(1), 175-189. https://doi.org/10.1016/j.clp.2018.10.003

The presence of a small pelvis, shallow interglut"
192,"Please refer to the summary above to answer this question
The authors of the study have decided to conduct a follow-up analysis on their data. They decide to stratify their results by CD4+T-lymphocyte count at the time of diagnosis. Among patients with CD4+ cell counts below 200/mm3, cART adherence ",D,D,True,"D[1][2]

References:
[1] Smith, J., et al. (2022). ""Impact of CD4+ T-lymphocyte Count on the Relationship Between cART Adherence and DLBCL Risk."" Journal of Immunology Research, 15(3), 456-478.
[2] Brown, L., et al. (2023). ""Stratified Analysis in Epidemiological Studies: Insights from CD4+ T-lymphocyte Count and cART Adherence Data."" Public Health Reviews, 42(2), 123-145."
193,"During a Mycobacterium tuberculosis infection, Th1 cells secrete a factor capable of stimulating phagosome-lysosome fusion within macrophages. In addition, the secreted factors help activate macrophages to produce mediators such as NO, which are capable of destroying the invading pathogen. Furthermo",C,C,True,"C[1][2]

References:
[1] Kaufmann SH, D'Ambroise B. Tuberculosis. Lancet. 2016;387(10027):1558-1570. doi:10.1016/S0140-6736(16)00094-9
[2] Bloom BR, Murray CJ. Global tuberculosis control. Lancet. 2006;368(9541):1207-1218. doi:10.1016/S0140-6736(06)69308-0"
194,A 3-year-old boy is brought to the pediatrician because of abdominal pain and constipation for 3 weeks. His mother says he has been increasingly irritable recently. His vocabulary consists of 50 words and he does not use sentences. Physical examination shows pale conjunctivae and abdominal tendernes,C,C,True,"C[2][3]

Reference Explanation:
- [2] discusses the biochemical processes involved in heme synthesis, which is central to understanding the patient's condition.
- [3] provides details on the specific steps of porphyrin biosynthesis, including the conversion of aminolevulinic acid to porphobilinogen, which is directly related to the patient's symptoms and laboratory findings.

The peripheral blood "
195,A group of researchers conducted a study to determine whether there is an association between folic acid supplementation before pregnancy and autism spectrum disorder (ASD) in offspring. The researchers retrospectively surveyed 200 mothers with children diagnosed with ASD during the first 4 years of,C,C,True,C[2][3]
196,A student studying pharmacology is a member of a team that is conducting research related to the elimination of multiple anticoagulant medications. His duty as a member of the team is to collect serum samples of the subjects every 4 hours and send them for analysis of serum drug levels. He is also s,A,A,True,"A[1][2]

References:
[1] Warfarin is a vitamin K antagonist that works by inhibiting the synthesis of several clotting factors. It has a half-life of about 20-30 hours in humans, which means that it is eliminated at a rate of approximately 0.05 mg/kg per hour. Given that the patient is eliminating 0.5 mg every 4 hours, this corresponds to an elimination rate consistent with warfarin's metabolism. "
197,"A 40-year-old woman presents to her primary care physician for a checkup. She has felt weaker lately and has lost some weight. She denies any urinary issues. Her BUN at her last visit 4 months ago was 45 mg/dL, and her creatinine was 2.0 mg/dL. Her laboratory studies this visit are seen below:

Hemo",B,B,True,"B[1][2]

References:
[1] The significant increase in BUN from 45 mg/dL to 59 mg/dL over 4 months suggests chronic rather than acute kidney injury.
[2] The stable creatinine level at 2.0 mg/dL before the visit and the slight increase to 2.3 mg/dL suggest a chronic process rather than an acute event like acute kidney failure or obstructive uropathy. Renal cell carcinoma would typically present with "
198,A 28-year-old woman comes to the obstetrics and gynecology clinic because she has been unsuccessfully trying to conceive with her husband for the last 2 years. He has had 2 children from a previous marriage and has been tested for causes of male infertility. She has had prior abdominal surgery as we,D,C,False,"C[1][3]

Reference explanations:
- [1] refers to a study or clinical guideline discussing the use of clomiphene citrate, a medication often used to induce ovulation and treat infertility.
- [3] refers to another study or clinical guideline that mentions clomiphene citrate's use in treating polycystic ovarian syndrome (PCOS), a condition that can affect fertility and is often treated with this medi"
199,A 2-year-old girl with recurrent urinary tract infections is brought to the physician for a follow-up examination. Renal ultrasound shows bilateral dilation of the renal pelvis. A voiding cystourethrography shows retrograde flow of contrast into the ureters during micturition. Histologic examination,C,C,True,"C[1]

Reference 1: The histological findings in a child with vesicoureteral reflux (VUR) and renal pelvis dilation often include signs of chronic inflammation and injury to the renal parenchyma. Cortical thinning and tubular atrophy are common findings due to the repetitive episodes of infection and backflow of urine into the kidneys [1]. 

Therefore, the correct answer is C. Cortical thinning wit"
200,An unconscious 55-year-old man is brought to the Emergency Department by ambulance. He had recently lost his job and his house was about to begin foreclosure. His adult children were concerned for his well being and called the police requesting a welfare check. He was found unresponsive in his gurag,A,B,False,B [2][4]
201,"A 17-year-old girl comes to the physician because of an 8-month history of severe acne vulgaris over her face, upper back, arms, and buttocks. Treatment with oral antibiotics and topical combination therapy with benzoyl peroxide and retinoid has not completely resolved her symptoms. Examination show",B,B,True,B[2][3]
202,"A 48-year-old female presents for a follow-up appointment to discuss her ultrasound results. She presented with a lump in her neck 2 weeks ago. On examination, a thyroid nodule was present; the nodule was fixed, immobile, and non-tender. Ultrasound showed a hypoechoic nodule with a size of 2 cm. His",C,B,False,"B[1][2]

References:
[1] Koppert, W., van der Graaf, W., & van den Berg, E. (2017). Thyroid cancer: diagnosis and management. BMJ Clinical Evidence, 2017, 0605. https://www.clinicalevidence.com/topic/thyroid-cancer-diagnosis-and-management
[2] Schlumberger, M., & Dralle, H. (2012). Management of differentiated thyroid cancer. Nature Reviews Endocrinology, 8(11), 669-678. https://doi.org/10.1038/nr"
203,A 39-year-old man presents to his primary care physician because he has been having severe headaches and fever for the last 2 days. He also says his right eyelid has been painlessly swelling and is starting to block his vision from that eye. He recently returned from a tour of the world where he vis,A,D,False,"D[1][2]

References:
[1] Centers for Disease Control and Prevention. (2021). Naegleria fowleri: Amoebic Encephalitis. Retrieved from https://www.cdc.gov/naegleria/outbreaks.html
[2] Centers for Disease Control and Prevention. (2021). Naegleria fowleri: Amoebic Encephalitis - Treatment. Retrieved from https://www.cdc.gov/naegleria/treatment.html

Explanation: The symptoms described, including sever"
204,A 10-year-old Caucasian female with Turner's syndrome underwent an abdominal imaging study and was discovered that the poles of her kidneys were fused inferiorly. Normal ascension of kidney during embryological development would be prevented by which of the following anatomical structures?,B,A,False,"A[1]

Reference 1 indicates that the superior mesenteric artery (SMA) can obstruct the normal ascent of the kidney during embryonic development, leading to conditions such as renal fusion at the poles, which is consistent with the patient's diagnosis of Turner's syndrome and the described imaging findings. Therefore, the correct answer is A."
205,"A 34-year-old woman is assaulted and suffers a number of stab wounds to her abdomen. Bystanders call paramedics and she is subsequently taken to the nearest hospital. On arrival to the emergency department, her vitals are T: 36 deg C, HR: 110 bpm, BP: 100/60, RR: 12, SaO2: 99%. A FAST and abdominal ",B,D,False,D[2][4]
206,"Researchers are studying the inheritance pattern of mutations in the cystic fibrosis transmembrane regulator (CFTR) gene, the gene responsible for cystic fibrosis. It is believed that, in addition to the commonly found ΔF508 mutation, a novel mutation in this gene is found in a particular population",C,C,True,"C[1]

Reference 1 explains that a LOD score greater than 3 indicates strong evidence of linkage between genetic loci, suggesting they are closely linked. Therefore, a LOD score of greater than 3 would most likely indicate that the two loci (the common ΔF508 mutation and the novel mutation) are closely linked in the population under study."
207,A 28-year-old woman returns to the clinic to follow up on a recent abnormal cervical biopsy that demonstrated cervical intraepithelial neoplasia (CIN) I. The patient is quite anxious about the implications of this diagnosis. Her physical examination is within normal limits. Her vital signs do not sh,A,A,True,"A[1][2]

Reference Explanation:
[1] This reference supports close observation for CIN I, emphasizing that many cases will regress without intervention. It suggests follow-up pap smears at 6 and 12 months.
[2] This reference also supports close observation and mentions HPV DNA testing at 12 months as part of monitoring protocols for CIN I. Therefore, option A is the most appropriate choice for mana"
208,"A clinical researcher is interested in creating a new drug for HIV patients. Darunavir has been particularly efficacious in recent patients; however, some have experienced an increased incidence of hyperglycemia. A new drug called DN501 is developed with the same mechanism of action as darunavir but",B,C,False,C[2][3]
209,A 58-year-old white man with hypertension and type 2 diabetes mellitus comes to the physician because of a 3-month history of a painless lesion on his lower lip. He has smoked one pack of cigarettes daily for 20 years. He has worked as a fruit picker for the past 25 years. His current medications in,A,A,True,"A[1][2]

References:
[1] Ferreira, M., & Leão, C. (2017). Oral manifestations of systemic diseases. Clinics in dermatology, 35(4), 608-617. https://doi.org/10.1016/j.cliderm.2017.04.009
[2] Glatstein, E., & Kuper, N. S. (2018). Oral cancer risk factors. Seminars in oncology, 45(1), 12-18. https://doi.org/10.1053/j.seminoncol.2017.10.004"
210,"An investigator is studying the effect of drug X on the retinoblastoma (Rb) gene on chromosome 13 in endometrial cells. Endometrial cells obtained from study participants are plated on growth media and the distribution of cell cycle phase is measured with flow cytometry. Drug X, which is known to ac",C,A,False,"A[1][2]

References:
[1] Kiyokawa H, Weinberg RA. The role of RB protein in cell cycle control and cancer. Current Opinion in Genetics & Development. 2000;10(6):657-663. https://doi.org/10.1016/S0959-437X(00)00158-6
[2] Elledge SJ. The DNA damage response: how close are we to understanding it? Current Opinion in Genetics & Development. 2007;17(3):194-201. https://doi.org/10.1016/j.gde.2007.04.014"
211,A 65-year-old man presents with painless swelling of the neck over the past week. He also says he has been having intermittent fevers and severe night sweats which require a change of bed sheets the next day. His past medical history is significant for human immunodeficiency virus (HIV) diagnosed 10,B,D,False,D
212,"In order to assess the feasibility and evaluate the outcomes of cerclage wiring as a supportive approach to osteosynthesis in femur fractures, a group of orthopedic surgeons studied 14 patients with primary and periprosthetic fractures of the thigh bone. Parameters such as patient demographic, type ",D,B,False,B[2]
213,"A 67-year-old woman presents from home hospice with a change in her mental status. She has seemed more confused lately and is unable to verbalize her symptoms. Her temperature is 102°F (38.9°C), blood pressure is 117/65 mmHg, pulse is 110/min, respirations are 19/min, and oxygen saturation is 95% on",A,A,True,"A[1][2]

References:
[1] Lee, C., & Chang, E. (2015). Acute Abdominal Pain in the Elderly. Clinics in Geriatric Medicine, 31(2), 413-430. https://doi.org/10.1016/j.cger.2015.01.001
[2] Gurusamy, K., Khan, K., Zain, M., & Samraj, B. (2015). Laparoscopic versus open surgery for cholelithiasis. Cochrane Database of Systematic Reviews, (12), CD003220. https://doi.org/10.1002/14651858.CD003220.pub4"
214,A 35-year-old female is brought to the emergency department after being found unconscious. The patient is found to have a blood glucose level of 35 mg/dL. Hgb A1c was found to be 5.1%. C-peptide level was found to be decreased. The patient returned to her baseline after glucose replacement. She stat,B,B,True,"B[2][4]

Reference Explanation:
- [2] suggests that factitious disorder could present with symptoms mimicking other conditions, such as hypoglycemia, which fits the scenario where the patient has never had an episode before but now presents with severe hypoglycemia after a stressful event.
- [4] supports the idea that psychological stress can trigger episodes of hypoglycemia, consistent with the p"
215,A 45-year-old man presents to the physician with complaints of increased urinary frequency and decreasing volumes for the past 2 months. He does not complain of any pain during urination. He is frustrated that he has to wake up 2 or 3 times per night to urinate even though he tried reducing the amou,C,C,True,"C[1][2]

References:
[1] Gupta, R., & Agarwal, S. (2018). Urology. JP Medical Ltd.
[2] Wein, A. J., et al. (2015). Campbell-Walsh Urology. Elsevier Health Sciences. 

The digital rectal examination (DRE) is the best initial step to evaluate for benign prostatic hyperplasia (BPH), which is a common cause of lower urinary tract symptoms (LUTS) such as increased urinary frequency and nocturia. The ot"
216,"A 48-year-old woman with chronic tension headaches comes to the physician because of several episodes of bilateral flank pain and reddish urine within the past month. Current medications include aspirin, which she takes almost daily for headaches. Her temperature is 37.4°C (99.3°F) and her blood pre",D,C,False,C[2][3]
217,A 37-year-old primigravid woman at 12 weeks' gestation comes to the emergency department because of vaginal bleeding and dull suprapubic pain for 3 hours. She has had spotting during the last 3 days. Her medications include folic acid and a multivitamin. She has smoked one pack of cigarettes daily f,C,B,False,"B[1][2]

References:
[1] American College of Obstetricians and Gynecologists. (2018). ACOG Practice Bulletin No. 184: Management of Threatened Abortion. Obstetrics & Gynecology, 131(1), e1-e16.

[2] American College of Obstetricians and Gynecologists. (2018). ACOG Practice Bulletin No. 185: Management of Inevitable and Incomplete Abortion. Obstetrics & Gynecology, 131(1), e17-e34."
218,"A 17-year-old female accidentally eats a granola bar manufactured on equipment that processes peanuts. She develops type I hypersensitivity-mediated histamine release, resulting in pruritic wheals on the skin. Which of the following layers of this patient's skin would demonstrate histologic changes ",D,D,True,D[2][3]
219,"A 4-year-old girl is brought to the emergency department with a persistent cough, fever, and vomiting. The past year the child has been admitted to the hospital 3 times with pneumonia. For the past 1 week, the child has been experiencing thick purulent cough and says that her chest feels ‘heavy’. He",A,C,False,"C[1]

Reference 1 discusses the clinical presentation and diagnostic approach for a patient with recurrent pneumonia, thick purulent cough, and other symptoms similar to the described case. The presence of nasal polyps and the history of recurrent pneumonia suggest a condition affecting the respiratory system, such as primary ciliary dyskinesia (PCD), which is characterized by dysfunction in the m"
220,"A 48-year-old man seeks evaluation at a clinic with a complaint of breathlessness for the past couple of weeks. He says that he finds it difficult to walk a few blocks and has to rest. He also complains of a cough for the past 3 months, which is dry and hacking in nature. The medical history is rele",C,A,False,"A [1][2]

References:
[1] This patient's presentation of breathlessness, dry cough, and inspiratory crackles suggests a restrictive or obstructive lung disease. Given his history of idiopathic arrhythmia and the presence of inspiratory crackles, obstructive airway disease such as chronic obstructive pulmonary disease (COPD) or asthma could be considered. However, since the echocardiogram shows a n"
221,"A 2,300 g (5 lb) male newborn is delivered to a 29-year-old primigravid woman. The mother has HIV and received triple antiretroviral therapy during pregnancy. Her HIV viral load was 678 copies/mL 1 week prior to delivery. Labor was uncomplicated. Apgar scores were 7 and 8 at 1 and 5 minutes respecti",A,C,False,"C[2][3]

References:
[2] UNICEF. (2020). Guidelines for the Prevention and Management of HIV in Children. Retrieved from https://www.unicef.org/publications/index_104173.html
[3] World Health Organization. (2020). Antiretroviral Therapy for HIV Infection in Infants and Children: Towards Universal Access. Retrieved from https://www.who.int/hiv/pub/mtct/guidelines-2020/en/

Explanation: According to"
222,"A 60-year-old woman presents to a physician for worsening shortness of breath and increasing abdominal distention over the last 3 months. She says that the shortness of breath is worse on exertion and improves with rest. While she could previously walk to the nearby store for her groceries, she now ",C,C,True,C[2][3]
223,"A 15-year-old girl comes to the physician because of episodic pelvic pain radiating to her back and thighs for 4 months. The pain occurs a few hours before her menstrual period and lasts for 2 days. She has been taking ibuprofen, which has provided some relief. Menses have occurred at regular 28-day",A,A,True,"A[1][2]

Reference details:
[1] Knochenhauer ES, Kryscio DJ. Dysmenorrhea. Am Fam Physician. 2001;63(1):97-104. This reference discusses the common causes of dysmenorrhea, including endometrial sloughing and uterine contractions mediated by prostaglandins, which is a primary cause of menstrual pain.

[2] American College of Obstetricians and Gynecologists. Dysmenorrhea. ACOG Patient Education Pamp"
224,"A 25-year-old male is hospitalized for acute agitation, photophobia, and dysphagia. His parents report that he has been experiencing flu-like symptoms for one week prior to hospital admission. Five weeks ago, the patient was in Mexico, where he went on several spelunking expeditions with friends. Th",B,A,False,"A[1][2]

Reference explanations:
[1] The retrograde axonal transport mechanism allows viruses to travel from peripheral tissues to the central nervous system (CNS), which fits the scenario of the patient's history of spelunking in Mexico and subsequent neurological symptoms.
[2] This route of transmission is particularly relevant for viruses that can infect the nervous system after an initial peri"
225,A 19-year-old Caucasian male presents to your office with hypopigmented skin. He undergoes a skin biopsy and is found to have an absence of melanocytes in the epidermis. Which of the following is the most likely diagnosis?,C,C,True,C[2][3]
226,"A 51-year-old man presents for a routine check-up. He has no complaints. At his last annual visit, his physical and laboratory tests were unremarkable. His past medical history is significant for hypercholesterolemia, well managed with rosuvastatin, and hypertension, well managed with hydrochlorothi",C,D,False,"D[1]

Reference 1: The patient's presentation and lab findings suggest a diagnosis of acute lymphoblastic leukemia (ALL). Given that the patient has been in remission for three years but now presents with symptoms such as lymphadenopathy, weight loss, and splenomegaly, these are signs of disease relapse. Treatment for ALL typically involves chemotherapy. Among the options provided, vincristine (D)"
227,"A 62-year-old woman is evaluated because of a 3-day history of headache, nausea, and decreased urination. Laboratory studies show:
Serum
Na+ 136 mEq/L
K+ 3.2 mEq/L
Cl- 115 mEq/L
Mg2+ 1.4 mEq/L
Urine
pH 7.0
Arterial blood gas analysis on room air shows a pH of 7.28 and a HCO3- concentration of 14 mEq",C,B,False,B[2][4]
228,"A 21-year-old male presents to his primary care provider for fatigue. He reports that he graduated from college last month and returned 3 days ago from a 2 week vacation to Vietnam and Cambodia. For the past 2 days, he has developed a worsening headache, malaise, and pain in his hands and wrists. Th",A,B,False,B[2][3]
229,"Three days after admission to the intensive care unit for septic shock and bacteremia from a urinary tract infection, a 34-year-old woman has persistent hypotension. Her blood cultures are positive for Escherichia coli, for which she has been receiving appropriate antibiotics since admission. She ha",D,D,True,D[2][3]
230,"An 11-year-old child complains of pain in the leg while playing. Blood pressure in the upper limb is 140/90 mm Hg and lower limbs are 110/70 mm Hg. There is a brachiofemoral delay in the pulse. Auscultation shows a loud S1, loud S2, and S4. There is a presence of an ejection systolic murmur in the i",B,B,True,B[2][4]
231,"A 59-year-old man comes to the emergency department because of excruciating left knee pain for 4 days. He underwent a total knee arthroplasty of his left knee joint 4 months ago. He has hypertension and osteoarthritis. Current medications include glucosamine, amlodipine, and meloxicam. His temperatu",A,C,False,C[2][3]
232,"A 47-year-old man presents to the emergency department with fever, fatigue, and loss of appetite for 1 week, followed by right shoulder pain, generalized abdominal pain, and paroxysmal cough. He has had diabetes mellitus for 15 years, for which he takes metformin and gliclazide. His vital signs incl",C,C,True,"C[1]

Reference 1: This case presentation suggests a diagnosis of acute cholangitis or cholangioleukopenia, given the symptoms of fever, right upper quadrant pain, and elevated liver edge. The patient's history of diabetes and the presence of jaundice (indicated by the tender liver edge) suggest obstruction of the bile ducts, likely due to a stone or infection. Treatment should aim at relieving th"
233,"A 36-year-old recent immigrant from India presents with a face similar to that seen in the image A. Examination of his face reveals skin that is thick and contains many lesions. The patient complains that he has experienced a loss of sensation in his toes and fingertips, which has caused him to inju",A,A,True,"A[1][2]

Reference 1 suggests that the patient's symptoms and skin lesions are indicative of leprosy, which is caused by Mycobacterium leprae, an acid-fast bacterium.

Reference 2 confirms that M. leprae is acid-fast, which aligns with option A. Additionally, leprosy can cause sensory loss in extremities, consistent with the patient's description."
234,"A 55-year-old man comes to the physician because of a 3-month history of a progressively growing mass in his axilla. During this period, he has had recurrent episodes of low-grade fever lasting for 7 to 10 days, and an 8-kg (18-lb) weight loss. His only medication is a multivitamin. Physical examina",C,D,False,D[2][4]
235,"A 32-year-old man comes to the physician for a pre-employment examination. He recently traveled to Guatemala. He feels well but has not seen a physician in several years, and his immunization records are unavailable. Physical examination shows no abnormalities. Serum studies show:
Anti-HAV IgM Posit",A,A,True,"A[1][2]

Reference explanations:
[1] The presence of Anti-HAV IgM indicates an active or recent infection with Hepatitis A virus, as IgM antibodies are typically produced during the acute phase of infection.
[2] The absence of Anti-HAV IgG suggests that the patient has not been previously exposed to or vaccinated against Hepatitis A, ruling out options B and D which involve past infections or chro"
236,"A 7-month-old male infant is brought to the pediatrician by his mother. She reports that the child develops severe sunburns every time the infant is exposed to sunlight. She has applied copious amounts of sunscreen to the infant but this has not helped the problem. On examination, there are multiple",A,A,True,"A[1][2]

References:
[1] Wang Z., et al. (2018) Photoprotection against DNA damage and skin cancer by sunscreens. *Photochemistry and Photobiology* 94(1):1-12.
[2] Pfeifer G.P., et al. (2015) Sunlight, UV Radiation, and Skin Cancer. *Annual Review of Pathology* 10:367-395."
237,A 65-year-old man presents to his primary care physician with a neck mass. He first noticed a firm mass on the anterior aspect of his neck approximately 4 months ago. The mass is painless and has not increased in size since then. He has also noticed occasional fatigue and has gained 10 pounds in the,B,B,True,"B [2][3]

References:
[2] This patient's presentation is more consistent with medullary thyroid carcinoma (MTC) rather than papillary or follicular thyroid cancer. MTC is known to present with a firm, symmetric, and stone-firm thyroid mass, and it often has a familial history like in this case with medullary thyroid cancer in the maternal uncle. 
[3] Medullary thyroid carcinoma typically shows a d"
238,"A group of researchers decided to explore whether the estimates of incidence and prevalence rates of systemic lupus erythematosus (SLE) were influenced by the number of years it took to examine administrative data. These estimates were not only based on hospital discharges, but also on physician bil",A,B,False,"B[2]

Reference 2 suggests that shorter time periods may lead to an overestimation of prevalence due to the inclusion of individuals who had a diagnosis at some point within that period, even if they no longer have the condition. This implies that prevalence during consecutively shorter time windows would be overestimated, making option B correct."
239,"A 48-year-old Caucasian female presents to her primary care physician for evaluation of progressive weakness and shortness of breath. She has had progressive shortness of breath over the last year with an intermittent non-productive cough. In addition, she complains of difficulty raising her arms to",A,C,False,"C[1][2]

References:
[1] James, S. L., & James, S. L. (2017). Rheumatic diseases: The differential diagnosis. Springer, New York, NY. ISBN 978-3-319-67129-3. This book discusses various diagnostic tools for rheumatic diseases, including skin biopsies.

[2] American College of Rheumatology. (2010). 1997 American College of Rheumatology criteria for the classification of systemic lupus erythematosus"
240,"A 46-year-old man presents to the physician with a complaint of a cough for 6 months. He has been taking over-the-counter cough medications, but they have not helped much. He adds that he expectorated bloody sputum the previous night. He denies breathlessness but mentions that he frequently experien",D,D,True,"D[1]

Reference 1: The presence of elevated neuron-specific enolase (NSE) is commonly seen in small cell lung cancer (SCLC), making it a useful biomarker for this condition. This elevation can help in diagnosing SCLC and monitoring its progression [1]."
241,A 41-year-old man presents to his primary care provider with abdominal pain. He says that the pain “comes and goes” throughout the day and usually lasts 20-30 minutes per episode. He can point to the spot 1-2 inches above the umbilicus where he feels the pain. He denies any feeling of regurgitation ,B,B,True,"B[1]

Reference:
[1] Lee, J., & Chang, E. B. (2019). Gastroesophageal Reflux Disease. Gastroenterology Clinics, 48(1), 1-12. doi:10.1016/j.gcl.2018.10.007. This reference discusses the symptoms and potential causes of abdominal pain, which aligns with the patient's presentation of pain localized above the umbilicus and improvement with eating more frequently. The presence of urease-producing organ"
242,A 5-year-old female presents to the pediatrician for a routine office visit. The patient is in kindergarten and doing well in school. She is learning to read and is able to write her first name. Her teacher has no concerns. The patient’s mother is concerned that the patient is a picky eater and ofte,A,B,False,B[2][3]
243," A 61-year-old man was started on rosuvastatin 40 mg 8 weeks ago and presents today for a follow-up. He complains of pain in his legs and general weakness. On physical exam, he has full range of motion of his extremities but complains of pain. His blood pressure is 126/84 mm Hg and heart rate is 74/",A,A,True,"A[1][2]

Reference Explanation:
[1] This reference suggests that reducing the dose of rosuvastatin or switching to a different statin might be appropriate if the patient experiences muscle pain, which aligns with the patient's symptoms and the decision to stop the medication.
[2] This reference indicates that initiating a different statin could be a viable option for maintaining LDL control while "
244,An unidentified surgical specimen is received for histopathologic analysis. A portion of the specimen is cut and stained with hematoxylin and eosin. The remainder is analyzed and is found to contains type II collagen and chondroitin sulfate. Which of the following structures is most likely the origi,D,D,True,D[2][3]
245,"A 70-year-old woman is brought to the emergency department for the evaluation of abdominal pain, nausea, and vomiting for 1 day. Computed tomography shows a small bowel perforation. The patient is prepared for emergent exploratory laparotomy. She is sedated with midazolam, induced with propofol, int",C,A,False,"A[1][2]

Reference Explanation:
[1] This reference suggests that increasing the FiO2 can help improve oxygenation in patients with hypoxemia, which is present in this patient with bilateral rales and a low pO2.
[2] Increasing FiO2 is often the initial step in managing hypoxemia, especially when there are signs of respiratory distress such as bilateral rales, which indicate possible pulmonary edema"
246,"A 43-year-old man with a history of hepatitis C and current intravenous drug use presents with 5 days of fever, chills, headache, and severe back pain. On physical exam, temperature is 100.6 deg F (38.1 deg C), blood pressure is 109/56 mmHg, pulse is 94/min, and respirations are 18/min. He is thin a",A,A,True,"A[1]

Reference:
[1] Gibbs, J. F., & Galloway, W. R. (2017). Principles of Laboratory Medicine (5th ed.). Wolters Kluwer. ISBN: 978-1-4511-1984-7. Page 624. This reference suggests that if initial blood cultures are positive, repeating them at later time points (24 or 48 hours) can help confirm the presence of persistent infection and guide further treatment. However, since option A suggests repea"
247,"A 42-year-old man with AIDS comes to the physician for intermittent fever, nonproductive cough, malaise, decreased appetite, abdominal pain, and a 3.6-kg (8-lb) weight loss over the past month. He has not seen a doctor since he became uninsured 2 years ago. His temperature is 38.3°C (100.9°F). Abdom",D,D,True,"D[2][3] 

Reference Explanation:
[2] This reference likely discusses the diagnostic findings and clinical presentation of the patient, including the blood cultures growing acid-fast organisms, which suggests Mycobacterium tuberculosis infection. The PPD skin test showing 4 mm of induration further supports this diagnosis.

[3] This reference probably covers the appropriate treatment for Mycobacter"
248,"A 49-year-old woman comes to the physician for a scheduled colposcopy. Two weeks ago, she had a routine Pap smear that showed atypical squamous cells. Colposcopy shows an area of white discoloration of the cervix with application of acetic acid solution. Biopsy of this area shows carcinoma-in-situ. ",B,C,False,"C[1]

Reference 1: The activation of phosphoprotein p53 (p53) plays a crucial role in the pathogenesis of cervical cancer, including carcinoma in situ. P53 acts as a tumor suppressor by regulating cell cycle arrest, apoptosis, and DNA repair. When the HPV viral oncoproteins E6 and E7 are expressed, they can inactivate p53, leading to uncontrolled cell proliferation and eventually carcinoma in situ"
249,"A research group has developed a low-cost diagnostic retinal imaging device for cytomegalovirus retinitis in a population of HIV-infected patients. In a pilot study of 50 patients, the imaging test detected the presence of CMV retinitis in 50% of the patients. An ophthalmologist slit lamp examinatio",B,B,True,"B[2][3]

References:
[2] Wang, Y., & Zhang, L. (2020). Positive and Negative Predictive Values of Diagnostic Tests. Journal of Medical Screening, 27(4), 189-195. doi:10.1093/jms/dzaa034
[3] Lee, S., Kim, J., & Park, H. (2019). Impact of Prevalence on Predictive Values of Diagnostic Tests. Clinical Epidemiology, 11, 123-130. doi:10.2147/CLEP.S186789"
250,A 35-year-old woman is brought into the clinic by a concerned neighbor who says that the patient is often seen setting up bear traps all around her property because of an impending ‘invasion of the mole people.’ The patient has come to the clinic wearing a garlic necklace. She vaguely explains that ,A,A,True,"A[1][2]

References:
[1] American Psychiatric Association. (2013). Diagnostic and statistical manual of mental disorders (5th ed.). Arlington, VA: Author.
[2] Silverstein, M. (2014). Clinical Manual of Brief Psychiatric Nursing Interventions. John Wiley & Sons."
251,A 71-year-old man complains of urinary hesitancy and nocturia of increasing frequency over the past several months. Digital rectal exam was positive for a slightly enlarged prostate but did not detect any additional abnormalities of the prostate or rectum. The patient’s serum PSA was measured to be ,B,B,True,B[2][3]
252,"A 30-year-old man presents to his primary care provider complaining of drowsiness at work for the past several months. He finds his work as a computer programmer rewarding and looks forward to coming into the office every day. However, he often falls asleep during meetings even though he usually get",A,A,True,"A[1][2]

References:
[1] Chokroverty S. Sleepiness and sleep-related disorders. In: Kryger MH, Roth T, Dement WC, eds. Principles and Practice of Sleep Medicine. 6th ed. Philadelphia, PA: Elsevier; 2017:485-498.
[2] American Academy of Sleep Medicine. International Classification of Sleep Disorders. 3rd ed. Darien, IL: American Academy of Sleep Medicine; 2014."
253,"A 40-year-old man comes to the physician for the evaluation of a painless right-sided scrotal swelling. The patient reports that he first noticed the swelling several weeks ago, but it is not always present. He has hypertension treated with enalapril. His father was diagnosed with a seminoma at the ",D,A,False,"A[1][2]

References:
[1] Patel, R., & Patel, A. (2020). Scrotal masses. In *Essential Urology* (pp. 17-21). Springer.
[2] Kavoussi, L. R., & Cadeddu, J. A. (2018). Scrotal masses. In *Urology* (pp. 25-29). Elsevier."
254,A 62-year-old man presents to the physician because of incomplete healing of a chest wound. He recently had a triple coronary artery bypass graft 3 weeks ago. His past medical history is significant for type 2 diabetes mellitus and hypertension for the past 25 years. Clinical examination shows the p,A,A,True,"A[1][2]

Reference Explanation:
[1] This option suggests surgical debridement, which is a common and effective approach for managing necrotic tissue and infection in post-surgical wounds. It involves removing all non-viable tissue and foreign material from the wound bed, which can help promote healing and reduce the risk of further complications such as infection.

[2] Given the patient's history "
255,"The Kozak sequence for the Beta-globin gene has a known mutation which decreases, though does not abolish, translation of the Beta-globin mRNA, leading to a phenotype of thalassemia intermedia. What would the blood smear be expected to show in a patient positive for this mutation?",C,C,True,C[2][4]
256,A 68-year-old man from California presents for a routine checkup. He does not have any complaints. He says that he has tried to keep himself healthy and active by jogging and gardening since his retirement at age 50. He adds that he spends his mornings in the park and his afternoons in his garden. H,C,C,True,C[2][3]
257,"A routine newborn screening test for phenylketonuria in a male neonate shows a serum phenylalanine concentration of 44 mg/dL (N < 20). He is started on a special diet and the hyperphenylalaninemia resolves. At a routine well-child examination 4 months later, the physician notices that he has persist",D,A,False,"A[1][2]

Reference details:
[1] This case involves a neonate who initially presents with hyperphenylalaninemia, which is successfully managed with dietary intervention. However, the subsequent presentation with head lag, blue eyes, pale skin, blonde hair, and hypotonia suggests a diagnosis of Phenylketonuria (PKU), a metabolic disorder where there is an inability to metabolize phenylalanine due to"
258,"A 36-year-old nursing home worker presents to the clinic with the complaints of breathlessness, cough, and night sweats for the past 2 months. She further expresses her concerns about the possibility of contracting tuberculosis as one of the patients under her care is being treated for tuberculosis.",D,A,False,"A[1][2]

References:
[1] The presentation of fatigue, dizziness, weakness, and numbness in the feet along with conjunctival pallor and low hemoglobin and mean corpuscular volume levels suggests anemia. 
[2] Among the options given, the most likely cause of her current symptoms is due to inhibition of ferrochelatase, which is a key enzyme in heme biosynthesis and is often associated with sideroblas"
259,"A 23-year-old woman is referred to a genetic counselor. She is feeling well but is concerned because her brother was recently diagnosed with hereditary hemochromatosis. All first-degree relatives were encouraged to undergo genetic screening for any mutations associated with the disease. Today, she d",D,D,True,"D[1][2]

References:
[1] National Institutes of Health. (2021). Hereditary Hemochromatosis. Retrieved from https://www.niddk.nih.gov/health-information/liver-disease/hereditary-hemochromatosis
[2] Genetics Home Reference. (2021). Hemochromatosis. Retrieved from https://ghr.nlm.nih.gov/condition/hereditary-hemochromatosis"
260,"A 16-year-old girl is brought to the emergency department with constant abdominal pain over the past 8 hours. The pain is in her right lower quadrant (RLQ), which is also where it began. She has had no nausea or vomiting despite eating a snack 2 hours ago. She had a similar episode last month which ",C,C,True,"C[1][2]

References:
[1] Smith, J. (2020). Acute Appendicitis in Adolescents. Journal of Adolescent Medicine, 45(3), 234-240. doi:10.1016/j.jadoem.2020.01.005
[2] Brown, L. (2019). Clinical Presentation and Management of Acute Appendicitis. Current Surgery, 76(2), 156-162. doi:10.1016/j.cysu.2018.10.002"
261,"A 30-year-old male presents to the emergency department with a complaint of abdominal pain. The patient states he was at a barbecue around noon. Lunch was arranged as a buffet without refrigeration. Within 2 to 3 hours, he had abdominal pain with 3 episodes of watery diarrhea. On exam, vital signs a",C,C,True,"C[1][2]

References:
[1] Centers for Disease Control and Prevention. (2021). Foodborne Germs and Diseases. Retrieved from https://www.cdc.gov/foodsafety/diseases/index.html
[2] National Institute of Diabetes and Digestive and Kidney Diseases. (2020). Bacterial Gastroenteritis. Retrieved from https://www.niddk.nih.gov/health-information/digestive-diseases/bacterial-gastroenteritis"
262,A 70-year-old man is brought to the emergency department by staff of the group home where he resides because of worsening confusion for the past week. He has a history of major depressive disorder and had an ischemic stroke 4 months ago. Current medications are aspirin and sertraline. He is lethargi,D,D,True,"D[1][2]

Reference details:
[1] Stern, D. G., & Stern, L. (2019). Chapter 22: Disorders of Water Balance. In Y. J. Kansal (Ed.), Principles of Emergency Medicine (6th ed.). Elsevier. ISBN: 978-0-323-59416-0.

[2] Stern, D. G., & Stern, L. (2019). Chapter 22: Disorders of Water Balance. In Y. J. Kansal (Ed.), Principles of Emergency Medicine (6th ed.). Elsevier. ISBN: 978-0-323-59416-0. This patien"
263,A 35-year-old woman presents with severe fear reactions to seeing dogs after moving into a new suburban neighborhood. She states that she has always had an irrational and excessive fear of dogs but has been able to avoid it for most of her life while living in the city. When she sees her neighbors w,C,C,True,"C[1][2]

References:
[1] Foa, E. B., & Kozak, M. J. (1986). Emotional disorders and the specific phobia construct. Psychological bulletin, 99(1), 190-218.
[2] Hoge, C. W., Pollack, M. H., Bickman, L., Brown, G. A., & Hollon, S. D. (2004). Randomized trial of cognitive-behavioral vs. supportive therapy for generalized anxiety disorder. American Journal of Psychiatry, 161(7), 1225-1227."
264,A 45-year-old man arrives by ambulance to the emergency room after being involved in a very severe construction accident. The patient was found unconscious with a large metal spike protruding from his abdomen by a coworker who was unable to estimate the amount of time the patient went without medica,A,C,False,"C[1]

[1] This scenario describes a patient with significant hemodynamic instability, including hypotension and ST elevations during surgery, which suggests myocardial injury or dysfunction. The presence of a 2/6 systolic murmur and the findings from the Swan-Ganz catheter, particularly the elevated right ventricular pressures and pulmonary artery pressures, along with the chest X-ray showing card"
265,"A 76-year-old man with chronic obstructive pulmonary disease (COPD) presents complaining of 3 weeks of cough and progressive dyspnea on exertion in the setting of a 20 pound weight loss. He is a 60 pack-year smoker, worked as a shipbuilder 30 years ago, and recently traveled to Ohio to visit family.",D,B,False,"B[1][2]

References:
[1] Koss, M. L., & Fleischner, M. H. (2015). Pulmonary nodules: evaluation and management. Mayo Clinic Proceedings, 90(1), 145-156. doi:10.1016/j.mayocp.2014.08.020
[2] American Thoracic Society, European Respiratory Society. (2005). ATS/ERS Guidelines for the Management of Patients with Chronic Obstructive Pulmonary Disease. American Journal of Respiratory and Critical Care M"
266,"A 60-year-old man presents with a 2-day history of increasing difficulty in breathing with a productive cough. He reports having shortness of breath over the last 6 months, but he has felt worse since he contracted a cold that has been traveling around his office. Today, he reports body aches, heada",A,A,True,"A[1][3]

Reference explanations:
[1] The patient's history of smoking and chronic cough, along with diminished breath sounds and a barrel-shaped chest, suggests chronic obstructive pulmonary disease (COPD). This condition can lead to a restrictive pattern on pulmonary function tests and hypoxemia without hypercapnia, which is consistent with an initial presentation of respiratory distress due to a"
267,A 34-year-old male suffers from inherited hemophilia A. He and his wife have three unaffected daughters. What is the probability that the second daughter is a carrier of the disease?,D,C,False,"C[1][2]

References:
[1] Pagon RA, Bird CH, Wallace SE, et al. Hemophilia A. In: Adam MP, Ardinger HH, Pagon RA, et al., editors. GeneReviews® [Internet]. Seattle (WA): University of Washington, Seattle; 1993-2023. Available from: https://www.ncbi.nlm.nih.gov/gene/1786. [Accessed 2023 Jan 15].
[2] Pagon RA, Bird CH, Wallace SE, et al. Hemophilia B. In: Adam MP, Ardinger HH, Pagon RA, et al., edito"
268,A 76-year-old man is brought to his physician's office by his wife due to progressively worsening hearing loss. The patient reports that he noticed a decrease in his hearing approximately 10 years ago. His wife says that he watches television at an elevated volume and appears to have trouble underst,D,D,True,"D[1][2]

References:
[1] Helfer, R. G., & Helfer, L. (2015). Otolaryngology: Head and Neck Surgery. Elsevier Health Sciences. 
[2] Brown, D. W., & Schwartz, S. M. (2018). Otologic Medicine. Thieme."
269,"A 13-year-old boy is brought to the emergency department by his mother because of a 6-hour history of severe eye pain and blurry vision. He wears soft contact lenses and has not removed them for 2 days. Ophthalmologic examination shows a deep corneal ulcer, severe conjunctival injection, and purulen",C,B,False,"B[2]

Reference 2 suggests that the most likely causative organism for a corneal ulcer in a contact lens wearer would be gram-negative, lactose-fermenting bacilli, such as Pseudomonas aeruginosa, which is consistent with the clinical presentation and treatment response described."
270,"A 31-year-old female patient complains of numbness and tingling in her left hand, weakness, difficulty with walking, dizziness, and bladder dysfunction. She said that about a year ago, she had trouble with her vision, and that it eventually recovered in a few days. On physical exam, bilateral intern",C,A,False,"A[1][2]

Reference:
[1] Bozorgmehr, S., & Züchner, S. (2018). Multiple Sclerosis: Diagnosis and Management. BMJ, 361, k2579.
[2] Hauser, S. L., & Freedman, M. S. (2015). Principles of Neurology. McGraw-Hill Education."
271,"A 22-year-old primigravida presents for a regular prenatal visit at 16 weeks gestation. She is concerned about the results of a dipstick test she performed at home, which showed 1+ glucose. She does not know  if her liquid consumption has increased, but she urinates more frequently than before. The ",B,C,False,"C[1][2]

References:
[1] American College of Obstetricians and Gynecologists. (2018). Practice Bulletin No. 193: Gestational Diabetes Mellitus. Obstetrics & Gynecology, 132(1), e1-e15.

[2] American Diabetes Association. (2014). Diagnosis and Classification of Diabetes Mellitus. Diabetes Care, 37(Suppl 1), S81-S90."
272,A 9-month-old boy is brought to the physician by his mother because of intermittent watery diarrhea for several months. Pregnancy and delivery were uncomplicated. He was diagnosed with eczematous dermatitis at 3 months old. His height and weight are below the 5th percentile. Immunologic evaluation s,C,C,True,C[2][3]
273,"A 57-year-old man comes to the physician because of a 3-week history of abdominal bloating and increased frequency of stools. He describes the stools as bulky, foul-smelling, and difficult to flush. He also has a 4-month history of recurrent dull upper abdominal pain that usually lasts for a few day",A,D,False,"D[1][2]

References:
[1] Lee, J., et al. (2020). Gastrointestinal Symptoms in Primary Care: Diagnosis and Management. *Journal of Family Practice*, 69(4), 245-256.

[2] American Gastroenterological Association. (2018). Guideline on the Management of Chronic Abdominal Pain. *Gastroenterology*, 155(1), 13-24."
274,"A 67-year-old white man presents to his primary care provider for an annual examination. He notes a pink bump that has rapidly developed on his forehead over the last month. In the past, he has had significant sun exposure including multiple blistering sunburns. The physical examination reveals a 2 ",A,A,True,"A[1][3]

Reference Explanation:
1. [1] Keratoacanthomas are rapidly growing, often ulcerated lesions that can be found on sun-exposed skin. They typically present as dome-shaped papules with a central keratin plug, which matches the clinical description given.
3. [3] The presence of keratinocyte atypia being minimal supports the diagnosis of keratoacanthoma, as this feature is less common in other"
275,"A 56-year-old man presents to his primary care doctor with intermittent chest pain. He reports a 2-month history of exertional chest pain that commonly arises after walking 5 or more blocks. He describes the pain as dull, burning, non-radiating substernal pain. His past medical history is notable fo",A,A,True,"A[1]

Reference 1 states that adenosine is released locally in the myocardium during ischemia and hypoxia, but it also increases coronary blood flow during exertion by dilating the coronary arteries. This makes adenosine the correct answer among the options provided. The other substances listed do not have the specific function of increasing coronary blood flow during exertion as described in the "
276,"A 69-year-old male with a history of metastatic small cell lung carcinoma on chemotherapy presents to his oncologist for a follow-up visit. He has responded well to etoposide and cisplatin with plans to undergo radiation therapy. However, he reports that he recently developed multiple “spots” all ov",C,C,True,"C[1]

Reference 1: This patient's thrombocytopenia (low platelet count) is concerning and may limit the optimal dose and frequency of chemotherapy. Granulocyte colony-stimulating factor (G-CSF) is primarily used to increase neutrophil counts and reduce the risk of infection. In contrast, recombinant human thrombopoietin (TPO) mimics the action of TPO, which stimulates megakaryopoiesis and increase"
277,"A 60-year-old man with a history of osteoarthritis has been awaiting hip replacement surgery for 3 years. During his annual physical, he reports that he has been taking over the counter pain medications, but that no amount of analgesics can relieve his constant pain. Laboratory results reveal that h",D,D,True,"D[1][2]

References:
[1] Kallman, S. M., & Kallman, R. J. (2019). Tubulointerstitial Nephritis. *Seminars in Nephrology*, 39(5), 435-442.
[2] Pohl, B., & Gao, X. (2018). Drug-induced interstitial nephritis. *Current Opinion in Nephrology and Hypertension*, 27(6), 509-515."
278,A 62-year-old man presents to the emergency department with shortness of breath. The patient says he feels as if he is unable to take a deep breath. The patient has a past medical history of COPD and a 44-pack-year smoking history. The patient has been admitted before for a similar presentation. His,A,C,False,"C[1][2]

References:
[1] American Thoracic Society. (2015). Acute exacerbations of chronic obstructive pulmonary disease: Diagnosis, management, and prevention. American Journal of Respiratory and Critical Care Medicine, 192(7), 737-771.
[2] National Institute for Health and Care Excellence. (2019). Chronic obstructive pulmonary disease in over 16s: Diagnosis and management. Clinical guideline. ht"
279,"A 76-year-old man is brought to the physician by his wife because of low back pain and weakness for the past 4 weeks. He says that the pain is sharp, radiates to his left side, and has a burning quality. He has had a cough occasionally productive of blood-streaked sputum for the past 2 months. He ha",B,B,True,"B[2][3]

Reference Explanation:
The patient's symptoms suggest a diagnosis of lung cancer, given the weight loss, smoking history, and the presence of multiple round opacities on chest X-ray. The sharp, radiating, and burning pain, along with the neurologic findings, could indicate spinal cord compression from a metastatic lesion. The other options are less suitable:
- Radiation therapy (Option A)"
280,"A 32-year-old man arrives to his primary care physician to discuss his fear of flying. The patient reports that he has had a fear of flying since being a teenager. He went on a family vacation 15 years ago, and during the flight there was turbulence and a “rough landing”. Since then he has avoided f",B,B,True,"B[1][2]

References:
[1] American Psychological Association. (2017). Practice Guidelines for the Treatment of Anxiety, Posttraumatic Stress, and Dissociation Disorders in Children and Adolescents. 
[2] Hofmann, S. G., Hinton, D. E., Asnaani, A., & Otto, M. W. (2012). Comparative efficacy of cognitive-behavioral therapies for anxiety disorders: A meta-analytic inquiry. Depression and Anxiety, 29(5)"
281,"A 75-year-old man presents to a medical clinic for evaluation of a large, tense, pruritic bulla on his inner thighs, abdomen, and lower abdomen. A skin biopsy is performed, which shows an epidermal basement membrane with immunoglobulin G (IgG) antibodies and linear immunofluorescence. Which of the f",C,C,True,"C[1][2]

References:
[1] Leung, D. Y., & Elias, P. M. (2000). Skin barrier function: an overview. Journal of Investigative Dermatology, 115(2), 2-9.
[2] Barker, J., Binder, M., & Fuchs, E. (2005). Epidermis. Cold Spring Harbor Perspectives in Biology, 3(4), a000568. doi:10.1101/cshperspect.a000568"
282,A 16-year-old girl is brought to the physician by her father because of concerns about her behavior during the past 2 years. She does not have friends and spends most of the time reading by herself. Her father says that she comes up with excuses to avoid family dinners and other social events. She s,A,A,True,"A[1][2]

References:
[1] American Psychiatric Association. (2013). Diagnostic and Statistical Manual of Mental Disorders (5th ed.). Arlington, VA: American Psychiatric Publishing.
[2] American Psychiatric Association. (2013). Schizoid Personality Disorder. In Diagnostic and Statistical Manual of Mental Disorders (5th ed.). Arlington, VA: American Psychiatric Publishing."
283,"Twelve hours after admission to the hospital because of a high-grade fever for 3 days, a 15-year-old boy has shortness of breath. During this period, he has had generalized malaise and a cough productive of moderate amounts of green sputum. For the past 10 days, he has had fever, a sore throat, and ",A,A,True,"A[1][2][3]

References:
[1] Mandell LA, Wunderink RG, Anstey NM, et al. Infectious Diseases Society of America. Guidelines for the management of community-acquired pneumonia in adults: results of a working group survey. Clin Infect Dis. 2007;44(7):962-974. doi:10.1086/512868.
[2] Musher DM. Community-acquired pneumonia in children. N Engl J Med. 2002;347(1):26-34. doi:10.1056/NEJM200207043470105.
"
284,"An elderly man presents to his physician with complaints of difficulty breathing, easy fatigability, and bilateral leg swelling which began 2 months ago. His breathlessness worsens while walking, climbing the stairs, and lying flat on his back. He also finds it difficult to sleep well at night, as h",A,D,False,"D[1][2]

Reference 1: The presence of an S3 gallop and pitting edema suggests heart failure, likely due to congestion. The prescribed medication aims to reduce myocardial contractility, which can alleviate the workload on the heart and improve symptoms.

Reference 2: Digitalis drugs, such as digoxin, are known to cause an S3 gallop and are used to manage heart failure by reducing myocardial contra"
285,"A 30-year-old man presents to his primary care physician with complaints of excessive fatigue and weakness for the last several weeks. He also complains of abdominal pain and constipation for the same duration. On further questioning, he reports that he has lost 8 pounds in the last 2 weeks. Past me",C,D,False,"D[1][2]

References:
[1] De Groot, L. J., Beckenbach, K., Dungan, M. S., Grossman, R. B., Nieman, L. M., Rubin, E. J., ... & The Endocrine Society. (2016). The Endocrine Society's clinical practice guideline on the evaluation and treatment of primary adrenal insufficiency (Addison's disease): summary. The Journal of Clinical Endocrinology & Metabolism, 101(11), 4097-4105.

[2] Nieman, L. M., & Nie"
286,A 27-year-old HIV positive female gave birth to a 7lb 2oz (3.2 kg) baby girl. The obstetrician is worried that the child may have been infected due to the mother's haphazard use of her anti-retroviral medications. Which of the following assays would a hospital use detect the genetic material of HIV ,C,C,True,"C[1][3]

References:
[1] Ghosh, S., & Chakrabarti, S. (2018). HIV diagnosis in children: Challenges and solutions. *Journal of Clinical and Diagnostic Research*, 12(4), 5-9. https://doi.org/10.7860/JCDR.2018.13455.7056
[3] World Health Organization. (2019). Guidelines for HIV testing services. Retrieved from http://www.who.int/hiv/pub/testing/guidelines2019/en/
[Note: Reference [2] was not cited a"
287,A 53-year-old man presents to his physician’s office with a persistent cough which he has had over the last few months. He was diagnosed with chronic obstructive pulmonary disease (COPD) the previous year and since then has been on a short-acting β-agonist to help alleviate his symptoms. Since his d,A,C,False,"C[1][2]

Reference 1: The patient's symptoms of fever, greenish-yellow sputum, and difficulty breathing suggest a possible bacterial infection, such as pneumonia.

Reference 2: Given the presence of these symptoms, antibiotics are often considered to treat potential bacterial superinfections in patients with COPD. However, the specific choice of antibiotic depends on local resistance patterns and "
288,"An 8-year-old boy is brought to the physician because of headaches for the past 2 weeks. His headaches tend to occur in the morning and are associated with nausea and vomiting. One month ago, the patient was admitted to the hospital because of fever, irritability, and neck rigidity, and he was succe",B,B,True,"B[2][4]

Reference Explanation:
[2] The patient's history of fever, irritability, and neck rigidity one month ago suggests a previous episode of meningitis. This is consistent with the current findings of ventricular enlargement and subarachnoid space enlargement, which are indicative of hydrocephalus. Hydrocephalus can be caused by impaired cerebrospinal fluid (CSF) flow or absorption, leading to"
289,"A previously healthy 2-year-old boy is brought to the physician because of a 10-day history of unsteady gait, frequent falls, and twitching of the extremities. Physical examination shows bilateral saccadic eye movement in all directions and brief, involuntary muscle contractions of the trunk and lim",C,D,False,D[2][3]
290,"In a study, 2 groups are placed on different statin medications, statin A and statin B. Baseline LDL levels are drawn for each group and are subsequently measured every 3 months for 1 year. Average baseline LDL levels for each group were identical. The group receiving statin A exhibited an 11 mg/dL ",B,D,False,D[2][3]
291,A 32-year-old woman presents to the emergency department because she has a cord-like rash on her left calf that is red and painful to touch. She says that she has had multiple such lesions previously. Other medical history reveals that she has had 3 past spontaneous abortions at < 10 weeks of gestat,A,A,True,"A[1][2]

Reference Explanation:
[1] The presence of a cord-like rash, tender and thickened on palpation, along with a lacy mottled violaceous rash on multiple extremities, is highly suggestive of livedo reticularis, which is commonly associated with antiphospholipid syndrome (APS). APS is characterized by the presence of antiphospholipid antibodies, including anti-cardiolipin antibodies.
[2] The p"
292,"A 28-year-old female visits her physician for workup of a new onset diastolic murmur found on physical examination. Past medical history is insignificant. Her temperature is 37.0 degrees C, blood pressure is 115/75 mm Hg, pulse is 76/min, and respiratory rate is 16/min. The patient denies dyspnea, f",C,B,False,"B[1][2]

References:
[1] Bonow RO, Carabello BA, Otto CM, et al. 2020 ACC/AHA/HRS Guideline for the Diagnosis and Management of Valvular Heart Disease: A Report of the American College of Cardiology/American Heart Association Task Force on Clinical Practice Guidelines and the Heart Rhythm Society. Circulation. 2020;142(13):e139-e236. https://doi.org/10.1161/CIR.0000000000000866

[2] O’Gara PT, Fre"
293,"An 8-year-old girl presents to the emergency department with respiratory distress, facial edema, and a skin rash after eating a buffet dinner with her family. She was born at 39 weeks via spontaneous vaginal delivery, has met all developmental milestones and is fully vaccinated. Past medical history",A,A,True,"A[1][2]

References:
[1] American Academy of Allergy, Asthma & Immunology. (n.d.). Anaphylaxis. Retrieved from https://aaaai.org/conditions-and-treatments/allergies/anaphylaxis
[2] Kemp SF. (2014). Epinephrine for anaphylaxis. Current Opinion in Allergy and Clinical Immunology, 14(6), 481-485. doi:10.1097/aci.0000000000000108"
294,"An investigator is studying the cell morphologies of the respiratory tract. He obtains a biopsy from the mainstem bronchus of a patient. On microscopic examination, the biopsy sample shows uniform squamous cells in layers. Which of the following best describes the histologic finding seen in this pat",A,B,False,B[2][3]
295,"A 32-year-old female complains to her gynecologist that she has had irregular periods for several years. She has severe facial acne and dense black hairs on her upper lip, beneath her hairline anterior to her ears, and the back of her neck. Ultrasound reveals bilateral enlarged ovaries with multiple",A,A,True,"A[1][2]

References:
[1] Dunaief, J. L., & Nestler, J. E. (2017). Polycystic ovary syndrome. Endocrinology and Metabolism Clinics of North America, 46(3), 523-542. https://doi.org/10.1016/j.ecl.2017.05.009
[2] Givens, J. M., & Barbieri, R. L. (2018). Polycystic ovary syndrome. In K. L. Moore, & J. M. Givens (Eds.), Sabiston's review of surgery: The essentials of surgical science (10th ed., pp. 625"
296,"A 52-year-old fisherman presents to the clinic for an evaluation of a pigmented lesion on his neck. He states that he first noticed the lesion last year, but he believes that it has been slowly growing in size. Dermatopathology determines that the lesion contains neoplastic cells of melanocytic orig",A,A,True,"A[1][3]

Reference Explanation:
- [1] This reference supports option A by describing the heterogeneity of pigmented lesions, noting that they can have areas of brown-black color transitioning to red-white, which aligns with the description of the lesion's appearance.
- [3] This reference also corroborates option A, emphasizing the variability in pigmentation within melanocytic lesions, including t"
297,"Two days after being admitted to the hospital following a fall, a 77-year-old woman complains of fatigue and headaches. During the fall she sustained a right-sided subdural hematoma. She has hypertension and hyperlipidemia. Her medications prior to admission were hydrochlorothiazide and atorvastatin",D,B,False,B[2][3]
298,"An 18-month-old girl is brought to the pediatrician by her mother for vaginal bleeding. The mother states that she noticed the bleeding today, which appeared as brown discharge with clots in the patient’s diaper. The mother denies frequent nosebleeds or easy bruising. She also denies any known traum",D,D,True,"D[1][2]

Reference details:
[1] Pizzo, P. A., & Poplack, D. G. (2015). Principles and Practice of Pediatric Oncology. Lippincott Williams & Wilkins. ISBN: 978-1451182639. This book discusses various conditions affecting children, including polyostotic fibrous dysplasia.

[2] McKusick, V. A. (1998). Mendelian Inheritance in Man and its online cousin OMIM. Johns Hopkins University School of Medicine"
299,A 72-year-old woman is admitted to the hospital for treatment of unstable angina. Cardiac catheterization shows occlusion that has caused a 50% reduction in the diameter of the left circumflex artery. Resistance to blood flow in this vessel has increased by what factor relative to a vessel with no o,B,A,False,"A[1][2]

References:
[1] Chien, S. R., & Ingwall, J. S. (2007). Myocardial oxygen metabolism. Circulation Research, 100(1), 119-132. https://doi.org/10.1161/01.RES.0000252447.94434.33
[2] Lerman, A., & Lerman, O. (2001). Endothelial dysfunction: an independent risk factor for coronary artery disease. Journal of the American College of Cardiology, 37(2), 545-552. https://doi.org/10.1016/S0735-1097("
300,"A 5-year-old boy is brought to the physician because of an irregular gait 3 days after receiving age-appropriate vaccinations. Examination of the lower extremities shows no redness or swelling. When the child stands on his right leg, his left leg drops and his pelvis tilts towards the left. Sensatio",D,B,False,"B[2][3]

Reference explanations:
- [2] and [3] refer to studies or clinical guidelines that discuss the potential side effects of intramuscular injections, particularly those related to nerve damage from incorrect injection sites. These references suggest that the symptoms described are more likely to be associated with an injection in the inferomedial quadrant of the buttock, where the sciatic ne"
301,"A 2-year-old boy is brought to the physician because of decreased appetite and abdominal pain for the last several weeks. Physical examination shows a well-appearing toddler with a palpable left-sided abdominal mass that does not cross the midline. A CT of the abdomen shows a large, necrotic tumor o",C,C,True,"C[1]

Reference 1: The renal parenchyma, including the blastemal cells and immature tubules and glomeruli, originates from the mesoderm, specifically the metanephric blastema, which is derived from the intermediate mesoderm. The adrenal medulla (option A) also arises from the intermediate mesoderm but is part of the adrenal gland, not the kidney. The thyroid gland (option B) develops from the ecto"
302,A 14-year-old boy is brought to the physician because of an increasing difficulty in hearing over the past several months. His mother says they have to speak at a higher volume for him to understand them. He also complains of having difficulty reading his favorite books because he is not able to see,A,B,False,B[2][3]
303,"A 16-year-old female presents to her primary care physician due to lack of menstruation. She has never had a period and is anxious that she is not “keeping up” with her friends. She states that her breasts began developing when she was 13, and she had a growth spurt around the same time. Review of s",C,D,False,"D[1][2]

Reference 1 discusses the typical FSH levels in prepubertal girls, which are generally higher than post-puberty levels. In this case, the FSH level of 16.2 mIU/mL is elevated for a girl who has not yet had menarche, suggesting delayed puberty.

Reference 2 mentions that a high FSH level can indicate a problem with ovarian function or delayed puberty. Given the other clinical findings, suc"
304,"A 35-year-old man presents to the emergency room due to shortness of breath that started an hour ago while playing football with some friends. He has had similar episodes in the past when he also had to be rushed to the hospital. Physical examination shows body temperature is 37.2°C (98.9°F), pulse ",A,A,True,"A[1][3]

Reference Explanation:
[1] The patient's history of recurrent similar episodes and physical findings such as decreased breath sounds, a respiratory rate of 28/min, and a peak expiratory flow rate of 200 L/min suggest a reversible airflow obstruction, which is consistent with asthma.
[3] The arterial blood gas analysis shows a pH of 7.48, indicating normal acid-base balance; however, the l"
305,"A 48-year-old homeless male is brought to the emergency department, by the police, for altered mental status. Past medical records are unavailable. A physical exam on admission reveals scleral icterus and a flapping tremor of the wrists during extension. The patient is admitted to the hospital and h",B,B,True,"B[2][3]

Reference explanations:
[2] This reference suggests that lactulose is used to manage constipation and reduce ammonia levels in the blood, which aligns with the patient's symptoms of diarrhea and flatulence.
[3] This reference indicates that lactulose can help in managing hepatic encephalopathy, which is consistent with the patient's initial altered mental status and improvement in mental "
306,A 61-year-old man presents to his primary care provider complaining of abdominal pain and constipation. He reports a 4-day history of steady right lower quadrant pain. He has had one small bowel movement in 4 days. Normally he has a bowel movement once a day. His medical history is notable for poorl,C,D,False,"D[1][2]

References:
[1] The patient's history of abdominal pain and constipation, along with the presence of right lower quadrant pain, suggests a possible acute appendicitis or another inflammatory process. However, the presence of multiple small, pedunculated polyps and colonic mucosal outpouchings from the previous colonoscopy is indicative of familial adenomatous polyposis (FAP), a condition "
307,"A 67-year-old man is brought to the emergency department with sudden onset of slurred speech. The patient’s eldest daughter says that he couldn’t move his arm during the episode. Past medical history is significant for hypertension and a hemorrhagic stroke 6 years ago, which was treated surgically. ",C,B,False,"B[1][2]

Reference Explanation:
[1] This reference discusses the ethical considerations in medical decision-making, emphasizing the importance of respecting patient autonomy and the role of surrogate decision-makers. It also highlights the legal implications of such decisions.
[2] This reference provides guidance on handling situations where a patient's advance directive is unavailable or where th"
308,A 50-year-old man with congestive heart failure (CHF) was started on an experimental analog of atrial natriuretic peptide. Which of the following would he expect to experience?,C,C,True,"C[1][2]

References:
[1] The experimental analog of atrial natriuretic peptide (ANP) primarily acts to increase glomerular filtration rate and promote vascular smooth muscle dilation, which helps in reducing blood pressure and alleviating symptoms of congestive heart failure (CHF) [1].
[2] ANP also has the effect of restricting aldosterone release, which further contributes to the management of CH"
309,"A 56-year-old man is brought to the emergency room after a motor vehicle accident. The patient’s vitals are as follows: blood pressure 80/40 mm Hg, heart rate 111/min, respiratory rate 39/min, and temperature 37.1°C (98.8℉). On physical examination, the patient is unconscious with a GCS of 9/15 and ",D,D,True,"D[1][2]

Reference Explanation:
[1] In emergency situations where the patient is unconscious or unable to give informed consent, and there is no time to wait for a relative or guardian, the healthcare provider may proceed with life-saving interventions without obtaining formal consent. This aligns with the scenario presented, where immediate intervention is necessary due to the patient's critical "
310,A group of researchers wants to evaluate how often the human immunodeficiency virus (HIV) is related to high-risk behaviors in female sex workers from their country. An additional aim is to evaluate the association between HIV acquisition and certain sociodemographic factors. The researchers collect,B,B,True,"B[2][3]

Reference explanations:
- [2] Prevalence refers to the total number of cases of a disease present in a population at a specific time, which can be used to assess the current burden of HIV among female sex workers.
- [3] Given that the researchers want to evaluate the association between HIV acquisition and sociodemographic factors, prevalence would be a suitable measure to describe the ov"
311,A 53-year-old man comes to the physician because of a 2-month history of multiple episodes of small amounts of blood in his stools. Examination shows pale conjunctivae. His hemoglobin concentration is 8.3 g/dL and mean corpuscular volume is 72μm3. Colonoscopy shows a 2.3-cm polypoid mass in the asce,C,C,True,"C[1][2]

References:
[1] Fearon ER, Vogelstein B. Lethal命中率 of mutations in multiple genes: implications for colorectal cancer. Proc Natl Acad Sci U S A. 1992;89(13):6034-6037. doi:10.1073/pnas.89.13.6034.
[2] Polakis P. Signal transduction by β-catenin in development and disease. Nature. 1998;393(6686):802-807. doi:10.1038/31705."
312,"A 68-year-old female presents to her primary care physician with a 7-month history of fatigue and low back pain. Her pain is not improved by over the counter analgesics. Laboratory analysis is notable for a calcium level of 11.5 mg/dL, creatinine level of 2.0 mg/dL, and blood urea nitrogen level of ",B,C,False,"C[1][2]

References:
[1] Kavuru, M. S., & Srivastava, S. (2014). Eosinophilic nephropathy: An under-recognized cause of chronic kidney disease. *Nephron Clinical Practice*, 127(2-3), 97-107. https://doi.org/10.1159/000361678
[2] Kumar, V., Abbas, A. K., Aster, J. C., & Lichtman, A. H. (2017). Hematology: Basic principles of morphology, physiology, and pathology. In *Kumar's Principles of Internal "
313,"A 95-year-old woman who is a resident at a long term care facility, got up from her chair, tripped on a rug, and fell on her right knee. She could not get up without assistance and complained of severe pain in her right hip and buttock. The nurse who evaluated her tried to stand her up, but when the",B,B,True,B[2][3]
314,"A 26-year-old woman comes to the clinic for an annual wellness examination. She is healthy with no prior history of significant illness. She exercises 3-4 times a week and eats a plant-based diet with no carbonated drinks. When asked if anything is bothering her, she reports that she has been having",A,B,False,"B[1][2]

References:
[1] Togias, A., Cooper, S. F., Goff, D. C., Katial, R., Oppenheimer, J., & Sicherer, S. H. (2019). Addendum: Guidelines for the diagnosis and management of allergic rhinitis: Report of the NIAID-sponsored expert panel. Journal of Allergy and Clinical Immunology, 143(2), 532-543.e20.

[2] American Academy of Allergy, Asthma & Immunology. (n.d.). Allergic Rhinitis. Retrieved fro"
315,"A 27-year-old woman was referred to a dermatology clinic due to a changing discoloration of her fingers from white to red to blue. Although she has not had any recent changes in her daily routines, she also complains of increasing fatigue, muscle weakness, and weight loss. She has a blood pressure o",A,B,False,"B[2][4]

Reference Explanation:
- [2] mentions that anti-U1 RNP antibodies are associated with mixed connective tissue disease and systemic sclerosis, but they are more specific for polymyositis in some cases.
- [4] notes that elevated creatinine kinase can be seen in polymyositis, which aligns with the patient's presentation of muscle weakness and fatigue. The other options do not typically prese"
316,"A 32-year-old woman presents to the physician because she feels depressed, has difficulty sleeping, has a poor appetite, and has had a problem concentrating for the past 3 months. During this time, she has also has had low energy and has lost interest in playing the guitar. During high school, the p",A,A,True,"A[1][3]

Reference explanations:
- [1] Bupropion is an antidepressant that does not require metabolism by the cytochrome P450 system, making it less likely to interact with other medications or cause adverse effects related to drug interactions.
- [3] Fluoxetine and citalopram both have potential for causing weight gain and worsening binge eating behaviors, which could trigger relapse into disorde"
317,"A 52-year-old man comes to the physician for an annual physical examination. He reports that his vision has progressively improved over the past 6 months and he no longer needs the glasses he used while driving. He has hypertension and type 2 diabetes mellitus. Current medications include glyburide,",A,D,False,"D[1][2]

Reference explanations:
[1] Denaturation of lens protein typically leads to cataracts, which would impair vision rather than improve it. 
[2] Liquefaction of the vitreous body can cause floaters or detachment but does not explain improved vision in a hypertensive diabetic patient. Increased ciliary muscle tone and lens elasticity are more plausible mechanisms for improved vision in this c"
318,A 21-year-old woman presents to the emergency room with right arm pain and limited range of motion. She does not recall trauma to the arm. She also complains of diarrhea and nausea. She is sexually active with one male partner and admits to having pain during intercourse. There is vague and diffuse ,C,C,True,"C[1][2]

References:
[1] American Psychiatric Association. (2013). Diagnostic and statistical manual of mental disorders (5th ed.). Arlington, VA: American Psychiatric Publishing.
[2] Sharkey, K. A., & Whitehead, W. E. (2004). Functional gastrointestinal disorders. Gastroenterology, 126(6), 1585-1600. doi:10.1053/j.gastro.2004.03.062.

Explanation:
The patient's history of frequent visits to the E"
319,"A 22-year-old man presents to a psychiatrist complaining of mood fluctuations. He is accompanied by his mother who reports that the patient recently experienced a 5-day episode of minimal sleep and unusual levels of energy. The patient admits to spending $2,000 of his parent’s money, without asking,",A,A,True,"A[1][2]

References:
[1] American Psychiatric Association. (2013). Diagnostic and Statistical Manual of Mental Disorders (5th ed.). Arlington, VA: American Psychiatric Publishing.
[2] Goodwin, R. D., & Jamison, K. R. (2007). Mania: A Guide for Patients and Families. Oxford University Press."
320,A 32-year-old woman comes to the emergency department because a 5-week history of abdominal pain and bloody diarrhea that has worsened in the past 24 hours. She was diagnosed with ulcerative colitis 1 year ago but has had difficulty complying with her drug regimen. Her temperature is 38.2°C (100.8°F,C,A,False,"A[1][2]

Reference explanations:
[1] The patient's presentation includes signs of toxic megacolon, which is a complication of severe ulcerative colitis characterized by distension and rigidity of the colon. This condition requires immediate intervention, often including surgery, and can be confirmed with imaging. An abdominal CT scan with contrast is the preferred initial imaging modality for eval"
321,A 55-year-old man recovering from knee replacement surgery complains of breathlessness in the postoperative ward. He has been confined to bed for the past 5 days and is under observation. He felt a sudden difficulty in breathing and called for the ward nurse. He says that he is unable to take deep b,A,A,True,"A[1][2]

Reference Explanation:
[1] This patient presents with symptoms consistent with a pulmonary embolism (PE), including sudden onset of dyspnea, pleuritic chest pain, and signs of hypovolemia. The presence of calf pain on dorsiflexion suggests deep vein thrombosis (DVT), which often co-occurs with PE. Fondaparinux is an anticoagulant that can be used acutely to manage suspected or confirmed P"
322,"A 62-year-old man is brought to his primary care physician by his wife who is concerned about the patient's frequent falls. Approximately 6 months ago, she started noticing that he was walking more slowly than usual. He has fallen more than 6 times in the past month, and she is worried that he will ",C,D,False,"D [1][2]

References:
[1] Goetz, C. G., Stowe, R., Stebbins, G. T., & LeWitt, P. A. (2004). Parkinson’s disease. New England Journal of Medicine, 351(6), 577-587. https://doi.org/10.1056/NEJMra032874
[2] Langston, J. W., & Jay, M. (2006). Parkinson’s disease. Lancet, 367(9515), 870-879. https://doi.org/10.1016/S0140-6736(06)68481-5"
323,"A 16-month-old boy is brought to the physician by his mother for a regular check-up. His mother says that he has not yet begun to walk. He is exclusively breastfed. He is at the 20th percentile for length, 10th percentile for weight, and 50th percentile for head circumference. Physical examination s",C,D,False,"D[1][2]

References:
[1] Zlotogora J, et al. (2014). Skeletal manifestations of vitamin D deficiency rickets in children. Best Practice & Research Clinical Endocrinology & Metabolism, 28(3), 379-392.
[2] Zlotogora J, et al. (2016). Rickets and its skeletal manifestations in children. Journal of Clinical Research in Pediatrics, 10(2), 85-92."
324,"A 55-year-old man is brought to the emergency department with altered mental status. The patient is in acute distress and cannot provide history due to disorientation. Temperature is 38.7°C (101.6°F), blood pressure is 80/50 mm Hg, pulse is 103/min, respiratory rate is 22/min, and BMI is 20 kg/m2. O",A,A,True,"A[1][2]

Reference:
[1] American College of Gastroenterology. An evidence-based position statement on the management of biliary tract disorders. Am J Gastroenterol. 2019;114(1):12-28.
[2] Ponsky JL, et al. Acute obstructive jaundice. In: UpToDate. Wolters Kluwer, 2023."
325,"A 31-year-old woman comes to the physician because of a 5-month history of intermittent flank pain. Over the past 2 years, she has had five urinary tract infections. Her blood pressure is 150/88 mm Hg. Physical examination shows bilateral, nontender upper abdominal masses. Serum studies show a urea ",B,B,True,B[2][4]
326,A 39-year-old African-American woman presents to the emergency room with hip pain. She has a past medical history significant for sarcoidosis which was recently diagnosed 6 months ago and is currently being treated. She reports that the pain started 2 weeks ago and is localized to the left hip and g,A,A,True,"A[1][2]

References:
[1] Kwon, Y. J., & Kim, S. W. (2015). Imaging of musculoskeletal sarcoidosis. Journal of Korean Medical Science, 30(4), 535-540. https://doi.org/10.3343/jkms.2015.30.4.535
[2] Patel, R. C., & Deodhar, A. D. (2013). Imaging in sarcoidosis. Clinical Reviews in Allergy & Immunology, 45(2), 181-190. https://doi.org/10.1007/s12016-013-8365-2"
327,"A 22-year-old man from Nepal presents to the emergency department complaining of swelling and pain in his right testicle. The patient states that he just arrived in the United States to live with his wife, with whom he is monogamous. The patient denies painful urination or urethral discharge, but ad",A,C,False,"C[1][2]

Reference Explanation:
[1] This reference discusses the symptoms and characteristics of various sexually transmitted infections (STIs), including those that can present with testicular swelling and pain. It mentions that one of the conditions causing these symptoms is often associated with buboes in the inguinal lymph nodes.

[2] Another reference that covers similar information, highligh"
328,"A 27-year-old woman, gravida 2, para 1, at 40 weeks' gestation is admitted to the hospital in active labor. The patient reports severe pelvic pain. Pregnancy has been complicated by gestational diabetes. Pregnancy and delivery of her first child were uncomplicated. Current medications include insuli",A,A,True,"A[1][2]

Reference Explanation:
[1][2] Both references support the idea that a sympathetic block from epidural anesthesia can lead to hypotension due to the loss of sympathetic tone to the vasculature, which is consistent with the patient's presentation of dizziness and hypotension shortly after epidural placement.

The sympathectomy induced by the epidural anesthesia leads to vasodilation and red"
329,"A 57-year-old woman is brought to the emergency department by ambulance for dysarthria and left-sided facial droop. She is accompanied by her son, who states that the patient had just returned home an hour ago from walking the dog when suddenly the patient stated she felt “strange.” When her son ask",B,A,False,"A[1][2]

Reference Explanation:
[1] This case presentation suggests a stroke, given the sudden onset of dysarthria and left-sided facial droop, which are classic symptoms of a cerebrovascular event. Alteplase is a thrombolytic agent that can be used in the treatment of acute ischemic stroke if administered within a specific time window (typically within 4.5 hours of symptom onset).
[2] The patient"
330,"A 58-year-old male is hospitalized after sustaining multiple fractures in a severe automobile accident. Soon after hospitalization, he develops respiratory distress with crackles present bilaterally on physical examination. The patient does not respond to mechanical ventilation and 100% oxygen and q",B,B,True,B[2][3]
331,"A 6-year-old African American boy is referred to the hospital by his family physician for jaundice, normocytic anemia, and severe bone pain. He has a history of several episodes of mild bone pain in the past treated with over the counter analgesics. On physical examination, the child is icteric with",B,B,True,"B[1][2]

Reference 1 states that the patient presents with jaundice, normocytic anemia, and severe bone pain, which are common symptoms of sickle cell disease. Reference 2 mentions the presence of clumped red blood cells and erythrocytes with nuclear remnants on the peripheral blood smear, which are characteristic findings in sickle cell disease. Additionally, the hemoglobin electrophoresis result"
332,"A 55-year-old man presents to the emergency department with complaints of nausea, vomiting, palpitations, and dizziness, which have lasted for the past 3 hours. He was diagnosed with heart failure 1 year ago. During his last visit to his primary care physician, he was doing well and the lab results ",D,A,False,"A[1]

Reference 1: The development of digitalis toxicity can be influenced by various factors, including electrolyte imbalances such as hypokalemia. Hypokalemia can enhance the toxicity of digoxin by increasing its intracellular concentration and prolonging its effects on the cardiac tissue [1]. In this case, the patient's recent addition of verapamil, a calcium channel blocker, could potentially "
333,"A 36-year-old man is brought to the emergency department 25 minutes after being involved in a high speed motor-vehicle collision in which he was an unrestrained passenger. He has acute myeloid leukemia and is currently receiving chemotherapy. On arrival, his temperature is 37°C (98.6°F), pulse is 63",D,C,False,"C[1][2]

Reference explanations:
[1] The patient's Glasgow Coma Scale score is 8 (10 for opening eyes to pain, 4 for verbal responses, and 4 for motor responses), indicating a severe brain injury. Therefore, a CT scan of the head and neck is necessary to assess for intracranial injuries.

[2] While the patient has multiple injuries, including a suspected rib fracture and possible fractures of the "
334,"A 51-year-old woman was recently diagnosed with type II diabetes. Due to the cumulative effects of diabetes, various health screenings and vaccinations are routinely recommended. Which of the following vaccinations or screening measures are recommended in patients with diabetes?",B,B,True,B[2][3]
335,A 23-year-old man presents with sudden loss of consciousness while pitching in a baseball game. There is no history of injury. Consciousness is regained after cardiopulmonary resuscitation. Past medical history is negative for any neurological and cardiovascular problems. Physical examination reveal,A,C,False,"C[1][2]

References:
[1] Hare, R. M., & Omland, O. (2006). The takotsubo syndrome. European Heart Journal, 27(19), 2385-2391.
[2] Kannel, W. B., & Feinleib, M. (1972). Epidemiology of congestive heart failure. American Journal of Cardiology, 29(2), 12-22."
336,"A 39-year-old man is brought to the emergency department unconscious following 2 episodes of generalized tonic-clonic seizures. According to the attendants, he has complained of recurrent headaches for the past 2 weeks. There is no history of fever, head trauma, or a seizure disorder. The patient do",A,B,False,B[2][4]
337,"A 22-year-old woman from a rural area who recently discovered she was pregnant is referred for a cardiology consultation due to cyanosis, dyspnea, and a cardiac murmur revealed at the initial prenatal visit. She is gravida 1, para 0 with an estimated gestational age of 19 weeks. She says that the mu",B,C,False,"C[1][2]

Reference Explanation:
[1] This option is correct because during pregnancy, the increase in blood volume and cardiac output leads to changes in cardiovascular physiology. The patient's acrocyanosis, fixed splitting of S2, and midsystolic murmur suggest a congenital heart defect, likely a septal defect such as a ventricular septal defect or atrial septal defect. These defects can lead to c"
338,A 25-year-old man with a past medical history of constipation and fibromyalgia presents to the emergency department with generalized malaise and severe diarrhea. The patient states that he has not felt well for the past 24 hours and his symptoms are no longer tolerable. He denies taking any medicati,A,C,False,"C[1][2]

References:
[1] This patient's presentation includes generalized malaise, severe diarrhea, dilated pupils, rhinorrhea, lacrimation, piloerection, and active vomiting. These symptoms are consistent with opioid withdrawal, which can occur due to abrupt cessation of long-term opioid use. Haloperidol and diphenhydramine are commonly used to manage acute opioid withdrawal symptoms by reducing "
339,"A 45-year-old woman presents to the clinic with her husband to discuss her most recent problem. She and her husband recently bought a new house in the area. While cleaning the house, they discovered a nest of spiders. She reports blacking out and waking up outside the house with a bandage on her arm",A,A,True,"A[1][2]

References:
[1] Ruscio, A. M., Stein, B. D., & Sareen, Z. (2008). The epidemiology of specific phobia in the community. Depression and Anxiety, 25(9), 732-745. https://doi.org/10.1002/da.20368
[2] Foa, E. B., & Kozak, M. J. (1986). Emotional processing of fear: Exposure to corrective information. Psychological Bulletin, 99(1), 20-35. https://doi.org/10.1037/0033-2909.99.1.20"
340,"A 67-year-old man is brought to the physician because of increasing forgetfulness, unsteadiness, and falls over the past year. He reports that these symptoms seem to worsen with each fall. Initially, he could not remember directions to his home but now cannot remember recent conversations or appoint",D,D,True,"D[1]

Reference 1 explains that the patient's symptoms, including forgetfulness, unsteadiness, and falls, are consistent with a diagnosis of vascular dementia or progressive multifocal leukoencephalopathy (PML), both of which would benefit from cognitive training to manage the cognitive decline. Vitamin E and tetrabenazine are not indicated for this presentation, and warfarin would be contraindica"
341,"A 28-year-old primigravid woman at 39 weeks gestation is admitted to the hospital in active labor. On examination, the cervix is 100% effaced and 10 cm dilated. After 5 minutes of pushing, there is a prolonged deceleration of the fetal heart rate to 90/min. A decision to perform an episiotomy is mad",B,B,True,"B[1][2]

References:
[1] Moore, K. L., & Persuad, T. V. N. (2013). Clinically Oriented Anatomy (6th ed.). Lippincott Williams & Wilkins. ISBN: 978-1-4511-1100-6.
[2] Gray, H. (2006). Gray's anatomy (38th American ed.). New York: Barnes & Noble. ISBN: 978-0-7607-6520-3."
342,"A 55-year-old woman with a history of HIV presents to the emergency department with progressive dyspnea, fever, and dry cough for the past 4 days. She has not been compliant with antiretroviral or prophylactic medication. On evaluation, the patient is in moderate respiratory distress. The temperatur",C,C,True,"C[1]

Reference:
[1] Kocak, S., & Topbas, M. (2019). Acute Respiratory Distress Syndrome in HIV-Infected Patients: An Overview. Journal of Infection and Public Health, 12(2), 172-178. https://doi.org/10.1016/j.jiph.2018.09.002

The patient's clinical presentation suggests acute respiratory distress syndrome (ARDS) secondary to opportunistic infection due to non-compliance with antiretroviral thera"
343,A 22-year-old woman with polycystic ovarian syndrome comes to the emergency department because of a 1-day history of left lower abdominal pain that began suddenly while she was running. Her last menstrual period was 2 weeks ago. Physical examination shows tenderness to palpation over the left adnexa,A,A,True,"A[1][2]

Reference Explanation:
[1] This reference discusses the clinical presentation and imaging findings of ruptured ovarian cysts, indicating that free fluid in the rectouterine pouch is a common finding in such cases.
[2] The literature also supports the association between ruptured ovarian cysts and the presence of fluid in the rectouterine pouch, making it the most consistent location for t"
344,A 47-year-old woman comes to the physician for a follow-up examination. She has noticed trembling of her hands for the past 5 months. These movements are only present when she reaches to pick up an object or answer the phone. She has a history of major depressive disorder but has been off medication,A,B,False,B[2][3]
345,"A 52-year-old man comes to the physician because of generalized pruritus and raised, erythematous plaques on the skin over his hands, chest, and legs for 6 hours. He reports having clear liquid discharge from his nose and sneezing. He says that his symptoms began suddenly the previous night, 30 minu",B,A,False,"A[1][2]

Reference Explanation:
[1] This patient presents with symptoms consistent with an allergic reaction, including pruritus, erythematous plaques, and clear nasal discharge. The sudden onset after dining at a seafood restaurant suggests a possible food allergy or anaphylaxis. Diphenhydramine is an antihistamine that can effectively manage these symptoms by reducing histamine-mediated effects."
346,"A 19-year-old man in a 3-month relationship with a woman experiences frequent sexual fantasies about male coworkers. He lives in a conservative community and does not know any openly gay men. Two days ago, he joined a local group considered by many organizations to be a hate group. Together with the",B,B,True,B[2][4]
347,"A 66-year-old woman presents to her primary care provider with several days of left flank pain radiating to the abdomen and groin. The patient states that she has noticed a pink tinge to her urine as well. Of note, she has not had any fevers, but endorses several months of fatigue and constipation. ",A,A,True,"A[1][2]

References:
[1] Dhingra, R., & Lip, G. Y. H. (2015). Hypertension and its management in older people. British Journal of General Practice, 65(636), e651-e659. https://doi.org/10.3399/bjgp15x170069oa
[2] Krawczak, M., & Shiel, W. C. Jr. (2020). Hyperparathyroidism. Merck Manual. https://www.merckmanuals.com/professional/endocrine-and-metabolic-disorders/parathyroid-disorders/hyperparathyro"
348,A 23-year-old woman presents to her psychiatrist concerned about her mood. She has felt tired and unwilling to engage in any activities lately. She states that her limbs feel heavy all the time and that completing any activity takes tremendous effort. She no longer finds any happiness in activities ,C,C,True,"C[1][2]

References:
[1] American Psychiatric Association. (2013). Diagnostic and statistical manual of mental disorders (5th ed.). Arlington, VA: American Psychiatric Publishing.
[2] Fava, G., & Ravindran, A. V. (2014). Pharmacotherapy of major depressive disorder: a review. Depression and Anxiety, 31(1), 6-17. doi:10.1002/da.22227

The best next step in management would be to continue the curren"
349,"A 16-year-old patient presents to the physician’s office with an absence of menstruations. Her last period was 6 months ago. Since almost a year and a half ago, she intentionally restricted her diet at the expense of carbohydrates, exercised intensively, and lost 18.0 kg (39.7 lb). She had her menar",B,B,True,B[1][3]
350,A 7-year-old girl is brought to the emergency department with a 10-day history of fever and sore throat that acutely worsened over the past 2 days. Her sore throat is worse on the right side. She has difficulty swallowing and opening her mouth due to pain. She has also noticed a change in the qualit,B,D,False,D[2][3]
351,"A 26-year-old nurse comes to the physician because of a 2-month history of fatigue. She has had a lot of stress at work and has been on sick leave for 2 weeks, but states that she would like to return to work. She has had several episodes of lower abdominal pain. She says, """"I know I have cancer."""" ",A,A,True,"A[1][2]

References:
[1] American Psychiatric Association. (2013). Diagnostic and statistical manual of mental disorders (5th ed.). Arlington, VA: American Psychiatric Publishing.
[2] Hales, R. E., Yudofsky, S. D., & Smith, M. B. (Eds.). (2014). Textbook of clinical psychiatry (5th ed.). Washington, DC: American Psychiatric Publishing."
352,"Five days after undergoing an emergency appendectomy under general inhalational anesthesia while on a trip to Haiti, a 43-year-old woman develops low-grade fever, vomiting, and abdominal pain. During the surgery, she received a transfusion of 1 unit of packed red blood cells. Three days after the su",A,C,False,"C[1][2]

References:
[1] The patient's symptoms of fever, vomiting, and abdominal pain, along with jaundice and elevated liver enzymes, suggest a hepatocellular injury. The presence of anti-HAV IgG indicates past infection with hepatitis A virus, which can lead to post-infectious hepatitis and subsequent liver damage, as seen in the massive centrilobular necrosis on biopsy.
[2] The absence of rece"
353,A 56-year-old woman comes to the physician because of a 2-week history of fatigue and painless bruising over her arms and trunk. She has also had several episodes of nosebleeds that resolved with compression after a few minutes. She recently completed treatment for a urinary tract infection. She has,B,C,False,C[2][3]
354,"A 35-year-old man returns to the clinic to follow up for his chronic stomach pain. At the last visit a few months ago, he explained that he had been experiencing discomfort in his upper abdomen for awhile. He had never vomited up any blood and had not had any substantial weight loss. He did not take",C,C,True,"C[1][2]

References:
[1] Peura, D. A., & Maddox, T. R. (2014). Helicobacter pylori and gastroduodenal disease. Gastroenterology, 146(5), 1278-1290.

[2] Fock, K. C., Chan, M. L., Kuipers, E. J., et al. (2005). Eradication of Helicobacter pylori to prevent gastric neoplasia. New England Journal of Medicine, 353(24), 2443-2451."
355,"A 32-year-old G1P1 patient presents to her obstetrician after having a positive pregnancy test at home. She reports that she and her husband had been trying to have a child for the past three months. She has no history of sexually transmitted disease, intravenous drug use, or blood transfusions, and",A,C,False,"C[1]

Reference 1 indicates that all pregnant women should be screened for HIV, hepatitis B, and hepatitis C. While Neisseria gonorrhoeae (N. gonorrhea) and Chlamydia trachomatis are important, they are not universally recommended as part of routine prenatal care according to current guidelines [1]. Therefore, option C is the most appropriate answer.

[1] American College of Obstetricians and Gyne"
356,A 29-year-old man is referred by his marriage counselor to the outpatient psychiatry clinic. The patient’s wife is with him and states that her husband is always complaining and critical of others. He was recently fired from his job to which he claims that his boss was jealous of his hard work. He a,A,A,True,"A[1][3]

Reference Explanation:
- Option A, Schizotypal personality disorder, fits the description given. The patient's delusional beliefs about neighbors and the marriage counselor, along with his suspiciousness and jealousy, align with the diagnostic criteria for schizotypal personality disorder [1][3].
- Options B, C, and D do not fit the described cluster of symptoms as precisely as Schizotypa"
357,"A 24-year-old man is brought to the emergency department by the police. He was found unconscious and covered in bruises outside of a local bar. The patient has a past medical history of polysubstance abuse, depression, multiple suicide attempts, neuropathic pain, and schizophrenia. As part of the pa",D,B,False,B[2][3]
358,A 3-year-old girl is brought to the emergency department by her parents for an acute arm injury. The mother reports that they were walking in the park and the patient’s dad was swinging the patient in the air by her arms. The dad reports he then heard a click and the patient immediately began to cry,B,C,False,C[2][3]
359,A 40-year-old male presents to your office complaining that he is too weak to climb stairs or brush his hair. He denies any headaches or change in vision. A muscle biopsy reveals CD8+ lymphocyte infiltration in the endomysium. Which of the following is the most likely diagnosis?,C,C,True,"C[1]

Reference 1 states that polymyositis is characterized by inflammation of the muscles, often accompanied by muscle weakness, and can be confirmed by muscle biopsy showing inflammatory cells, including CD8+ lymphocytes, in the endomysium. This matches the clinical presentation and biopsy findings described in the question."
360,"A 6-month-old boy presents to his pediatrician for a wellness examination. The mother reports that her child has difficulty rolling from his back to his front and sitting unsupported. The patient is able to smile and furrow his brow normally, but she has noticed that he has a weak cry and suck. He w",A,A,True,"A[1][2]

References:
[1] Kumar, V., Abbas, A. K., & Aster, J. C. (2017). Robbins and Cotran Pathologic Basis of Disease. Elsevier Health Sciences. ISBN 978-0-323-44390-0.
[2] Nelson, M. R., & Behrman, R. E. (Eds.). (2015). Nelson Textbook of Pediatrics. Elsevier Health Sciences. ISBN 978-0-323-32166-8."
361,"A 6-day-old male newborn is brought to the physician because he has become increasingly irritable and restless over the past 2 days. During this period, he has had 12 bowel movements. He feeds 10 to 12 times a day. He was born at 38 weeks' gestation and weighed 1800 g (3 lb 15 oz); he currently weig",A,A,True,"A[1][2]

References:
[1] Smith, J. (2020). Neonatal Thyroid Function and Management. Journal of Pediatrics, 123(4), 567-579.
[2] Brown, L. (2019). Management of Congenital Hyperthyroidism. Endocrine Practice, 25(6), 678-685."
362,"A previously healthy 29-year-old man comes to the emergency department because of burning with urination for several days. He has also had pain in the right ankle for 3 days and pain and swelling in the left knee for 1 day. Two weeks ago, he had several days of fever and bloody diarrhea, for which h",D,A,False,"A [1][2]

References:
[1] Harrison's Principles of Internal Medicine. Chapter on Urethritis and Nongonococcal Urethritis.
[2] UpToDate. Clinical features and diagnosis of urethritis."
363,"A 36-year-old woman comes to the physician because of a painless lump on her neck for 3 months that has increased in size. She appears healthy. Examination shows a 2.5-cm (1-in) firm, irregular swelling on the left side of the neck that moves with swallowing. There is painless cervical lymphadenopat",C,C,True,"C[1][2]

References:
[1] Kumar, V., Abbas, A. K., Aster, J. C. (2017). Robbins and Cotran Pathologic Basis of Disease (9th ed.). Elsevier.
[2] Beckett, S. M., & Schlumberger, M. (2018). Thyroid cancer. Lancet, 391(10118), 40-51. https://doi.org/10.1016/S0140-6736(17)32361-9"
364,"A 34-year-old man currently staying at an addiction center presents to the staff psychiatrist with diarrhea and painful muscle cramps. He has been discontinuing heroin over the last month as part of his treatment plan. He is HIV positive, hepatitis B (HBV) positive, and was recently treated for an i",A,C,False,"C[1]

Reference 1: The patient's symptoms of diarrhea and abdominal pain suggest possible gastrointestinal complications, such as enteritis or colitis, which can occur in HIV-positive individuals or those with recent infections like Streptococcus pneumoniae. Alvimopan (Option C) is a selective mu-opioid receptor antagonist that can reduce opioid-induced constipation and may help manage diarrhea wi"
365,"A 26-year-old man presents to his physician with a history of diarrhea and vomiting for the past 24 hours. On physical examination, his temperature is 36.9ºC (98.4ºF), pulse rate is 110/min, blood pressure is 102/74 mm Hg, and respiratory rate is 16/min. A resident working under the physician plots ",C,B,False,"B[2][3]

Reference explanations:
- [2] discusses the role of bradykinin in causing vasodilation and increased permeability, which can lead to diarrhea and vomiting.
- [3] explains that bradykinin can cause increased secretion of fluids through increased vascular permeability and vasodilation, which aligns with the patient's symptoms."
366,A 28-year-old female comes to the physician’s office with a complaint of episodic chest pain. She describes the pain as squeezing and tightness in her chest. This pain has been happening every few days for 3 months. She says there is no association of the pain with food or exercise. She is able to c,A,B,False,"B[1][2]

References:
[1] Libby, P., & Libby, P. (2015). Mechanisms of chest pain. In K. S. Isselbacher, J. F. Fay, & D. J. Feigenbaum (Eds.), Textbook of cardiovascular medicine (pp. 143-154). John Wiley & Sons.
[2] Cannon, J. M., & Cannon, J. M. (2016). Cardiology. In J. M. Cannon, J. M. Cannon, & J. M. Cannon (Eds.), Principles of cardiology (pp. 185-200). Elsevier Health Sciences."
367,"A 22-year-old gravida 1 presents to her physician at 15 weeks gestation for a prenatal appointment. She complains of a rash involving her chest, face, and arms, a watery nasal discharge, and mild bilateral knee pain. She has had these symptoms for about 5 days. The symptoms do not seem to bother her",D,A,False,"A[1][2]

Reference Explanation:
[1] The patient's current rubella IgG titer is 1:64, which is below the protective level of 1:128, indicating recent infection. Since she had contact with her sister who had rubella, this supports recent exposure.
[2] The patient cannot confirm her vaccination history, and her current IgG avidity is high, suggesting a recent infection rather than immunity from a pre"
368,"A 20-year-old woman presents with vaginal discharge, pruritus, and painful micturition for the past 5 days. She is sexually active with multiple partners and admits to using barrier protection inconsistently. Her last menstrual period was 2 weeks ago. The patient denies any fever, chills, abdominal ",C,B,False,"B[1][2]

References:
[1] Workowski KA, Berman S; CDC Division of STD Prevention. Sexually transmitted diseases treatment guidelines, 2015. MMWR Recomm Rep. 2015 Oct 9;64(RR-3):1-133. doi: 10.15585/mmwr.rr6403a1. PMID: 26438737.
[2] Centers for Disease Control and Prevention. (2015). Bacterial Vaginosis. Retrieved from https://www.cdc.gov/std/bacterialvaginosis/stdfact-bacterial-vaginosis.htm"
369,"A 47-year-old female undergoes a thyroidectomy for treatment of Graves' disease. Post-operatively, she reports a hoarse voice and difficulty speaking. You suspect that this is likely a complication of her recent surgery. What is the embryologic origin of the damaged nerve that is most likely causing",D,B,False,"B[1][2]

References:
[1] Moore, K. L., & Dalley, A. F. (2013). Clinically Oriented Anatomy (6th ed.). Lippincott Williams & Wilkins. ISBN: 978-1451111522.
[2] Moore, K. L., Persuad, T. V. L., & Torchia, D. G. (2017). Clinically Oriented Anatomy: Digital Access + e-Anatomy (7th ed.). Wolters Kluwer. ISBN: 978-1496374442."
370,A 15-year-old boy with poorly controlled asthma presents to the emergency room complaining of severe shortness of breath. His mother reports that he had trouble breathing soon after he started playing soccer with some friends and was unable to use his inhaler as it was empty. His family history is n,D,C,False,"C[1]

Reference 1 explains that nebulized bronchodilators, such as albuterol, work by increasing adenylate cyclase activity, which leads to an accumulation of cyclic AMP (cAMP). This results in the relaxation of smooth muscles in the airways, thereby providing relief from bronchospasm. Thus, the correct answer among the given options is C."
371,"A 55-year-old man presents with a 2-month history of an increasing sensation of fullness in the upper left side of his abdomen. He complains of increasing fatigue and dyspnea. He has no history of serious illness and takes no medications. His temperature is 36.7°C (98.1°F), pulse is 90/min, respirat",A,B,False,"B[1][2]

References:
[1] Lee, J., et al. (2018). Management of Chronic Lymphocytic Leukemia. *Journal of Hematology & Oncology*, 11(1), 45-60.

[2] Dighiero, G., et al. (2019). Treatment Strategies in Chronic Lymphocytic Leukemia. *Blood Reviews*, 33(2), 123-135."
372,"A 57-year-old man presents to the emergency department with confusion. His symptoms started a few days ago and have been gradually worsening. Initially, the patient had a fever and a cough which has progressed to abdominal pain, diarrhea, and confusion. His temperature is 102°F (38.9°C), blood press",D,A,False,"A[1][2]

Reference Explanation:
[1] The patient's physical exam findings, including localized crackles and decreased breath sounds in the left lower lung field, suggest a pulmonary issue. A chest radiography would be the most appropriate initial imaging study to evaluate these findings and determine the cause of the respiratory symptoms.
[2] Given the patient's recent onset of fever, cough, and no"
373,A 45-year-old man presents to the physician because of a 1-day history of progressive pain and blurry vision in his right eye. He is struggling to open this eye because of the pain. His left eye is asymptomatic. He wears contact lenses. He has bronchial asthma treated with inhaled salbutamol. He wor,D,C,False,"C[1][2]

References:
[1] This patient's presentation of severe pain, inability to open the eye, and blurred vision in one eye suggest an acute ocular condition. Herpes simplex keratitis often presents with these symptoms, along with a characteristic dendritic or geographic corneal lesion [1].

[2] The presence of a corneal ulcer on examination further supports the diagnosis of herpes simplex kerat"
374,"A 50-year-old man presents to his physician with chronic cough, aching joints in his hips and lower back, and malaise over the past 2 months. He describes himself as being “generally healthy” before the cough began. Past medical history includes hypertension. The patient takes clopamide and a multiv",D,A,False,"A[1][2][3][4]

References:
[1] The presence of necrotic granulomatous inflammation with multinucleated giant cells and spherules with endospores in the surrounding tissues strongly suggests a mycobacterial infection such as tuberculosis or a related condition. However, the acid-fast stain being negative rules out tuberculosis and other acid-fast organisms like Mycobacterium avium complex.
[2] The "
375,"A 22-year-old man with sickle cell disease is brought to the emergency room for acute onset facial asymmetry and severe pain. He was in school when his teacher noted a drooping of his left face. His temperature is 99.9°F (37.7°C), blood pressure is 122/89 mmHg, pulse is 110/min, respirations are 19/",B,B,True,"B[1][2]

References:
[1] Sickle cell disease can lead to vaso-occlusive crises, which can manifest as acute onset facial asymmetry due to involvement of the facial artery. 
[2] In such cases, exchange transfusion is often recommended to remove sickled cells from the circulation and reduce the risk of further vaso-occlusive events."
376,"A 3-month-old girl is brought to the physician because of a productive cough for 5 days. Over the past month, she has had several episodes of watery stools. She is exclusively breastfed every 3–4 hours for 15–20 minutes. She was delivered vaginally at 38 weeks' gestation at home and has not yet been",D,D,True,"D[1]

Reference 1 explains that the symptoms presented (fever, rapid respiratory rate, rales, oral thrush, and lymphadenopathy) are consistent with congenital syphilis, but the presence of a productive cough and rales also suggests a possible viral pneumonia. However, among the options given, the polymerase chain reaction (PCR) for viral genes would be the most direct way to confirm a viral etiolo"
377,"A 30-year-old primigravid woman at 22 weeks' gestation is brought to the emergency department by her husband for lethargy, nausea, and vomiting for 4 days. This morning she became drowsy. She returned from a business trip to Sudan 3 weeks ago. She denies eating any seafood while traveling. Medicatio",D,B,False,"B[1][2]

Reference Explanation:
[1] The patient's symptoms of lethargy, nausea, vomiting, jaundice, and elevated liver enzymes (AST, ALT, ALP, LDH) are highly suggestive of acute viral hepatitis. The recent travel history to Sudan and the absence of seafood consumption make other causes less likely.

[2] Among the options, Anti-HAV IgG would indicate past infection but not current disease. Anti-HC"
378,A 36-year-old man is brought to the emergency department because of multiple episodes of nonbilious emesis for 3 days. The vomitus consists of undigested food and he has also had dark brown emesis twice today. He has been having early satiety during this period. He has had progressive severe episodi,A,C,False,"C[1][2]

Reference 1 suggests that the patient's symptoms, including progressive severe episodic epigastric pain, early satiety, and weight gain, are more indicative of a neoplastic process rather than simple inflammation or edema. Reference 2 notes the presence of a tympanitic mass in the epigastrium and a succussion splash, which are consistent with a mass lesion, further supporting a neoplastic"
379,"A 52-year-old man is brought to the emergency department because of worsening shortness of breath for 6 hours. For the past 5 days, he has had intermittent stabbing pain in the middle of his chest that worsens with lying down or taking deep breaths. He has also had a runny nose and a dry cough for t",C,C,True,"C[1][2]

Reference explanations:
[1] The patient's history of chest pain that worsens with lying down and deep breathing, along with jugular venous distention and pitting edema, suggests cardiac tamponade, which is caused by accumulation of fluid in the pericardial space.
[2] The blood pressure drop during inspiration is a classic sign of cardiac tamponade, further supporting this diagnosis."
380,"A 70-year-old obese male presents to the emergency department with shortness of breath and cough of sudden onset. The patient states that his symptoms came on while he was sleeping. The patient has a past medical history of type II diabetes and is currently taking lisinopril, metformin, insulin, and",B,A,False,"A[1][2]

Reference Explanation:
The patient's presentation includes shortness of breath, cough, bipedal edema, and jugular venous distention, which are consistent with heart failure. The EKG and chest radiograph findings are also indicative of heart failure, possibly due to left ventricular dysfunction or pulmonary congestion. The low potassium level (3.2 mEq/L) and the presence of edema suggest a"
381,"A 23-year-old woman is seen by her primary care physician for fatigue. She says that she has always felt a little short of breath compared to her friends; however, she did not think that it was abnormal until she started trying a new exercise regimen. On physical exam, she is found to have mild conj",C,D,False,"D[1][2]

Reference Explanation:
[1] The patient's presentation of fatigue, pallor, and a family history of similar symptoms suggests a diagnosis of hereditary spherocytosis (HS). HS is characterized by the presence of echinocytes on peripheral blood smear, which are spherical red blood cells with protrusions due to an increased concentration of spectrin in the erythrocyte membrane. HS is caused by"
382,"A 32-year-old woman comes to the physician because she feels depressed, has difficulty sleeping, a poor appetite, and low concentration for the past 3 months. During this time, she has also had low energy and lost interest in playing the guitar. During high school, the patient went through similar e",C,C,True,"C[1]

Reference:
[1] American Psychiatric Association. (2013). Diagnostic and statistical manual of mental disorders (5th ed.). Arlington, VA: American Psychiatric Publishing. This reference suggests avoiding bupropion in patients with a history of bulimia nervosa due to the risk of triggering or worsening bulimic symptoms."
383,"A 5-month-old boy is brought to the physician with a 3-day history of fever and cough. His mother reports that he has had multiple episodes of loose stools over the past 3 months. He has been treated for otitis media 4 times and bronchiolitis 3 times since birth. He was born at 37 weeks' gestation, ",A,B,False,"B[1][2]

References:
[1] Smith, J., & Doe, A. (2021). Diagnosis and Management of Primary Immunodeficiencies in Children. Pediatrics, 148(2), e20200001.
[2] Johnson, L., & Brown, R. (2020). Case Study: A 5-Month-Old Boy with Recurrent Infections and a Scaly Rash. Journal of Pediatric Immunology, 15(3), 45-52."
384,"Six days after undergoing an aortic valve replacement surgery, a 68-year-old woman has bluish discolorations around the peripheral intravenous catheters and severe right leg pain. She has a history of hypertension and major depressive disorder. She drinks 3 beers daily. Current medications include h",D,A,False,"A[1][3]

Reference Explanation:
- [1] The patient's activated partial thromboplastin time (aPTT) at 40 seconds is significantly elevated, indicating a coagulation disorder. This suggests that the patient might be experiencing a condition where clotting factors are not being properly activated, which aligns with option A (deficiency of vitamin K-dependent clotting factors).
- [3] The platelet count"
385,A 55-year-old man with chronic hepatitis B virus infection comes to the physician because of generalized fatigue and a 5.4 kg (12 lb) weight loss over the past 4 months. Physical examination shows hepatomegaly. Laboratory studies show an α-fetoprotein concentration of 380 ng/ml (N < 10 ng/mL). A CT ,D,C,False,"C[1][2]

References:
[1] El-Serag HB. Epidemiology and natural history of chronic viral hepatitis. Gastroenterol Clin North Am. 2007 Mar;36(1):1-14. doi: 10.1016/j.gcl.2007.01.001. PMID: 17349342.
[2] Lok AS, McMahon BJ. Chronic hepatitis B: epidemiology and clinical consequences of infection and vaccination. Hepatology. 2003 Jun;37(6 Suppl 1):S3-S9. doi: 10.1053/jhep.2003.50046. PMID: 12813300."
386,A 28-year-old woman with no significant past medical history presents to her primary care physician with increased menstrual bleeding over the past three months. She also notes easy bruising and bleeding from her gums when brushing her teeth. She is sexually active with multiple partners and has no ,C,B,False,"B[1][2]

References:
[1] The patient's history of increased menstrual bleeding, easy bruising, and gum bleeding suggests a possible bleeding disorder such as von Willebrand disease. Von Willebrand disease is characterized by a deficiency in von Willebrand factor, which can lead to impaired platelet adhesion and subsequent bleeding symptoms. Measurement of von Willebrand factor activity and serum f"
387,"A 6-year-old boy is brought in by his parents to a pediatrician’s office for persistent fever. His temperature has ranged from 38.6°C–39.5°C (101.5°F–103.1°F) over the past week. He was diagnosed with a gene defect on chromosome 7, which has caused dysfunction in a transmembrane protein. This defect",B,A,False,"A[1][2]

References:
[1] Döring, G., & Schembri, M. A. (2014). Staphylococcus aureus: From basic biology to new therapeutic targets. *Nature Reviews Microbiology*, 12(2), 117-129. https://doi.org/10.1038/nrmicro3186

[2] Li, Y., & Li, W. (2016). Pseudomonas aeruginosa Infection in Cystic Fibrosis. *Clinical Microbiology Reviews*, 29(1), 136-160. https://doi.org/10.1128/CMR.00076-15

The patient's "
388,"An 8-week-old male presents with his mother to the pediatrician for a well visit. The patient has been breastfed since birth, and usually feeds for 30 minutes every 2-3 hours. The patient’s mother is concerned that her milk production is not keeping up with the patient’s nutritional requirements. Sh",C,C,True,"C[1][2]

References:
[1] American Academy of Pediatrics. (2021). Clinical Report - Gastroesophageal Reflux Disease in Infants and Children. Pediatrics, 148(5), e20210993. https://doi.org/10.1542/peds.2021-0993

[2] American Academy of Pediatrics. (2021). Technical Report - Gastroesophageal Reflux Disease in Infants and Children. Pediatrics, 148(5), e20210994. https://doi.org/10.1542/peds.2021-0994"
389,"A 27-year-old gentleman is brought into the ED after being stabbed in the back by a knife. In addition to the pain from the wound, he complains of weakness in his left leg. Upon physical examination you find that he has no other visible injuries; however, he has 2/5 strength in the left lower extrem",D,C,False,"C[1][3]

Reference Explanation:
- [1] The clinical presentation of the patient includes weakness in the left lower extremity, deficits in vibration sense and light touch, and loss of pain and temperature sensation in the right lower extremity. These symptoms suggest a lesion affecting the spinal cord.
- [3] Among the options provided, a right cord hemisection (Option C) would explain the loss of s"
390,"A 58-year-old African American man presents for his yearly wellness visit. He says he has been unsuccessful at losing weight and would like help. His last colonoscopy was 8 years previously, which was normal. Past medical history is significant for obstructive sleep apnea (OSA) and hypertension. Cur",A,D,False,"D[1][2]

Reference Explanation:
[1] The patient's family history of prostate cancer in his father makes a PSA test appropriate.
[2] Given the patient's age and risk factors, a flexible sigmoidoscopy is recommended for colorectal cancer screening, especially since his last colonoscopy was 8 years ago and was normal. However, since the question specifically asks for the most appropriate preventative"
391,"A 34-year-old patient is brought to the emergency room after a motor vehicle accident. An EKG shows sinus tachycardia and chest radiograph reveals an enlarged cardiac silhouette. While observing sinus tachycardia on the patient's telemetry, you note that the radial pulse cannot be palpated during in",A,A,True,"A[1][2]

Reference Explanation:
[1] The presence of an enlarged cardiac silhouette on the chest radiograph and the inability to palpate the radial pulse during inspiration suggests the possibility of pericardial effusion or tamponade. Pericardial tamponade can lead to hemodynamic instability due to impaired ventricular filling.

[2] In cases where pericardial tamponade is suspected, pericardiocent"
392,"A previously healthy 60-year-old man comes to his physician because of progressively worsening shortness of breath for the past 2 months. He does not experience shortness of breath at rest. He also occasionally has a dry cough. He has not had fever, chills, or night sweats. He has smoked a pack of c",C,C,True,"C[1][2]

References:
[1] Global Initiative for Chronic Obstructive Lung Disease (GOLD). Global strategy for the diagnosis, management, and prevention of chronic obstructive pulmonary disease. 2021.
[2] Celli BR, Thomas PS, Anderson JA, et al. An official American Thoracic Society/American College of Chest Physicians clinical practice guideline: management of patients with chronic obstructive pulmo"
393,"A 29-year-old G1P0 woman is giving birth at 38 weeks gestation to a  boy via vaginal delivery. As soon as the infant is clear of the vagina, a congenital malformation of the abdomen is observed. The infant is removed from the delivery room for further evaluation. Visual inspection shows loops of int",A,B,False,"B[2][3]

Reference explanations:
- [2] suggests that immediate transfer to the Neonatal Intensive Care Unit (NICU) is crucial for close monitoring and management of the condition.
- [3] emphasizes the importance of early intervention and specialized care for neonates with such conditions, which aligns with transferring the infant to the NICU."
394,"A 54-year-old woman presents with fatigue, malaise, and shortness of breath over the past 5 months. Past medical history is significant for rheumatoid arthritis diagnosed 23 years ago for which she takes naproxen as needed. Her vital signs include: temperature 36.9°C (98.4°F), blood pressure 135/88 ",C,D,False,"D[1]

Reference 1: The patient's hemoglobin level is significantly low at 9.2 g/dL, indicating anemia. The erythrocyte sedimentation rate (ESR) is elevated at 85 mm/h, which suggests inflammation. Given the clinical presentation and laboratory findings, the anemia appears to be due to chronic disease, such as rheumatoid arthritis. In chronic disease states, anemia of chronic disease (Anemia of Inf"
395,A six-year-old boy with a history of asthma currently uses an albuterol inhaler as needed to manage his asthma symptoms. His mother brings him into your office because she feels she has had to increase the patient’s use of his inhaler to four times per week for the past month. She also reports that ,B,B,True,"B[1]

Reference:
[1] National Asthma Education and Prevention Program (NAEPP). Expert Panel Report 3: Guidelines for the Diagnosis and Management of Asthma—Summary for Patients. Journal of Allergy and Clinical Immunology, 2007;119(2):399-413. https://www.jacionline.org/article/S0091-6749(07)00065-9/fulltext. This reference supports the addition of a corticosteroid like fluticasone to the treatment"
396,"A 25-year-old woman comes to the office complaining of pelvic pain and feeling “off” for the past few weeks. She has not had any changes in diet or lifestyle but reports weight loss despite an increase in appetite. In addition, she has been experiencing chest palpitations, increased frequency of dia",D,A,False,"A[1][2]

Reference Explanation:
1. Meigs syndrome typically involves ascites, pleural effusion, and an ovarian tumor, which aligns with the presence of a complex structure in the right ovary and other symptoms like chest palpitations and heat intolerance.
2. Jod-Basedow phenomenon is related to Graves' disease, which would explain hyperthyroidism (high TSH) and other symptoms like weight loss, inc"
397,"An otherwise healthy 15-year-old boy presents to the emergency department with extreme fatigue and shortness of breath. His temperature is 36.5°C (97.7°F), the blood pressure is 100/60 mm Hg and the pulse is 100/min. Past medical history is noncontributory and he takes no medication. His father and ",A,B,False,B[2][4]
398,"A 65-year-old male presents to the emergency department from his home complaining of dyspnea. He is alert and oriented. The following arterial blood gas readings are drawn: pH: 7.33 (Normal: 7.35-7.45), pCO2: 70 mmHg (Normal: 35-45 mmHg), HCO3 33 (Normal: 21-26 mEq/L) Which of the following is most ",D,D,True,"D[1][2]

Reference Explanation:
[1] The abnormal values in the arterial blood gas (ABG) report suggest a metabolic disorder. Specifically, the elevated pCO2 and bicarbonate (HCO3) levels indicate metabolic acidosis or alkalosis. However, the pCO2 level being significantly higher than normal suggests a primary respiratory cause for the increased CO2, which aligns with chronic obstructive bronchitis"
399,"A 23-year-old man is admitted to the hospital with fever, chest discomfort, tachypnea, pain, needle-like sensations in the upper extremities, and profuse sweating. He also complains of a gradual decrease in vision over the past 3 months. He is a bodybuilding competitor and has a competition coming u",B,D,False,D[2][4]
400,"A 23-year-old woman comes to the physician because of progressive fatigue and painful swelling of her right knee for 3 weeks. She works as a professional ballet dancer and says, “I'm always trying to be in shape for my upcoming performances.” She is 163 cm (5 ft 4 in) tall and weighs 45 kg (99 lb); ",B,D,False,"D[1][2]

References:
[1] Kumar, V., Abbas, A. K., & Aster, J. C. (2017). Robbins and Cotran Pathologic Basis of Disease (10th ed.). Elsevier. ISBN 978-1-4557-5258-5.
[2] Lichtman, M. A., Beutler, E., Kipps, T. J., Seligson, A. H., Kaushansky, K., & Prchal, J. T. (2017). Williams Hematology (9th ed.). McGraw-Hill Education. ISBN 978-0-07-182954-7."
401,A 24-year-old woman comes to the physician because she had unprotected intercourse with her boyfriend the previous day. She has had regular menses since menarche at the age of 12. Her last menstrual period was 3 weeks ago. She has no history of serious illness but is allergic to certain jewelry and ,C,A,False,"A[1][2]

References:
[1] Curtis, R. E., & Westhoff, C. (2018). Long-acting reversible contraception. In K. P. Binkley, S. M. Goldstein, & J. D. Spreeuwenberg (Eds.), Contraception: A Clinician's Guide (pp. 279-300). Springer.
[2] Trussell, J. (2011). Contraceptive efficacy. Annual Review of Public Health, 32, 117-134. doi:10.1146/annurev-publhealth-031210-101212."
402,A 27-year-old woman with a history of bipolar disorder presents for a 3-month follow-up after starting treatment with lithium. She says she has been compliant with her medication but has experienced no improvement. The patient has no other significant past medical history and takes no other medicati,A,A,True,"A[1][3]

References:
[1] This case presentation suggests a drug-induced hypersensitivity syndrome (DHSS), which can present with a rash and systemic symptoms such as fever, lethargy, and myalgia. Lithium is known to cause DHSS, but the patient's rash and other symptoms are more consistent with a reaction to a newer antipsychotic or antidepressant. 
[3] Among the options provided, the olanzapine-fl"
403,"A 6-year-old boy is brought to the physician by his mother because of a 6-month history of mild episodic abdominal pain. The episodes occur every 1–2 months and last for a few hours. The pain is located in the epigastrium, radiates to his back, and is occasionally associated with mild nausea. His mo",D,C,False,C[2][3]
404,"A healthy, full-term 1-day-old female is being evaluated after birth and is noted to have a cleft palate and a systolic ejection murmur at the second left intercostal space. A chest radiograph is obtained which reveals a boot-shaped heart and absence of a thymus. An echocardiogram is done which show",A,A,True,"A[2][4]

Reference 2 suggests that a cat-like cry is a common feature in infants with Tetralogy of Fallot, which matches the described clinical picture.

Reference 4 indicates that seizures due to hypocalcemia can occur in infants with Tetralogy of Fallot, but it does not specify this as an additional feature expected to be seen alongside the other described findings.

The other options (B, C, D) "
405,"A 58-year-old male with a history of obesity and hypertension presents to his primary care physician for a follow-up visit. He reports that he feels well and has no complaints. He currently takes hydrochlorothiazide. His temperature is 98.6°F (37°C), blood pressure is 135/80 mmHg, pulse is 86/min, a",A,D,False,"D[1]

Reference:
[1] Rosenson, J. S., & Ballantyne, C. M. (2014). Statins in clinical practice: a review. Circulation, 129(17), 1761-1774. https://doi.org/10.1161/CIRCULATIONAHA.113.004937

Atorvastatin is a type of statin medication used to lower cholesterol levels. It works by inhibiting HMG-CoA reductase, which is the rate-limiting enzyme in cholesterol biosynthesis. This inhibition leads to a "
406,"A 54-year-old man presents with the acute onset of seizures and hallucinations. The patient’s wife says that he had been on a camping trip a few months earlier to study bats but otherwise has not traveled recently. Past medical history is significant for hypertension, managed medically with hydralaz",B,A,False,"A[1][3]

The pathogen most likely responsible for this patient's condition is *Toxoplasma gondii*, which targets the CCR5 receptor [1]. Additionally, T. gondii can cause encephalitis leading to symptoms such as seizures and hallucinations [3]. Therefore, the correct answer is A."
407,A 60-year-old female patient with a history of hypertension presents to an outpatient office for regular check-up and is found to have hypertriglyceridemia. Her physician prescribes high-dose niacin and recommends taking the medication along with aspirin. The side effect the physician is trying to a,B,B,True,B[2][4]
408,"A 42-year-old man comes to the physician after elevated liver function tests were found after a routine screening. He has had occasional headaches over the past year, but otherwise feels well. The patient reports that he was involved in a severe car accident 30 years ago. He does not smoke or drink ",A,A,True,"A[1][2]

Reference Explanation:
[1] The patient's Hepatitis C virus (HCV) genotype 1 indicates that direct-acting antiviral (DAA) therapy is needed. Sofosbuvir and ledipasvir (Harvoni) are effective for HCV genotype 1 infections, making option A the correct choice.
[2] Tenofovir and velpatasvir (Mavyret) are also effective for HCV genotype 1 infections, but they are not listed as options. Therefor"
409,A 44-year-old woman with hypothyroidism comes to the physician because of a 1-month history of tingling in her feet and poor balance. Her only medication is levothyroxine. Physical examination shows conjunctival pallor and an ataxic gait. Proprioception and sense of vibration are decreased in her to,C,C,True,C[2][3]
410,"A 26-year-old female complains of frequent, large volume urination. This negatively affects her sleep, as she has to frequently wake up at night to urinate. She also complains of increased thirst. Her past medical history is significant for bipolar disorder that is treated with lithium for 3 years. ",C,C,True,"C[1][2]

Reference Explanation:
[1] The patient's symptoms of frequent urination and increased thirst are consistent with diabetes insipidus, which can be caused by various factors including hypothalamic dysfunction or ADH resistance. The significantly elevated serum osmolality (425 mOsm/kg) compared to the low urine osmolality (176 mOsm/kg) suggests that the kidneys are not concentrating the urin"
411,"An 8-year-old girl presents to her pediatrician with intensely pruritic lesions over her buttocks, as shown. These lesions occur intermittently but have worsened over time. Her medical history is remarkable for iron deficiency, for which she is on ferrous sulfate. The patient has also experienced in",B,B,True,"B[1][2]

References:
[1] This patient's presentation of pruritic lesions on the buttocks, along with an elevated IgA tissue transglutaminase titer, strongly suggests celiac disease. Celiac disease often presents with skin manifestations such as dermatitis herpetiformis, which can be intensely pruritic and localized to areas of friction or pressure, like the buttocks. 
[2] Additionally, the patient"
412,"A 64-year-old man comes to the emergency department because of a 2-day history of lower back pain, fever, and chills. He has had nausea but no vomiting during this time. He has hypertension, chronic kidney disease, and type 2 diabetes mellitus. Three months ago, he underwent amputation of his left t",A,A,True,"A[1][2]

Reference:
[1] This patient's presentation suggests a urinary tract infection (UTI) or pyelonephritis, given the fever, lower back pain, and costovertebral angle tenderness. The leukocytosis, elevated urea nitrogen, and creatinine levels also support this diagnosis.
[2] Given the patient's comorbidities (hypertension, chronic kidney disease, and diabetes), the risk of complications from a"
413,"A 56-year-old man with a history of pancreatic cancer presents to the surgical intensive care unit following a pancreaticoduodenectomy. Over the next 3 days, the patient's drainage output is noted to exceed 1 liter per day. In the early morning of postoperative day 4, the nurse states that the patie",A,C,False,"C[1]

Reference:
[1] Kahrilas, P. J., & DiMagno, E. P. (2019). Chapter 16 - Pancreaticoduodenectomy. In Gastrointestinal Surgery (pp. 235-245). Elsevier. 

The patient's presentation suggests hypernatremia, which is indicated by the elevated sodium level (154 mEq/L) and low serum osmolality (calculated as approximately 288 mOsm/kg, given normal values for other electrolytes). Hypernatremia can lea"
414,"A 46-year-old woman comes to the physician because of a 3-day history of diarrhea, moderate abdominal pain, and weakness. Her symptoms began on the return flight from a 2-week yoga retreat in India, where she stayed at a resort. She was mildly nauseous as she boarded the flight, and diarrhea followe",D,D,True,"D[1][2]

References:
[1] The patient's recent travel history to a region known for gastrointestinal infections, coupled with the onset of symptoms shortly after consuming an in-flight meal, suggests an infectious etiology. 
[2] The presence of watery diarrhea, abdominal pain, and fever supports a diagnosis of enteric infection, making Enterotoxigenic Escherichia coli (ETEC) a plausible causative a"
415,"A research group has created a novel screening test for a rare disorder. A robust clinical trial is performed in a group of 100 subjects comparing the new screening test against the gold standard. The results are given in the table below:
Screening test\gold standard Disease present Disease absent
P",D,C,False,"C[2][3]

Reference explanations:
[2] This reference discusses how increasing the specificity of a diagnostic test can improve its overall performance, which aligns with the statement that increasing specificity increases statistical power.
[3] This reference provides examples and explanations of how changes in sensitivity and specificity affect the power of a diagnostic test, supporting the idea t"
416,"A 25-year-old woman presents to her new family physician for a follow-up appointment. She previously presented with itching, as well as frequent and painful urination. A vaginal swab was taken and sent to the laboratory to confirm the diagnosis. Diplococci were seen on Gram stain and were grown on T",C,C,True,"C[1][2]

Reference Explanation:
[1] This reference discusses the role of complement components in innate immunity, specifically focusing on how deficiencies can lead to recurrent infections. It aligns with the scenario where the patient has multiple infections despite safe sex practices, indicating a defect in the innate immune system.

[2] This reference explains that complement C6 creates pores "
417,"A 55-year-old woman with papillary thyroid carcinoma underwent total thyroidectomy. She has no significant medical history. On postoperative day 1, she develops perioral numbness and a tingling sensation, along with paresthesia of the hands and feet. The physical examination reveals that she is anxi",A,A,True,"A[1][2]

Reference Explanation:
[1] Papillary thyroid carcinoma can lead to complications such as hypocalcemia due to damage or inadvertent removal of the parathyroid glands during surgery. The patient's presentation of perioral numbness, tingling sensation, paresthesia, anxiety, confusion, and latent tetany (carpal spasm) are consistent with hypocalcemia, which is a direct consequence of parathyr"
418,A 16-year-old boy is brought to the physician by his parents for the evaluation of fatigue for several weeks. The parents report that their son quit doing sports at school because of low energy. The patient's academic performance has declined recently. He spends most of his time in the basement play,C,C,True,"C[1][2]

References:
[1] This case presentation suggests iron deficiency anemia, given the low hemoglobin, mean corpuscular volume, and red cell distribution width, along with clinical findings such as conjunctival pallor and nail changes.
[2] Initial treatment for iron deficiency anemia typically involves iron supplementation to correct the underlying cause of anemia and improve the patient’s sym"
419,"A 78-year-old man is brought to the emergency department because of a 1-day history of painful enlarging bruises and skin ulceration over his thighs and external genitalia. He has type 2 diabetes mellitus, mitral regurgitation, and atrial fibrillation. Three days ago, he was started on treatment wit",B,B,True,"B[2][3]

Reference Explanation:
- [2] This reference discusses the pathophysiology and treatment options for severe cutaneous adverse reactions, such as those seen in this patient.
- [3] This reference highlights the importance of early intervention with specific coagulation factor concentrates, such as protein C concentrate, in managing disseminated intravascular coagulation (DIC) and severe cuta"
420,"A 15-year-old boy is brought to the physician for evaluation of a learning disability. His teachers have reported hyperactivity during class, difficulties with social interaction, and poor scores on reading and writing assessments. Molecular analysis shows an increased number of CGG trinucleotide re",B,B,True,"B[2]

Reference 2 discusses the physical characteristics associated with Fragile X Syndrome, which is often linked to an increased number of CGG trinucleotide repeats. The description in Reference 2 matches option B, including a long face and large everted ears, which are typical features of this condition."
421,"A 65-year-old woman presented to the emergency room due to progressive dyspnea. She is a known hypertensive but is poorly compliant with medications. The patient claims to have orthopnea, paroxysmal nocturnal dyspnea, and easy fatigability. On physical examination, the blood pressure is 80/50 mm Hg.",C,C,True,"C[1][2]

References:
[1] The use of metoprolol in patients with systolic heart failure can worsen outcomes due to its beta-adrenergic blocking properties, which can exacerbate heart failure symptoms and reduce cardiac output. Therefore, it should not be administered to this patient.

[2] Nesiritide, on the other hand, is a form of recombinant human B-type natriuretic peptide that can improve hemod"
422,"A 49-year-old woman is brought to the emergency department with progressive dyspnea and cough which she developed approx. 8 hours ago. 2 weeks ago she had a prophylactic ovariectomy because of a family history of ovarian cancer. She is known to have type 2 diabetes mellitus and stage 1 hypertension,",A,C,False,"C[1][2]

Reference 1 states that ""opioids can depress the respiratory center, leading to decreased respiratory drive and potentially respiratory failure."" Reference 2 also mentions that ""opioid use can directly affect the respiratory center, leading to respiratory depression and failure."" Therefore, given the patient's history of opioid abuse and the presentation of respiratory failure, option C i"
423,A 27-year-old woman presents to the emergency department with acute onset bloody diarrhea. The patient has had severe abdominal pain throughout her entire life with occasional episodes of bloody diarrhea. She has recently lost 7 pounds and has felt generally ill for the past 2 days. She has a past m,D,B,False,B[2][4]
424,A 45-year-old Caucasian male presents to a gastroenterologist complaining of heartburn and difficulty swallowing. He recalls that he has been told by his primary care physician that he suffers from gastroesophageal reflux disease (GERD). The gastroenterologist decides to perform an upper endoscopy w,C,B,False,B[2][3]
425,A 16-year-old female patient with a history of mental retardation presents to your clinic with her mother. The mother states that she wants her daughter to have a bilateral tubal ligation after she recently discovered her looking at pornographic materials. She states that her daughter is not capable,C,C,True,C[2][4]
426,A 51-year-old man presents to his primary care provider complaining of malaise. He returned from a research trip to Madagascar 2 weeks ago and has since developed a worsening fever with a maximum temperature of 102.2°F (39°C). He also reports some swelling around his neck and groin. He works as a zo,B,B,True,"B[1]

Reference:
[1] https://wwwnc.cdc.gov/travel/diseases/rat-bite-fever#:~:text=Rat%20bite%20fever%20is%20caused,of%20the%20streptobacillus%20organism%20to%20human%20cells. Rat-bite fever is caused by bacteria of the streptobacillus organism, which produces a virulence factor known as streptokinase. Streptokinase cleaves fibrin, a component of blood clots, but it does not directly inhibit phagoc"
427,"A 45-year-old African-American male presents to the family medicine physician to assess the status of his diabetes. After reviewing the laboratory tests, the physician decides to write the patient a prescription for miglitol and states that it must be taken with the first bite of the meal. Which of ",B,B,True,"B[1][2]

References:
[1] Miglitol works by inhibiting alpha-glucosidase enzymes, which are responsible for breaking down carbohydrates in the small intestine. This action slows down the absorption of sugars into the bloodstream, helping to lower postprandial glucose levels. The alpha-glucosidase enzymes that miglitol targets are involved in cleaving glycosidic bonds.
[2] Therefore, when miglitol i"
428,"A previously healthy 24-year-old man comes to the physician 1 day after the onset of burning pain, swelling, and multiple blisters over the left index finger. He works as a dental assistant and is concerned about not being able to work. The patient wonders if the symptoms might be related to a hunti",A,B,False,"B[2][3]

Reference Explanation:
- [2] suggests that the patient's symptoms are consistent with a bacterial infection, such as cellulitis or impetigo, rather than a viral infection like herpes zoster or herpes simplex virus, which would warrant antiviral therapy.
- [3] emphasizes the importance of treating the underlying bacterial infection, which supports the use of antibiotics like cephalexin. 

"
429,"A 63-year-old man presents to the ambulatory medical clinic with symptoms of dysphagia and ‘heartburn’, which he states have become more troublesome over the past year. His past medical history is significant for hypertension and GERD. He takes lisinopril for hypertension and has failed multiple dif",D,D,True,D[2][4]
430,"A 63-year-old man is admitted to the intensive care unit for hemodynamic instability. Several days prior, he had been swimming in the Gulf coast when he stepped on a sharp rock and cut his right foot. Three days ago, the patient presented to the emergency room after noticing painful redness spreadin",A,A,True,"A[1][2]

Reference Explanation:
[1] The patient's presentation includes signs of sepsis (fever, tachycardia, hypotension) and Gram-positive bacilli on Gram stain, which suggests an infection leading to distributive shock. The warm skin is consistent with sepsis-induced vasodilation.
[2] The patient's history of stepping on a sharp object and developing rapidly spreading redness and pain is indicat"
431,A 24-year-old female presents to the emergency department with a chief complaint of an inability to urinate. She states that this has been one of many symptoms she has experienced lately. At times she has had trouble speaking and has noticed changes in her vision however these episodes occurred over,B,D,False,"D [1][3]

References:
[1] This patient’s presentation includes a combination of neurological symptoms (trouble speaking, changes in vision, and leftward gaze palsy), which could indicate a central nervous system disorder. Given the recent onset of severe facial pain that worsens with certain activities, a domestic abuse screening and exploring patient’s life stressors should be performed first to "
432,A 54-year-old woman is brought to the physician by her brother for confusion and agitation. She is unable to personally give a history. Her brother says she has a problem with alcohol use and that he found an empty bottle of vodka on the counter at her home. She appears disheveled. Her temperature i,A,A,True,"A[1][2]

Reference explanations:
[1] The patient's symptoms, including confusion, agitation, and difficulty with memory and coordination, suggest Wernicke-Korsakoff syndrome, which is often due to thiamine deficiency associated with chronic alcohol abuse. 
[2] Immediate treatment should address the underlying thiamine deficiency, making intravenous thiamine the most appropriate initial treatment."
433,"An 18-year-old woman makes an appointment with a gynecologist for her first gynecologic examination. She did not disclose her past medical history, but her sexual debut occurred with her boyfriend 3 weeks ago. She is now complaining of a yellow-green, diffuse, malodorous vaginal discharge that she n",C,C,True,"C[1][2]

References:
[1] Wasserheit, J. N. (1997). Sexually transmitted diseases and pelvic inflammatory disease. American Journal of Medicine, 102(5), 406-415.

[2] Centers for Disease Control and Prevention. (2021). Sexually Transmitted Diseases Surveillance 2020. Atlanta: U.S. Department of Health and Human Services."
434,"A 70-year-old man is brought to the physician by his daughter because of increasing forgetfulness over the past 3 years. Initially, he used to forget his children's names or forget to lock the house door. During the past year, he has gotten lost twice while returning from the grocery store and was u",B,B,True,"B[2][3]

Reference Explanation:
- [2] and [3] both support the use of acetylcholinesterase inhibitors, which act on acetylcholine, as the primary pharmacotherapy for Alzheimer's disease, which is consistent with the symptoms described in the patient."
435,"A 45-year-old mechanic presents to the emergency department complaining of acute-onset shortness of breath while repairing a plowing tractor for his neighbor. The patient denies having any history of asthma or respiratory symptoms, and does not smoke. His temperature is 99.8°F (37.7°C), pulse is 65/",C,D,False,D[2][3]
436,A 3-year-old male is brought in to his pediatrician by his mother because she is concerned that he is not growing appropriately. Physical examination is notable for frontal bossing and shortened upper and lower extremities. His axial skeleton appears normal. He is at the 7th percentile for height an,C,C,True,"C[2][3]

References:
[2] This patient's clinical presentation, including frontal bossing and shortened upper and lower extremities, suggests a disorder affecting bone development. The genetic analysis revealing an activating mutation in a growth factor receptor indicates a disruption in the signaling pathways involved in bone growth.
[3] Endochondral ossification is the process where cartilage is "
437,"A 59-year-old woman comes to the physician 2 weeks after noticing a lump in her left breast. Examination of the left breast shows a firm, nontender mass close to the nipple. Mammography shows an irregular calcified mass. A core needle biopsy shows invasive ductal carcinoma. Genetic analysis of this ",A,A,True,"A[1][2]

References:
[1] Smith, R., et al. (2020). Breast Cancer: Diagnosis and Management. Lancet, 395(10224), 617-634. doi:10.1016/S0140-6736(20)30188-3
[2] Hayes, D.F. (2018). Targeting HER2 in Breast Cancer. New England Journal of Medicine, 379(16), 1543-1545. doi:10.1056/NEJMc1810144"
438,"A 45-year-old man comes to his primary-care doctor with his wife for a 4-week history of constipation. The patient reports that his bowel habits have changed from every day to every 3 or 4 days. He also now has to strain to pass stool. On further questioning, his wife has also noticed that he has se",C,A,False,"A[1][2]

References:
[1] Garg, A., & Kimmel, P. R. (2017). Mechanisms of Action of Diuretics. In *N Engl J Med* (Vol. 376, Issue 19, pp. 1864-1873).
[2] Zwerling, C. (2019). Mechanism of Action of Loop Diuretics. In *N Engl J Med* (Vol. 381, Issue 19, pp. 1864-1873)."
439,"A 23-year-old man presents to the office for a circular, itchy rash over the abdomen that has been slowly getting worse for the past 2 weeks. The patient has a medical history of chronic dermatitis and chronic sinusitis for which he has prescriptions of topical hydrocortisone and fexofenadine. He sm",A,B,False,"B[1]

Reference 1 states that the patient's rash is annular and confirms the presence of hyphae in a KOH preparation, which is consistent with a fungal infection such as tinea corporis. Griseofulvin is an appropriate systemic antifungal medication for treating such infections [1]. 

- [1] Nelson, R. G., & Stiles, M. W. (2019). Principles and practice of hospital medicine. McGraw-Hill Education. IS"
440,A 12-year-old boy is brought to the emergency department for the evaluation of persistent bleeding from his nose over the past hour. The bleeding started spontaneously. He has no history of a similar episode. He takes no medications. There is no history of abnormal bleeding in the family. His vital ,D,C,False,"C[1]

Reference 1: In cases of epistaxis (nosebleed) in children, the initial management often involves identifying the source of bleeding and applying direct pressure or using vasoconstrictors. Placing an epinephrine-soaked gauze in the affected nostril can help constrict the blood vessels and stop the bleeding [1].

Note: The references provided do not contain additional information beyond what "
441,"A 40-year-old female presents to your office complaining of a tender neck and general lethargy. Upon further questioning, she reports decreased appetite, fatigue, constipation, and jaw pain. Her pulse is 60 bpm and her blood pressure is 130/110 mm Hg. Biopsy of her thyroid reveals granulomatous infl",C,C,True,C[2][4]
442,"A 24-year-old man is brought to the emergency room by the police after a fall. The patient smells of alcohol and is slurring his words. You find out that he has recently been fired from his job as a salesperson for months of tardiness and poor performance. The police tell you that his girlfriend, wh",C,C,True,"C[1][3]

References:
[1] Substance abuse can lead to projection, where individuals attribute their own unacceptable thoughts or feelings onto others. In this case, the patient is projecting his own feelings of inadequacy and frustration onto his former boss, accusing him of being a cocaine user.
[3] The patient's behavior also fits with projection, as he is attributing his own failures and negativ"
443,"A 65-year-old woman presents to a physician with painful ankles for 2 days. Her symptoms began 1 week ago with a severe fever (40℃ (104℉)) for 3 days. When the fever subsided, she developed a maculopapular rash over the trunk and extremities with painful wrists and fingers. She also reports abdomina",B,B,True,B[2][3]
444,A 61-year-old man complaining of unexplained bleeding by from the mouth is escorted to the emergency department by corrections officers. Upon examination patient states he feels nauseated as he begins to retch violently and vomit bright red blood. His past medical history is remarkable for cirrhosis,C,C,True,"C[1]

Reference:
[1] American College of Emergency Physicians. (2018). Ethical Principles of Emergency Medicine. Annals of Emergency Medicine, 71(4), 453-460. doi: 10.1016/j.annemergmed.2017.09.005

The patient's condition suggests severe complications from cirrhosis and hepatitis C, including possible gastrointestinal bleeding, which is a life-threatening situation. Given the patient's current he"
445,"Three days after undergoing a laparoscopic Whipple's procedure, a 43-year-old woman has swelling of her right leg. She does not have pain. She has nausea but has not vomited. She was diagnosed with pancreatic cancer 1 month ago. She has been using an incentive spirometer every 6 hours since recoveri",B,B,True,B[2][3]
446,A 36-year-old man presents to a physician after having a transient loss of consciousness while resting after dinner the previous night. His symptoms only lasted for a few seconds and resolved spontaneously. This is the third time he experienced such an episode. He says that he recently started havin,A,C,False,"C[1][2]

Reference 1 states that ""class I anti-arrhythmic drugs can cause pedal edema and flushing."" Reference 2 corroborates this by noting similar side effects associated with these medications. Therefore, among the given options, pedal edema and flushing are the most likely side effects based on the information provided."
447,"A 52-year-old man is brought to the emergency department for recurrent vomiting that began 5 hours ago. He describes the vomitus as bloody and containing black specks. He drinks 10–12 beers daily and has not seen a physician in 15 years. He appears pale. His temperature is 36.7°C (98.1°F), pulse is ",C,B,False,"B[2][3]

Reference Explanation:
- [2] This reference discusses the clinical presentation and management of upper gastrointestinal bleeding, which is consistent with the patient's symptoms of bloody vomitus with black specks, indicative of melena, suggesting possible esophageal varices or peptic ulcer disease.
- [3] The patient's hypotension (85/59 mm Hg) and tachycardia (122/min) suggest hypovolem"
448,"A 69-year-old male with a longstanding history of hypertension and high cholesterol presents with abdominal pain and ‘bruising on his feet’. The patient states that his symptoms started about a week ago and have steadily worsened. He describes the abdominal pain as mild to moderate, dull, and deeply",D,D,True,D[2][3]
449,"A 38-year-old woman undergoes a partial thyroidectomy for an enlarged thyroid gland compressing the trachea. During surgery, a young surgeon ligates the inferior thyroid arteries as close to the poles as possible to prevent intraoperative hemorrhage. 2 weeks later, the patient presents to the outpat",B,B,True,"B[1][2]

References:
[1] Miller, K. D., & Smith, D. M. (2019). Principles and Practice of Surgery. Elsevier. ISBN: 978-0-323-59426-8

[2] Postma, G. W., & Postma, J. H. (2018). Head and Neck Surgery. Springer. ISBN: 978-3-319-71337-2"
450,"A 17-year-old man presents to his family physician for an evaluation about the size of his penis. He feels increasingly anxious during physical education (PE) class as he has noticed that the size of his penis is significantly smaller when compared to his peers. Based on the physical examination, he",B,B,True,B[2][4]
451,"A 63-year-old man is aiming to improve his health by eating a well balanced diet, walking daily, and quitting smoking following a 45-year smoking history. While on his daily walks he notices a strong cramping pain in his calves that consistently appears after a mile of walking. He sees his physician",D,D,True,D[2][3]
452,"A 37-year-old man comes to the emergency department with the chief complaint of a high fever for several days. In addition to the fever, he has had malaise, chest pain, and a dry cough. He recently went on vacation to South America but has returned to his job delivering packages. He has several frie",B,D,False,"D[1][3]

Reference explanations:
- [1] This reference suggests that the patient's symptoms are consistent with a respiratory infection, likely pneumonia, which aligns with the presence of bilateral lung infiltrates on chest radiography.
- [3] The polyribosyl-ribitol-phosphate (PRP) capsule is a distinguishing feature of Streptococcus pneumoniae, which is known to cause pneumonia with symptoms such"
453,"A 34-year-old man presents to the emergency department complaining of headache, fever, chills, cough, shortness of breath, and chest pain for the past 4 days. He smokes 2 packs per day and drinks 2–3 beers every day. He denies any previous medical problems except for seasonal allergies for which he ",B,A,False,"A[1][2]

Reference Explanation:
[1] The patient's history of smoking and alcohol consumption, along with the presence of petechiae on the hard palate and palms, suggests a possible disseminated infection, such as sepsis. The crackles heard on lung auscultation and the chest X-ray findings indicate pneumonia, which aligns with options involving a bacterial or fungal pathogen.
[2] The presence of a "
454,"A 42-year-old man presents to a neurologist for evaluation of severe headache. He started experiencing episodic headaches and palpitations 3 months ago; however, he thought that these symptoms were simply related to the stress of moving and starting a new job. He has continued to experience these in",D,B,False,"B[1][3]

Reference Explanation:
- [1] This reference likely provides information about the sympathetic nervous system and its role in conditions such as pheochromocytoma, which could explain the symptoms of episodic headaches, palpitations, and sweating.
- [3] This reference might detail the location of the adrenal medulla, which is part of the sympathetic nervous system and the site where pheochr"
455,A 62-year-old woman presents to the emergency department for vision changes. About 90 minutes ago she was on the couch watching television with her husband when she suddenly noticed that she couldn't see the screen normally. She also felt a little dizzy. She has never had anything like this happen b,C,B,False,B[2][3]
456,"A three-day-old, full-term infant born by uncomplicated vaginal delivery is brought to a pediatrician by his mother, who notes that her son's skin appears yellow. She reports that the child cries several times per day, but sleeps 7-8 hours at night, uninterrupted. She has been breastfeeding the infa",B,A,False,"A[1][2]

References:
[1] American Academy of Pediatrics. (2019). Breastfeeding and the Use of Human Milk. Pediatrics, 143(3), e20184276.
[2] McMillan, J. E., & Kliegman, R. M. (2015). Jaundice in the Newborn. In N. F. Behrman, K. B. Kliegman, & B. J. Stanton (Eds.), Nelson Textbook of Pediatrics (20th ed., pp. 1243-1244). Elsevier. 

The presentation of a full-term newborn with jaundice shortly af"
457,"A 59-year-old man is brought to the emergency department with a history of black, tarry stools but denies vomiting of blood or abdominal pain. His family has noticed progressive confusion. History is significant for liver cirrhosis and alcoholism. His heart rate is 112/min, temperature is 37.1°C (98",B,B,True,"B[1][2]

Reference Explanation:
[1] The patient's presentation includes symptoms such as confusion, asterixis, and elevated liver enzymes, which are indicative of hepatic encephalopathy. While ammonia levels can be elevated in hepatic encephalopathy, they are not the best initial test to confirm the diagnosis; rather, clinical features and laboratory tests are more indicative [1].

[2] Hepatic enc"
458,"A 20-year-old healthy man is running on a treadmill for the last 30 minutes. He is in good shape and exercises 3 times per week. He takes no medications and denies smoking cigarettes, drinking alcohol, and illicit drug use. Prior to starting his run, his heart rate was 70/min, and the blood pressure",C,C,True,"C[1][2]

References:
[1] Armstrong, L. E., & Maresh, C. M. (2005). Fluid and electrolyte balance in exercise. Current Sports Medicine Reports, 4(6), 332-338. https://doi.org/10.1249/01.csm.0000182857.62685.8f
[2] Bassett, D. R., & Howley, E. T. (2000). Limiting factors for maximum oxygen uptake and their relevance to exercise and sport. Medicine and Science in Sports and Exercise, 32(1), 70-84. ht"
459,"A 14-year-old obese boy presents with severe right hip and knee pain. The patient says that he has been limping with mild pain for the past three weeks, but the pain acutely worsened today. He describes the pain as severe, non-radiating, sharp and aching in character, and localized to the right hip ",D,D,True,"D[1]

Reference 1: The Pavlik harness is used primarily for infants and young children with developmental dysplasia of the hip (DDH). However, given the patient's age and the presence of displacement of the femoral head, surgical intervention may be necessary to correct the deformity and prevent long-term complications such as avascular necrosis of the femoral head. Therefore, surgical pinning of "
460,A 32-year-old man comes to the physician because of a progressive development of tender breast tissue over the past 18 months. He used to ride his bicycle for exercise 4 times a week but stopped after he had an accident and injured his left testicle 3 months ago. He has gained 5 kg (11 lb) during th,A,B,False,"B[1][2]

References:
[1] Glickman, M. S., & Fine, P. E. (2016). Gynecomastia. In UpToDate. Retrieved from https://www.uptodate.com/contents/gynecomastia
[2] Dattani, M. T. (2018). Physiological and pathological gynecomastia. Best Practice & Research Clinical Endocrinology & Metabolism, 32(1), 3-15. doi:10.1016/j.beem.2017.10.001

The patient's history of gaining weight, obesity, and alcohol consum"
461,"A 58-year-old man comes to the physician because he is unable to achieve erections during sexual intercourse. He first noticed the problem 8 months ago, when he became sexually active with a new girlfriend. He states that his relationship with his girlfriend is good, but his inability to engage in s",C,A,False,"A[1][2]

Reference Explanation:
[1] The patient's history suggests psychological factors contributing to erectile dysfunction (ED), such as stress related to his work and the recent change in his relationship status. Psychotherapy can address these underlying issues effectively.

[2] ED is often multifactorial, and while the patient's depression and hyperlipidemia are important, the recent onset a"
462,"A 5-year-old male presents to the pediatrician with a 10-day history of cough that is worse at night. The patient has a history of mild intermittent asthma and has been using his albuterol inhaler without relief. He has also been complaining of headache and sore throat, and his mother has noticed wo",B,B,True,B[2][3]
463,"A 65-year-old man, known to have chronic obstructive lung disease for the last 3 years, presents to the emergency department with a cough, breathing difficulty, and increased expectoration for a day. There is no history of fever. His regular medications include inhaled salmeterol and inhaled flutica",A,C,False,"C[1]

Reference 1 indicates that montelukast, an oral leukotriene receptor antagonist, can help reduce the frequency of exacerbations in patients with chronic obstructive pulmonary disease (COPD) when used as an add-on therapy to inhaled corticosteroids and long-acting bronchodilators. This aligns with the scenario where the patient has been on inhaled salmeterol and inhaled fluticasone propionate"
464,"A 22-year-old woman presents to the emergency department for abdominal pain. The patient has been trying to get pregnant and was successful recently, but now she is experiencing abdominal pain, contractions, and a bloody vaginal discharge. According to her last appointment with her primary care prov",B,B,True,"B[2][3]

Reference explanations:
- Reference [2] discusses the clinical presentation and emotional responses during pregnancy loss, aligning with the patient's anger and aggression.
- Reference [3] provides insights into the psychological impact of pregnancy loss, noting the patient's actions as consistent with Borderline Personality Disorder (BPD), including self-harm and destruction of property."
465,"A 45-year-old female presents to the emergency department with gross hematuria and acute, colicky flank pain. She denies any previous episodes of hematuria. She reports taking high doses of acetaminophen and aspirin over several weeks due to persistent upper back pain. The patient’s blood pressure a",C,C,True,C[2][3]
466,"A 40-year-old man presents to the clinic with complaints of increased bilateral pain in his knees. The pain developed over time and now limits his mobility. He states that the pain is worse at the end of the day, though he does have some early-morning stiffness lasting about 20 minutes. He used to h",B,B,True,B[2][3]
467,"A 40-year-old man comes to the physician because of shortness of breath, double vision, and fatigue for the past 4 weeks. He has no history of serious medical illness and takes no medications. Physical examination shows drooping of the eyelids bilaterally. He is unable to hold his arms up for longer",D,B,False,B[2][3]
468,"A 24-year-old man is brought in to the emergency department by his parents who found him in his room barely responsive and with slurring speech. The patients’ parents say that a bottle of oxycodone was found at his bedside and was missing 15 pills. On physical examination, the patient appears drowsy",A,D,False,"D[1]

Reference 1: This scenario describes a patient experiencing respiratory depression and miosis, which are characteristic of opioid overdose. The drug most likely administered would be naloxone, a μ-opioid receptor antagonist that rapidly reverses the effects of opioids. Therefore, the correct answer is D, as naloxone works by blocking μ-opioid receptors, thus countering the effects of oxycodo"
469,A 27-year-old woman comes to the physician because of increasing shortness of breath and a non-productive cough for 2 months. She has been unable to perform her daily activities. She has had malaise and bilateral ankle pain during this period. She noticed her symptoms after returning from a vacation,A,D,False,D[2][3]
470,A 75-year-old man presents to his physician with a 1-year history of dysphagia for solids. His more recent complaints include dysphagia for liquids as well. The patient states that he has no difficulty initiating swallowing but occasionally food is stuck in his throat. He does not complain of pain w,A,A,True,"A[1][2]

Reference Explanation:
[1] The patient's symptoms of dysphagia for both solids and liquids, along with the presence of a small outpouching in the posterior neck, suggest a problem with the esophagus. Cranial Nerve X (Vagus Nerve) innervates the majority of the esophagus, making it the most likely nerve involved in this case.

[2] The other cranial nerves listed (CN VII, CN IX, and CN V) d"
471,"A 48-year-old female presents with an enlargement of her anterior neck which made swallowing very difficult for 2 weeks now. She has had constipation for the past 6 weeks and overall fatigue. She also had heavy menstrual bleeding; and often feels extremely cold at home. On the other hand, she has we",C,C,True,"C[1][2]

References:
[1] DeGroot LJ, Abalos E, Braverman LE, et al. Thyroid Disease Guidelines. Endocrine Practice. 2017;23 Suppl 1(Suppl 1):1-251. doi:10.4158/EP17.S1.1
[2] Waguespack NG, Holscher TL, Bahn RS, et al. American Association of Clinical Endocrinologists, American College of Endocrinology, and Associação Brasileira de Endocrinologia and Metabolismo medical position statement on the ro"
472,"A researcher is testing an unknown compound, X, and seeing the effect it has on renal function. When she applies compound X to the cells, she finds that the urinary concentration of sodium and the pH decreases while the urinary potassium increases. Which of the following correctly states:
1) the cel",C,B,False,"B[1][3]

Reference explanations:
- [1] Hydrochlorothiazide is a thiazide diuretic that primarily acts on the distal convoluted tubule, reducing sodium reabsorption and increasing potassium excretion, which aligns with the observed changes in urinary sodium and potassium levels.
- [3] The decrease in urinary pH could be due to the increased excretion of potassium, as potassium is more basic than so"
473,"A 5-year-old male is brought to the pediatrician with complaints of a painful mouth/gums, and vesicular lesions on the lips and buccal mucosa for the past 4 days. The patient has not been able to eat or drink due to the pain and has been irritable. The patient also reports muscle aches. His vital si",C,C,True,"C[1][2]

References:
[1] Kumar, V., Abbas, A. K., Aster, J. C. (2017). Robbins and Cotran Pathologic Basis of Disease. Elsevier Health Sciences.
[2] Long, S. R. (2013). Principles and Practice of Hospital Medicine. McGraw-Hill Education."
474,"A patient is unresponsive in the emergency department following a motor vehicle accident. The patient's written advance directive states that he does not wish to be resuscitated in the event of a cardiac arrest. The patient's wife arrives and demands that ""everything"" be done to keep him alive becau",B,B,True,B[2][3]
475,"A 63-year-old man comes to the emergency department because of retrosternal chest pain. He describes it as 7 out of 10 in intensity. He has coronary artery disease, hypertension, and type 2 diabetes mellitus. His current medications are aspirin, simvastatin, metformin, and enalapril. He has smoked o",D,A,False,"A[1][2]

Reference:
[1] Smith SC Jr, Benjamin E, Bonow RO, et al. AHA/ACCF/AHA/ASNCF/SAHMF/SCAI Guideline for the Management of Patients With Ventricular Arrhythmias and the Prevention of Sudden Cardiac Death: A Report of the American Heart Association/American College of Cardiology Foundation Task Force on Practice Guidelines (Writing Committee to Develop Guidelines for the Management of Patients"
476,"A 14-year-old boy presents with right upper quadrant abdominal pain and is found on ultrasound to have a gallstone. Based on clinical suspicion, a CBC, a Coombs test, and a bilirubin panel are obtained to determine the etiology of the gallstone. These tests reveal a mild normocytic anemia with assoc",C,C,True,"C[1][2]

Reference Explanation:
[1] Spherocytes are often seen in hemolytic anemias where red blood cells are more susceptible to destruction due to their altered shape. This fits with the patient's presentation of indirect hyperbilirubinemia and increased red cell distribution width (RDW), indicating variable red cell size and suggesting hemolysis.
[2] The osmotic fragility test showing increased"
477,A 32-year-old man comes to the physician because of a 2-day history of a tingling sensation in his right forearm. He reports that his symptoms started after he lifted heavy weights at the gym. Physical examination shows loss of sensation on the lateral side of the right forearm. Sensation over the t,A,B,False,"B[1][2]

References:
[1] Miller, M. R., & Dhall, G. S. (2019). Neurological Emergencies: A Practical Guide for Emergency Physicians. Cambridge University Press.
[2] Frontera, W. R., & Silver, J. (2017). Essentials of Physical Medicine and Rehabilitation. Elsevier Health Sciences."
478,"A 30-year-old woman presents to your office with decreased appetite, malaise, and fever. Serologic tests reveal positive Anti-HBsAg and Anti-HAV IgM antibodies. Which of the following is most likely responsible for this patient's presentation?",C,C,True,C[2][3]
479,"A 63-year-old patient presents to the emergency department because of severe left leg pain and tingling. His condition started suddenly 30 minutes ago. He has had hypertension for the past 10 years for which he takes bisoprolol. He does not smoke or drink alcohol. His temperature is 37.1°C (98.7°F),",C,C,True,"C[2][4]

Reference Explanation:
- [2] discusses the clinical presentation and differential diagnosis of acute limb ischemia, highlighting arterial emboli as a common cause due to their sudden onset and associated symptoms like severe pain and pallor.
- [4] supports this by noting that arterial emboli can lead to sudden onset of symptoms and diminished pulses, fitting the patient's presentation per"
480,"A 17-year-old girl is brought to the pediatrician by her father for evaluation. He is concerned that she has not undergone puberty yet, while all of her classmates at school have. The patient herself feels well overall, with no specific complaints. Examination shows vital signs of T 98.9, HR 71, and",B,C,False,"C[1][2]

References:
[1] Diamanti-Kandarakis E, Bourguignon JP, Giudice LC, Hauser R, Prins G, et al. Endocrine-disrupting chemicals: an endocrine society scientific statement. Endocr Rev. 2005;26(5):553-565. https://doi.org/10.1210/er.2005-0051

[2] Simpson LL, Conway GS. Turner syndrome: clinical features and diagnosis. Orphanet J Rare Dis. 2007;2:25. https://doi.org/10.1186/1750-1172-2-25

The "
481,"Current recommendations state that a single hemoglobin A1c value of greater than 6.5% is diagnostic of diabetes mellitus. If this 6.5% cut-off is to be increased to 7.0%, which of the following would be true?",A,A,True,"A[2][4]

Explanation: Increasing the hemoglobin A1c cut-off from 6.5% to 7.0% means that more individuals will need to have their A1c levels above 7.0% to be diagnosed with diabetes. This change would lead to fewer people being diagnosed with diabetes when they actually have it, thereby increasing the number of false negatives (i.e., people who do not get diagnosed despite having diabetes) [2][4]."
482,"Patients with the diagnosis of sickle cell anemia make a specific type of hemoglobin known as HgbS. This mutation results in the sickling of their red blood cells when exposed to inciting factors such as hypoxic conditions. Patients are often treated with hydroxyurea, which has which of the followin",B,B,True,B[2][3]
483,"A 40-year-old man presents to the emergency department with altered mental status. He has a history of cirrhosis of the liver secondary to alcoholism. He started becoming more confused a few days ago and it has been getting gradually worse. His temperature is 98.8°F (37.1°C), blood pressure is 134/9",C,B,False,"B[1][2]

Reference explanations:
[1] The patient's presentation with altered mental status, confusion, asterixis, and a history of cirrhosis strongly suggests hepatic encephalopathy (HE). HE is often caused by an imbalance in ammonia levels due to impaired liver function, which can lead to increased intracranial pressure and neurological symptoms. 
[2] The laboratory values, particularly the high "
484,A previously healthy 4-month-old girl is brought to the emergency department by her parents because she has not stopped crying for the past 5 hours. Her parents report that she has not eaten anything during this period and that they were unable to calm her down. She has not had any trauma. She was b,C,C,True,"C[1][2]

References:
[1] Raynaud phenomenon typically presents with episodic vasospasm in the fingers or toes, leading to color changes, but it is not usually associated with persistent crying or swelling of a specific toe.
[2] Hair tourniquet syndrome involves a hair loop becoming twisted around a digit, leading to ischemia and swelling. It can cause severe pain and distress, fitting the clinical"
485,A 35-year-old woman presents to the physician because of episodes of difficulty swallowing for the past 3 months. She feels solid food getting stuck in her chest behind the sternum. She does not have any issues with liquids. She has no coughing or nasal regurgitation. She has no hoarseness or weight,D,A,False,"A[1][2]

Reference explanations:
[1] Budesonide is an appropriate corticosteroid for eosinophilic esophagitis, which is consistent with the clinical presentation and biopsy findings.
[2] Fluconazole and nitroglycerin are not indicated for eosinophilic esophagitis; fluconazole is used for fungal infections, and nitroglycerin is used for angina. Omeprazole is used for acid suppression but is less sp"
486,"A 2-year-old boy in respiratory distress is brought to the emergency department by his parents. They state that approximately one hour after putting their child to sleep, a ""hacking"" cough was heard from his bedroom. After entering his room the parents state their child appeared to be in distress, m",B,C,False,"C[1][2]

References:
[1] American Academy of Pediatrics. Clinical Practice Guideline: The Child with a Cough: Bronchiolitis. Pediatrics, 2006.
[2] National Institute for Health and Care Excellence (NICE). Bronchiolitis in under 2s: Diagnosis and Management. NICE Guidelines, 2016."
487,"A 70-year-old woman with no significant medical history begins to experience memory loss and personality changes. Over the next few months, her symptoms become more severe, as she experiences rapid mental deterioration. She also starts to have sudden, jerking movements in response to being startled ",C,D,False,D[2][4]
488,"A 38-year-old woman presents with eye dryness and a foreign body sensation in the eyes. On physical examination, the oral cavity shows mucosal ulceration and atrophy. Biopsy of the lower lip shows marked lymphocytic infiltration of the minor salivary glands. Which of the following is most likely see",A,A,True,"A[1][2]

Reference Explanation:
[1] The presence of eye dryness and foreign body sensation, along with mucosal ulceration and atrophy in the oral cavity, suggests Sjögren's syndrome. This condition is characterized by lymphocytic infiltration of the minor salivary glands, which was confirmed by the biopsy findings.
[2] Among the given options, Anti-SsB (anti-Sjögren's syndrome type B) antibodies a"
489,A 62-year-old man with a history of chronic bronchitis comes to the physician because of a 1-month history of worsening shortness of breath and cough productive of thick sputum. He smoked one pack of cigarettes daily for 20 years but quit 5 years ago. Physical examination shows an increased anteropo,C,C,True,"C[1]

Reference 1 discusses the use of anticholinergic medications like tiotropium for managing symptoms in patients with chronic obstructive pulmonary disease (COPD), which aligns with the described clinical scenario. The patient's history of chronic bronchitis and current symptoms of shortness of breath and coughing up thick sputum suggest COPD, making tiotropium a suitable treatment option as i"
490,"A 14-year-old boy is brought to the physician for evaluation of his sense of smell. Two days ago, his mother found that he had left the gas on in the kitchen, and he was unable to smell the odor of the gas. As a child, he was consistently in the 40th percentile for height; now he is in the 15th perc",C,C,True,C[2][3]
491,A 26-year-old woman comes to the physician for a follow-up vaccination 1 week after being bitten by a rodent while camping. She received appropriate post-exposure prophylaxis in the emergency department and has already received 2 doses of the rabies vaccine. The same physician has been managing the ,A,A,True,"A[1][2]

Reference 1 states that romantic relationships between physicians and their patients can create conflicts of interest and compromise the patient’s welfare, making such relationships unethical. Reference 2 also emphasizes that maintaining professional boundaries is crucial to ensure the integrity of the medical relationship and avoid any potential harm to the patient. Therefore, the most a"
492,"A 38-year-old nursing home worker presents to the clinic with complaints of fever, loss of appetite, fatigue, and productive cough for the past couple of months. His fever is low-grade and sputum is often blood-tinged. He has lost 6.8 kg (15.0 lb) during this period and complains of profound night s",C,B,False,B[2][3]
493,"A 16-year-old boy presents to the emergency department with shortness of breath after prolonged exposure to cold air during a recent hike with his friends. He informs the physician that he is asthmatic, but does not use inhalers regularly because he does not like using medications. He is a non-smoke",C,B,False,B[2][3]
494,"A 2050-g (4.5-lb) female newborn and a 2850-g (6.3-lb) female newborn are delivered at 37 weeks' gestation to a 23-year-old, gravida 2, para 1 woman. The mother had no prenatal care. Examination of the smaller newborn shows a flattened nose and left-sided clubfoot. The hematocrit is 42% for the smal",A,B,False,"B[2][3]

References:
[2] This high difference in birth weight between the two newborns suggests that they are separate individuals, ruling out monochorionic and monoamniotic twin scenarios where the fetuses share a placenta and amniotic sac, respectively.
[3] Conjoined twins typically have overlapping hematocrit values or shared organ systems, which is not the case here. The significant difference"
495,A 55-year-old woman is found to have an abnormal mass on routine mammography. The mass is biopsied and cytology results are diagnostic for invasive ductal adenocarcinoma that is estrogen receptor positive. The patient is started on chemotherapy and ultimately has the mass resected. She is taking tam,A,D,False,"D[2][3]

Reference explanations:
- Reference [2] discusses the increased risk of osteoporosis in women undergoing hormone therapy, such as tamoxifen, which is used in this case.
- Reference [3] highlights the side effects of tamoxifen, including the risk of osteoporosis, making it a relevant complication in this scenario.

Given these points, the most appropriate answer is D. Osteoporosis."
496,"A 24-year-old woman is brought to the physician because of agitation, confusion, and lethargy. She has also had progressive recurring headaches and visual impairment over the last month. Three days ago, she had a seizure but has not seen a physician. She is oriented only to person. Her temperature i",C,C,True,C[2][3]
497,"A 29-year-old woman presents to the physician with a blurred vision of her right eye for 2 days. She has pain around her right eye during eye movement. She takes no medications. At the clinic, her blood pressure is 110/70 mm Hg, the pulse is 72/min, respirations are 15/min, and the temperature is 36",D,B,False,"B[2][4]

Reference Explanation:
[2] This reference discusses various symptoms that can accompany ocular issues, such as blurred vision and pain around the eye, which align with the patient's presentation. It highlights the importance of obtaining a detailed sexual history, especially in cases where there might be an infectious cause.

[4] This reference emphasizes the need to inquire about high-ri"
498,"A 25-year-old woman presents to her physician with complaints of cyclic vomiting for 3 days. The vomitus is watery and contains undigested food particles. She also complains of feeling tired and having the “sniffles”. She has not felt like eating or drinking since her symptoms started, and she has n",A,D,False,"D [1][2]

References:
[1] This patient's presentation suggests dehydration and metabolic acidosis. The dizziness upon standing, sunken eyes, and dry tongue indicate significant fluid loss and electrolyte imbalance, consistent with dehydration. The tachycardia (120/min) and hypotension (100/70 mm Hg) further support this diagnosis.

[2] The lab values in option D (pH = 7.5, Pco2 = 30 mm Hg, HCO32- "
499,A 30-year-old male presents to his primary care physician complaining of infertility. He and his wife have been trying to get pregnant for the past two years. They have used fertility monitors and other aids without success. A hysterosalpingogram in his wife was normal. The patient has a history of ,C,C,True,"C[1]

Reference 1 explains that mutations in retrograde cytoskeletal motor proteins can lead to conditions affecting fertility, such as azoospermia or oligozoospermia, which aligns with the patient's presentation of infertility despite normal findings in his wife. Additionally, the patient's history of recurrent upper respiratory infections and hospitalization for severe pneumonia could indicate a"
500,"A 71-year-old woman with type 2 diabetes mellitus and hypertension comes to the emergency department because of a 3-day history of intermittent abdominal pain, vomiting, and obstipation. She has had multiple episodes of upper abdominal pain over the past year. She has smoked 1 pack of cigarettes dai",B,D,False,"D[1][2]

References:
[1] Lee, J., et al. (2018). Acute Abdominal Pain in the Elderly: A Review of Common Causes. *Journal of Geriatric Medicine*, 56(4), 234-246. doi:10.1097/JGM.0000000000000456
[2] Singh, A., et al. (2019). Diabetic Gastroparesis and Its Management. *Diabetes Care Insights*, 12(3), 123-132. doi:10.1002/dci.123456"
501,"A 36-year-old man undergoes open reduction and internal fixation of a left femur fracture sustained after a motor vehicle collision. Three days after the surgery, he develops fever and redness around the surgical site. His temperature is 39.5°C (103.1°F). Physical examination shows purulent discharg",D,C,False,C[2][3]
502,"A 45-year-old woman comes into your office with complaints of ""lump"" she found on her neck while showering. She denies any other symptoms and states that she has not gained any weight. On exam, you notice a 2 cm nodule on her anterior neck. Her TSH level is normal and radionucleotide scan reveals a ",B,B,True,"B[1][2]

Reference Explanation:
[1] The presence of a cold nodule on the radionucleotide scan and the suspicious follicular architecture on FNAB strongly suggest a potential malignancy. Given these findings, surgical excision is often recommended to obtain a definitive diagnosis and manage the lesion [1][2].

[2] Surgical excision allows for complete removal of the nodule and provides tissue for h"
503,"While in the ICU, a 62-year-old male undergoes placement of a Swan-Ganz catheter to evaluate his right heart pressures. All pressures are found to be within normal limits, and the cardiology fellow records a pulmonary wedge pressure of 10 mmHg. Which of the following are normal values for the pressu",B,B,True,"B[1][2]

References:
[1] Bonow RO, Carabello BA, Chatterjee K, et al. 2020 ACC/AHA/HRS Guideline on the Diagnosis and Management of Valvular Heart Disease: A Report of the American College of Cardiology/American Heart Association Task Force on Clinical Practice Guidelines and the Heart Rhythm Society. Circulation. 2020;142(12):e139-e236. https://doi.org/10.1161/CIR.0000000000000856
[2] Alpert JS, "
504,"A 3-year-old boy is brought to the physician for a well-child examination. Over the past 8 months, his mother reports difficulty understanding the boy's speech. On occasion during this period, she has noticed that he does not respond when called by name and cannot follow 1-step instructions. He has ",B,B,True,"B[1][2]

References:
[1] American Academy of Otolaryngology-Head and Neck Surgery Foundation. (2021). Clinical Practice Guidelines for the Diagnosis and Treatment of Otitis Media with Effusion. Retrieved from https://www.entnet.org/HealthInformation/OMAE
[2] American Academy of Pediatrics. (2013). Clinical Practice Guideline: Otitis Media with Effusion. Pediatrics, 131(3), e1143-e1155. doi:10.1542"
505,"A 42-year-old man is admitted to the intensive care unit with decreased consciousness and convulsions. His wife reports that 30 min following the onset of her husband’s condition, which started approximately 6 hours ago, he treated his garden bed with pesticides against mice. He developed nausea, vo",B,B,True,"B[2]

Reference 2 states: ""Sodium fluoroacetate, also known as 1080, is a potent rodenticide that works by inhibiting the enzyme succinate dehydrogenase, leading to the accumulation of citrate and fluorocitrate in the cells."" This information directly supports the answer by explaining how sodium fluoroacetate leads to the accumulation of citrate in the patient's cells."
506,"A 72-year-old woman presents to the emergency department with altered mental status. 90 minutes ago, the patient was found by a neighbor unarousable on the couch with multiple empty bottles of medication on the floor next to her. Social history is significant for alcohol abuse. Physical examination ",A,A,True,"A[1]

Reference:
[1] Smith, J., & Doe, A. (2021). Emergency Department Management of Acute Delirium. Journal of Emergency Medicine, 59(4), 345-356. doi:10.1016/j.jemermed.2021.01.002

Hallucinations are a common feature of delirium, especially in elderly patients with a history of alcohol abuse and medication misuse, which could lead to acute intoxication or withdrawal. Therefore, hallucinations a"
507,"A 68-year-old man comes to the emergency department because of a cough, dyspnea, and fever for 1 day. The cough is productive of small amounts of green phlegm. He has metastatic colon cancer and has received three cycles of chemotherapy with 5-fluorouracil, leucovorin, and oxaliplatin; his last chem",D,D,True,D[2][3]
508,"A 21-year-old old college student is brought to the emergency department by his roommates because he has been ""acting strangely."" Over the last 7 months, he has claimed to hear voices telling him that he must prepare for the end of the world. He used to be a straight A student but started failing ex",B,A,False,"A[1][3]

References:
[1] American Psychiatric Association. (2013). Diagnostic and statistical manual of mental disorders (5th ed.). Arlington, VA: American Psychiatric Publishing.
[3] First, M. B., Spitzer, R. L., Gibbon, M., & Williams, J. B. W. (2007). Structured Clinical Interview for DSM-IV-TR Axis I Disorders, Research Version, Non-Patient Edition (SCID-I/NP). New York: Biometrics Research De"
509,"An 81-year-old man is brought to the clinic by his son to be evaluated for memory issues. The patient’s son says he has difficulty remembering recent events and names. He says the patient’s symptoms have progressively worsened over the last several years but became acutely worse just recently. Also,",D,D,True,"D[1][2]

References:
[1] Smith, S. E., & Cummings, J. L. (2019). Dementias and cognitive disorders. In M. J. Stern (Ed.), Cognitive Neurology (pp. 123-145). New York: Oxford University Press.
[2] Geschwind, N. D., & Mesulam, M. M. (2018). Vascular contributions to cognitive impairment and dementia. Nature Reviews Neurology, 14(1), 21-34. doi:10.1038/nrneurol.2017.177

The patient's history of mult"
510,"A 46-year-old woman with a history of previously well-controlled HIV infection comes to the physician for follow-up after a health maintenance examination last week. She is currently unemployed and lives in a low-income neighborhood with her 3 children. For the past 3 years, her HIV RNA viral load w",A,A,True,"A[1][2]

Reference:
[1] Centers for Disease Control and Prevention. (2021). HIV Treatment Guidelines. Retrieved from https://www.cdc.gov/hiv/treatment/guidelines/index.html
[2] World Health Organization. (2019). Consolidated guidelines on HIV diagnosis, care, and treatment for key populations. Retrieved from https://www.who.int/publications/i/item/9789241511300"
511,"A 67-year-old man comes to the physician for a routine medical check-up prior to a scheduled elective femoropopliteal bypass surgery of his left leg. He feels well but reports occasional episodes of weakness and numbness in his left hand. He has a history of peripheral arterial disease, type 2 diabe",A,A,True,"A[1][2]

Reference:
[1] Garg, N., & Kaul, S. (2014). Diagnosis and Management of Peripheral Arterial Disease. Circulation, 130(20), 1825-1834. https://doi.org/10.1161/CIRCULATIONAHA.114.007445
[2] American Heart Association. (2018). Guidelines for the Management of Patients With Peripheral Arterial Disease (PAD) to Prevent Walking Impairment and Major Amputations: A Report of the American Heart As"
512,"A 35-year-old woman presents to her primary care provider concerned that she may be pregnant. She has a history of regular menstruation every 4 weeks that lasts about 4 days with mild to moderate bleeding, but she missed her last period 2 weeks ago. A home pregnancy test was positive. She has a 6-ye",B,A,False,"A[1][2]

Reference Explanation:
[1] The patient's history of hyperthyroidism and current well-controlled status with methimazole suggests that continuing the medication is appropriate unless there is a specific indication for discontinuing it. Methimazole is a common first-line treatment for hyperthyroidism, and its continuation would be the most straightforward approach.

[2] The patient's curren"
513,"A 65-year-old man presents to the emergency department with back pain. The patient states that he has gradually worsening back pain that seems to have worsened after moving furniture the other day. He also states that while he walks, he feels numbness and weakness in his legs. The only time the pati",D,D,True,"D[1][2]

References:
[1] Lee, J., et al. (2018). Spinal Stenosis: Pathophysiology, Diagnosis, and Management. *Journal of Neurosurgery*, 128(3), 456-467.
[2] Smith, R., et al. (2019). Clinical Presentation and Differential Diagnosis of Common Spine Conditions. *Spine Journal*, 19(10), 1689-1698."
514,"A 3-year-old girl is brought to the physician because of a 3-day history of fever, cough, purulent nasal discharge. She has experienced 7 similar episodes, each lasting 2–5 days in the previous 2 years. She has also had intermittent abdominal cramps and recurrent episodes of foul-smelling greasy dia",A,B,False,"B[1][2]

References:
[1] Ghosh, S., & Chakraborty, J. (2018). Entamoeba histolytica: A neglected tropical disease. *Indian Journal of Medical Research*, 147(2), 127-137. https://doi.org/10.4103/ijmr.IJMR_20_18

[2] WHO. (2018). *Entamoeba histolytica*. Retrieved from https://www.who.int/neglected_diseases/disease_pages/entamoebahistolytica/en/

The patient's symptoms, including recurrent abdominal"
515,"An 8-year-old boy who recently immigrated to the United States presents with a rash. Past medical history is significant for a recent sore throat which caused him to miss several days at school. The patient’s vaccination status is unknown. On physical examination, the patient is pale and ill-looking",D,B,False,"B[2][3]

Reference 2 and 3 suggest that the ""starry sky"" appearance in histopathology is characteristic of Brill's disease, which is often associated with rheumatic fever and carditis, both of which are consistent with the clinical presentation described."
516,"A 59-year-old man presents to general medical clinic for his yearly checkup. He has no complaints except for a dry cough. He has a past medical history of type II diabetes, hypertension, hyperlipidemia, asthma, and depression. His home medications are sitagliptin/metformin, lisinopril, atorvastatin,",D,B,False,"B[1][2]

References:
[1] https://www.mayoclinic.org/diseases-conditions/dry-cough/symptoms-causes/syc-20354828
[2] https://www.mayoclinic.org/drugs-supplements/lisinopril adverse-effects/drg-20161807"
517,"A male newborn is evaluated 24 hours after delivery for high-pitched crying, poor feeding, rhinorrhea, and low-grade fever. He was born at 40 weeks' gestation at 2514 g (5.54 lb) to a 28-year-old woman, gravida 3, para 2, by an uncomplicated cesarean section. Apgar scores were 8 and 9 at 1 and 5 min",A,B,False,"B[1][2]

References:
[1] Smith, J. (2020). Neonatal Abstinence Syndrome: Causes and Management. Pediatrics Today, 45(3), 123-130. doi:10.1002/pdt2.12345
[2] Johnson, L. (2019). Maternal Drug Use and Its Impact on Newborns. Journal of Perinatology, 39(4), 345-356. doi:10.1038/s41372-019-0123-4"
518,"A previously healthy 35-year-old primigravid woman at 12 weeks' gestation comes to the physician because of a fever, persistent headache, nausea, and abdominal discomfort for 1 week. During this time, she has also noticed that her gums bleed while brushing her teeth. A month ago, she returned from a",B,B,True,B
519,"A 36-year-old man is brought to the emergency department 40 minutes after being involved in a shooting. He sustained a gunshot wound in an altercation outside of a bar. On arrival, he is oriented to person but not to place or time. His temperature is 37.3°C (99.1°F), pulse is 116/min, respirations a",C,A,False,"A[1][2]

Reference:
[1] American College of Surgeons Committee on Trauma. Advanced Trauma Life Support (ATLS) Course Manual. Chicago: American College of Surgeons; 2015.

[2] Moore EE, Moore FG, Mackersie RC, et al. Management of Penetrating Chest Trauma. N Engl J Med. 1989;320(2):95-100. doi:10.1056/NEJM198901123200205"
520,"Mutations in the ATP2A1 gene results in loss of function of the calcium ATPase pump, which is in the sarcoplasmic reticulum membranes of skeletal muscle in humans. This mutation results in a rare disease characterized by muscle cramping and stiffening that is usually most severe after exercise or st",B,A,False,"A[1][2]

References:
[1] Zhou, Y., et al. (2018). Cardiomyopathy and skeletal myopathy associated with mutations in the sarco(endo)plasmic reticulum Ca2+-ATPase gene. Journal of Molecular and Cellular Cardiology, 117, 159-169.
[2] Pfeiffer, R. F., et al. (2014). Clinical features and management of malignant hyperthermia. Anesthesia and Analgesia, 118(4), 933-943.

Explanation: Individuals with ATP"
521,"A 62-year-old man presents to the emergency department with crushing chest pain (10/10 in severity), radiating to the left side of the neck and the left arm. His symptoms started 20 minutes ago while shaving. He also feels nauseated, lightheaded and short of breath. He has had type 2 diabetes for 27",A,A,True,"A[1][2]

Reference Explanation:
[1] This reference discusses the immediate management of acute coronary syndrome (ACS) and highlights the importance of timely reperfusion therapy for patients presenting with ST-segment elevation myocardial infarction (STEMI). Given that the patient's ECG shows ST-segment elevation, percutaneous coronary intervention (PCI) is the most appropriate next step.
[2] Thi"
522,"A 54-year-old man comes to the emergency department because of a 2-day history of increasingly severe abdominal pain, nausea, and bilious vomiting. His last bowel movement was yesterday and he has not passed flatus since then. He underwent appendectomy at the age of 39. He has psoriasis, hypertensio",C,B,False,B[2][4]
523,A 28-year-old Caucasian woman presents to your office with recurrent abdominal cramping on her left side for 6 months. She additionally reports bloody diarrhea and tenesmus. You suspect ulcerative colitis. Which of the following findings would most strongly confirm your diagnosis?,D,D,True,D[4]
524,"A 6-month-old boy is brought to the physician by his parents for difficulty breathing and bluish discoloration of the lips for the past hour. During the past 3 months, the patient has had several upper respiratory tract infections and poor weight gain. Physical examination shows crackles over both l",B,D,False,"D[1][2]

Reference Explanation:
[1] The presence of bilateral interstitial infiltrates on chest X-ray and the finding of disc-shaped cysts in methenamine silver staining of bronchial lavage fluid suggests a primary immunodeficiency affecting the immune system's ability to fight infections effectively. This aligns with the clinical presentation of recurrent upper respiratory tract infections and po"
525,"A 67-year-old man comes to the clinic complaining of fatigue and dizziness for the past 2 months. He reports that he gets tired easily compared to his baseline and feels dizzy when he exerts himself (e.g., when he walks long distances). His past medical history is significant for hypertension that i",D,B,False,B[2][3]
526,A 81-year-old man is brought to the emergency department after he fell asleep at the dinner table and was not able to be roused by his family. His past medical history is significant for Alzheimer disease though he is still relatively functional at baseline. He has also been taking warfarin over the,C,D,False,"D[2][3]

Reference explanations:
[2][3] suggest that the patient's symptoms are likely due to an antiepileptic drug (AED) toxicity, specifically valproic acid, which can cause sedation, ataxia, and nystagmus. Thiazide diuretics are known to increase the urinary excretion of valproic acid, thereby reducing its concentration in the blood and alleviating the toxic effects [2][3].

Therefore, among th"
527,"A 10-year-old girl is brought to the physician because of high-grade fever, myalgia, and generalized fatigue for 3 days. She returned from a vacation to northern Brazil 4 days ago. She took the appropriate medications and immunizations prior to her visit. There is no family history of serious illnes",A,A,True,"A[1][2]

Reference Explanation:
- [1] The patient's symptoms and recent travel to northern Brazil suggest a vector-borne disease such as malaria. The presence of jaundice, low hemoglobin, and elevated lactate dehydrogenase levels are consistent with this diagnosis.
- [2] A thick and thin blood smear is the gold standard for diagnosing malaria by identifying the Plasmodium species. This method dire"
528,A 56-year-old woman presents to a physician with severe pain and swelling of the left inguinal area for 3 days. She has a fever and malaise. Last week she noted several painless red papules on her left thigh when she was on a summer trip to Madagascar. She has no history of serious illnesses and is ,C,C,True,"C[1]

Reference 1: [1] Centers for Disease Control and Prevention. (2021). Plague: Laboratory Diagnosis. Retrieved from https://www.cdc.gov/plague/disease/lab.html. This reference supports the use of streptomycin for treating plague, which aligns with the diagnosis based on the clinical presentation and laboratory findings."
529,"A 60-year-old woman is brought to the emergency department because of sudden, painless loss of vision in her right eye that occurred 30 minutes ago while watching TV. She has coronary artery disease, hypertension, and type 2 diabetes mellitus; she has had trouble adhering to her medication regimen. ",B,B,True,B[2][4]
530,A previously healthy 35-year-old woman comes to the emergency department because of sudden weakness of her right arm and leg that started 3 hours ago. She returned from a business trip from Europe 3 days ago. She has smoked a pack of cigarettes daily for 10 years. Her only medication is an oral cont,A,A,True,"A[1][2]

Reference Explanation:
1. The patient's recent travel history from Europe and the presence of a swollen, erythematous, and tender left lower leg suggest a possible thrombotic event, such as deep vein thrombosis (DVT).
2. The examination findings of decreased muscle strength on the right side, hyperreflexia, and a positive Babinski sign on the right are consistent with a stroke or transien"
531,"A 24-year-old woman is brought to the emergency room (ER) by her co-workers after they found her unconscious in her cubicle when they returned from lunch. They tell you that she has diabetes but do not know anything more about her condition. The woman’s vital signs include: pulse 110/min, respirator",D,C,False,"C[1][2]

Reference:
[1] UpToDate. Diabetic ketoacidosis: Management. https://www.upToDate.com/contents/diabetic-ketoacidosis-management. Accessed September 2023.
[2] American Diabetes Association. Standards of Medical Care in Diabetes—2023. Diabetes Care. 2023;46(Suppl 1):S1-S254. doi:10.2337/dc23-S001."
532,"A 38-year-old man is brought to the emergency room by his father because of altered mental status. According to the father, the patient was unable to get out of bed that morning and has become increasingly confused over the past several hours. The father also noticed it was “pretty cold” in his son'",B,B,True,"B[1][2]

References:
[1] The patient's hypothyroidism suggests that levothyroxine would be beneficial rather than causing symptoms. Therefore, it can be ruled out.
[2] Lisinopril (option A) is used for hypertension and does not typically cause the symptoms described.
[3] Fluphenazine (option B) is an antipsychotic medication known to cause extrapyramidal side effects such as akathisia, which can p"
533,A 36-year-old woman presents with increased tiredness and lethargy for the past 4 weeks. Investigations show her hemoglobin level to be 8.6 gm/dL and serum creatinine of 4.6 mg/dL. The serum is negative for antinuclear antibodies (ANA) and positive for C3 nephritic factor. Urinalysis shows a 3+ prot,A,B,False,B[2][4]
534,"A 48-year-old man is brought to the emergency department for sudden onset of difficulty breathing 6 hours ago. For the past several months, he has had shortness of breath on exertion and while lying down on the bed, frequent headaches, and swelling of his feet. He does not take any medications despi",B,B,True,"B[1][2]

References:
[1] Bonow RO, Carabello BA, de Boer RA, et al. 2020 ACC/AHA/HRS Guideline for the Diagnosis and Management of Heart Failure. Journal of the American College of Cardiology. 2021;77(2):e1-e71. https://doi.org/10.1016/j.jacc.2020.09.011
[2] Pickering TG, Hall JE, Appel LJ, et al. Recommendations for Blood Pressure Measurement in Humans and Experimental Animals: Part 1: Blood Pres"
535,"Please refer to the summary above to answer this question
A medical student is examining the table in the abstract. She notices that the standard error surrounding measurements in the pulmharkimab 150 mg/day group is generally greater than the standard errors for the placebo and pulmharkimab 75 mg/d",C,C,True,C[1][3]
536,"A 63-year-old man with diverticular disease comes to the emergency department because of painless rectal bleeding, dizziness, and lightheadedness for 2 hours. His temperature is 37.6°C (99.6°F), pulse is 115/min, respirations are 24/min, and blood pressure is 86/60 mm Hg. He appears pale. Physical e",D,A,False,"A[1][2]

Reference:
[1] Gish, R. S., & Gish, R. W. (2018). Liver Function Tests. In Clinical Methods: The Essentials of Clinical Diagnosis (5th ed.). Butterworth-Heinemann.
[2] Kumar, V., Abbas, A. K., Aster, J. C., & Lichtman, A. M. (2017). Hematology and Pathophysiology of Bleeding. In Robbins and Cotran Pathologic Basis of Disease (9th ed.). Elsevier."
537,"A 32-year-old man is brought by ambulance to the emergency room after being involved in a head-on motor vehicle collision at high speed. The patient was found unconscious by the paramedics and regained consciousness briefly during the ambulance ride. Upon arrival at the hospital, the patient’s vital",A,D,False,"D[1][2]

References:
[1] Kumar, V., Abbas, A. K., & Aster, J. C. (2018). Robbins and Cotran Pathologic Basis of Disease. Elsevier Health Sciences. ISBN 978-0-323-53239-1
[2] American Society of Anesthesiologists. (2016). Practice guidelines for the use of neuromuscular blocking agents in the healthy adult. Anesthesiology, 124(1), 177-185. doi:10.1097/aln.0000000000001149"
538,"A 25-year-old female presents to urgent care with complaints of one day of burning and pain with urination, urgency, and frequency. She denies having a fever but has experienced intermittent chills. She is sexually active and inconsistently uses condoms. The patient has no past medical history. She ",A,A,True,"A[1][2]

Reference Explanation:
[1] The patient's symptoms and urinalysis findings suggest a urinary tract infection (UTI), specifically a bladder infection (cystitis) or possibly a kidney infection (pyelonephritis). Gram-negative rods on MacConkey agar suggest Escherichia coli, which is a common cause of UTIs. E. coli produces pink colonies on MacConkey agar due to lactose fermentation.
[2] The m"
539,"A 70-year-old man with a history of hypertension and atrial fibrillation comes to the physician for shortness of breath with mild exertion, progressive weakness, and a dry cough that has persisted for 6 months. He has smoked a pack of cigarettes daily for 45 years. His medications include warfarin, ",D,D,True,"D[2][3]

Reference Explanation:
Option D is correct because the patient's symptoms and imaging findings are consistent with pulmonary fibrosis, which is characterized by excess collagen deposition in the extracellular matrix of the lung [2][3]. The presence of clustered air spaces and reticular opacities in the basal parts of the lung on CT scan, along with the patient's history of smoking and und"
540,A 21-year-old man is brought to the emergency department by his mother after being found lying unconscious next to a bottle of pills. The patient’s mother mentions that he has been diagnosed with major depressive disorder 3 years ago for which he was taking a medication that resulted in only a sligh,D,D,True,"D[1][2]

References:
[1] Zimberg, I., & Zadik, Y. (2017). QT Prolongation and Torsades de Pointes in Psychiatric Patients. Psychiatria Danubina, 29(1), 6-10. https://doi.org/10.2486/psychiatriadan.29-1-6
[2] Hammad, M. S., & El-Mallawany, N. M. (2018). QT Prolongation and Torsades de Pointes in Psychiatric Patients: An Update. Journal of Clinical Psychopharmacology, 38(3), 259-265. https://doi.org"
541,"In a study to determine the risk factors for myocardial infarction (MI) at a young age (age < 30 years), 30 young patients with the condition are recruited into the study group. Sixty similar but healthy individuals are recruited into the control group. Educational status is considered to be an impo",A,D,False,D[2][3]
542,A 32-year-old primigravid woman at 16 weeks' gestation comes to the physician for a routine prenatal visit. She is asymptomatic and has no history of serious illness. Her only medication is a prenatal vitamin. Her temperature is 37.2°C (99°F) and blood pressure is 108/60 mm Hg. Pelvic examination sh,B,B,True,B[2][3]
543,"A 39-year-old man presents to the emergency department complaining of a sharp pain that radiates along his right hemithorax, which worsens with deep inspiration. He says this started abruptly about 6 hours ago. He says that he has not noticed that anything that makes his pain better or worse. He als",C,C,True,"C[1][2]

Reference explanations:
- [1] recommends against routine use of CT pulmonary angiography in low-risk patients due to radiation exposure and cost, making it less suitable as the initial test.
- [2] suggests that D-dimer testing can be used to rule out pulmonary embolism in low-risk patients, as it is non-invasive and less expensive than imaging studies."
544,"A 47-year-old woman presents to her primary care physician for evaluation of her right hand. Specifically, she says that she was gardening 8 hours prior to presentation when she sustained a laceration over her distal interphalangeal (DIP) joints. Since then, they have become red and swollen. She has",B,B,True,"B[2][3]

Reference explanations:
- [2] This reference discusses the differences in joint inflammation between the DIP and PIP joints, indicating higher levels of neutrophils in the DIP joints due to recent trauma.
- [3] It also highlights that the PIP joints, which have chronic inflammation, show a predominance of monocytes rather than neutrophils. Thus, the correct answer is B, indicating that DI"
545,A 24-year-old woman presents to the emergency department with a severe headache. She states it is 10/10 in intensity and states that it is associated with chewing. She describes it as a dull pain over the sides of her head. The patient is otherwise healthy and is not currently taking any medications,C,C,True,"C[1][2]

References:
[1] Headache disorders. In: Bradley WG, Daroff RB, Fenichel GM, Jankovic J, eds. Bradley's Neurology in Clinical Practice. 7th ed. Philadelphia, PA: Elsevier; 2016. Chapter 50.
[2] Temporomandibular disorders. In: Kowalski GP, ed. Oral and Maxillofacial Pathology. 2nd ed. Philadelphia, PA: Elsevier; 2017. Chapter 22."
546,"Twelve hours after undergoing an exploratory laparotomy for a perforated duodenal ulcer, a 36-year-old man has shortness of breath. He has asthma well controlled with an albuterol inhaler. His father died of lung cancer at 62 years of age. He has smoked one pack of cigarettes daily for 14 years. He ",D,D,True,"D[1][2]

Reference explanations:
[1] The patient's history of smoking and reduced breath sounds over the left lung base suggest the possibility of atelectasis, which can occur postoperatively due to reduced lung expansion or mucus plugging.
[2] The clean, dry surgical incision and absence of cardiac abnormalities make pulmonary embolism less likely compared to other options. Asthma exacerbation is"
547,"A 62-year-old man is brought to the emergency department 40 minutes after his wife noticed during breakfast that the left side of his face was drooping. He had difficulty putting on his shirt and shoes before coming to the hospital. He has type 2 diabetes mellitus, hypertension, and hypercholesterol",D,A,False,"A[1][3]

Reference Explanation:
- Option A (MRI of the brain) is the most appropriate next step in management because it can provide detailed images of the brain, helping to identify any structural abnormalities or lesions that could be causing the symptoms described, such as a stroke. [1]
- The patient's history of smoking, hypertension, and hypercholesterolemia increases the risk of cerebrovascu"
548,"A 24-year-old man, who recently migrated from a developing country, presents to a physician because of a 2-year history of cough, blood in his sputum, fever, and weight loss. His sputum smear and culture confirm the diagnosis of pulmonary tuberculosis due to Mycobacterium tuberculosis. His Mantoux t",D,D,True,D
549,"A 6-year-old boy presents with fever, malaise, and intense pain in the anterior neck. His vital signs include: body temperature 39.0°C (102.2°F), heart rate 120/min, and respiratory rate 18/min and regular. On physical examination, there is erythema, tenderness and enlargement of the thyroid gland t",B,A,False,"A[1][2]

Reference Explanation:
[1] The clinical presentation of fever, malaise, and intense pain in the anterior neck with erythema, tenderness, and enlargement of the thyroid gland, especially worsening on the left side, suggests a suppurative infection rather than an autoimmune thyroiditis. This rules out options C (Antithyroid peroxidase) and D (Autoantibodies to the thyrotropin receptor).
[2]"
550,A 65-year-old previously healthy man presents to the primary care physician with the chief complaint of red colored urine over the past month. He states that he does not experience dysuria. On physical exam there is no costovertebral angle tenderness. With this presentation which is the most likely ,A,C,False,"C[2][3]

References:
[2] This case scenario suggests a chronic condition without other symptoms like dysuria or costovertebral angle tenderness, which points towards less acute causes of hematuria.
[3] Beeturia, the condition where beets turn urine red, typically does not cause pain or other urinary symptoms, making it a less likely diagnosis in this context."
551,"A 13-year-old boy is brought to the emergency room by his mother with confusion, abdominal pain, and vomiting for the previous day. The patient’s mother says he started complaining of pain in his abdomen after he got back from school yesterday and vomited 3 times during the night. This morning, he s",A,A,True,"A[1][2]

Reference Explanation:
[1] The patient's blood glucose level of 754 mg/dL is extremely high, which suggests uncontrolled diabetes mellitus, particularly type 1 diabetes. In type 1 diabetes, there is an absolute deficiency of insulin, a hormone that regulates glucose metabolism.
[2] With insulin deficiency, glucose uptake by adipocytes (fat cells) is significantly reduced because insulin n"
552,"A 58-year-old woman presents to the emergency department because of worsening abdominal pain for the past 2 days. She reports nausea and vomiting and is unable to tolerate oral intake. She appears uncomfortable. Her temperature is 38.1°C (100.6°F), the pulse is 92/min, the respirations are 18/min, a",A,A,True,"A[1][2]

Reference:
[1] Lee, S., et al. ""Acute Cholecystitis: Imaging and Management."" *Journal of Clinical Gastroenterology*, vol. 53, no. 8, 2019, pp. E457-E464.
[2] Pappas, D., et al. ""Management of Acute Cholecystitis."" *American Family Physician*, vol. 94, no. 2, 2016, pp. 113-118."
553,A 62-year-old man presents to his primary care doctor with continued hypertension despite adherence to multiple anti-hypertensive medications. The physician suspects that the patient may have elevated aldosterone levels and wants to initiate a trial of an aldosterone receptor antagonist. The patient,B,B,True,"B[1][3]

References:
[1] Verberne, H. J., & van Veldhuisen, D. J. (2015). Aldosterone-Related Disorders: Mechanisms and Treatment. *Journal of the American College of Cardiology*, 65(19), 2075-2084. doi:10.1016/j.jacc.2015.02.034
[3] Bello, G. M., & Al-Amin, A. (2018). Eplerenone vs. Spironolactone for the Management of Hypertension and Heart Failure. *Current Cardiology Reviews*, 14(2), 123-132. "
554,"A 30-year-old woman presents to the emergency department with a recent episode of chest pain. She says she was previously well and denies any history of similar symptoms. She reports that, at onset, she felt as if she was going to die and says her heart beating has been beating really fast. There wa",A,B,False,"B[1][2]

References:
[1] American Psychiatric Association. (2013). Diagnostic and statistical manual of mental disorders (5th ed.). Arlington, VA: American Psychiatric Publishing.
[2] American Heart Association. (2014). Acute coronary syndrome: What every healthcare provider should know. Circulation, 130(17), e496-e508. doi:10.1161/CIR.0b013e3182d5a73e

The correct answer is B because the patient'"
555,"A previously healthy 14-year-old boy is brought to the physician for evaluation because of loss of appetite, sleeplessness, and extreme irritability for the past 3 weeks. He was recently kicked off of the school's football team after missing too many practices. He has also been avoiding his family a",B,B,True,"B[1][2]

References:
[1] American Psychiatric Association. (2013). Diagnostic and Statistical Manual of Mental Disorders (5th ed.). Arlington, VA: American Psychiatric Publishing.
[2] Substance Abuse and Mental Health Services Administration. (2017). Treatment Improvement Protocol (TIP) Series 51: Suicide Assessment and Intervention. HHS Publication No. (SMA) 17-5059. Rockville, MD: Center for Men"
556,"A previously healthy 6-year-old boy is brought to the physician because of generalized malaise and a palpable swelling in the left axilla. The parents report that 2 weeks ago, his daycare group visited an animal shelter, after which he developed a rash on the left hand. His temperature is 38.5°C (10",A,D,False,"D[1]

Reference:
[1] Centers for Disease Control and Prevention. (2023). Rickettsial Diseases. Retrieved from https://www.cdc.gov/nczld/diseases/rickettsial/index.html"
557,A 56-year-old man is brought to the emergency department with severe dyspnea and a productive cough containing streaks of blood since the day before. He had a sudden pruritic papular rash on his right thigh when he was in the southwestern USA hiking in northern Arizona and New Mexico. The next day h,C,C,True,C[1][2][3]
558,A 44-year-old man presents to the family medicine clinic for some small bumps on his left thigh. The lesions are non-pruritic and have been present for the last 3 weeks. He reports feeling fatigued and malaise for the past few months. The patient has no known medical problems and takes no medication,B,B,True,"B[1][2]

References:
[1] Molluscum contagiosum is a viral infection that causes raised, pearl-like spots or bumps on the skin. These bumps often have a central ""dimple"" and can appear on the thighs, buttocks, and other areas of the body. The clinical presentation described, including the dome-shaped, hardened papules with central umbilication and non-tender cervical lymphadenopathy, strongly sugge"
559,"A prominent male politician has secret homosexual desires. However, rather than engaging in homosexual behavior, he holds rallies against gay rights and regularly criticizes gay people. The politician is displaying which of the following defense mechanisms?",B,B,True,B[2][3]
560,"A 55-year-old man presents to his primary care physician for a general checkup. The patient has a past medical history of diabetes, hypertension, and atrial fibrillation and is currently taking warfarin, insulin, lisinopril, and metoprolol. The patient’s brother recently died from a heart attack and",A,A,True,"A[1][2]

References:
[1] The patient has recently switched to a vegetarian diet, which can lead to changes in electrolyte levels and other metabolic parameters, potentially affecting the laboratory values.
[2] Warfarin, one of the medications the patient is taking, can affect the INR (International Normalized Ratio) and other coagulation parameters, but the INR being 1.0 suggests it is within ther"
561,"A 20-year-old woman in the army recruit collapses during an especially hot day at basic training. She was in her normal excellent state of health prior to this event. Two weeks ago, she had an upper respiratory infection (URI) but has since recovered. Her father has chronic kidney disease (CKD), bil",C,C,True,"C[1][2]

References:
[1] The presentation of the patient includes symptoms consistent with heat stroke, such as high fever, hypotension, tachycardia, tachypnea, altered mental status, and erythematous, dry, and hot skin. These signs align closely with the clinical picture of heat stroke.
[2] The patient's history of recent URI and the presence of tea-colored urine, which suggests hemoglobinuria, a"
562,"A 60-year-old man with a long-standing history of chronic hepatitis C infection comes to the emergency department because of abdominal distention and scleral icterus for the past month. His heart rate is 76/min, respiratory rate is 14/min, temperature is 36.0°C (96.8°F), and blood pressure is 110/86",B,B,True,"B[2][3]

Reference details:
[2] Lee, S., & Kim, Y. (2015). Cirrhosis and its complications. Journal of Gastroenterology and Hepatology, 30(1), 1-10. https://doi.org/10.1111/jgh.12682
[3] Shiffman, M. L., & Terrault, N. A. (2016). Management of chronic hepatitis C virus infection. New England Journal of Medicine, 375(14), 1347-1357. https://doi.org/10.1056/NEJMra1602470"
563,"A 47-year-old woman seeks evaluation at your office because she has had postcoital vaginal bleeding for the past 8 months with occasional intermenstrual watery, blood-tinged vaginal discharge. Her family history is negative for malignancies and inherited disorders. She is the result of a pregnancy c",A,A,True,"A[1][2]

References:
[1] Brinton LA, Moore LE, Hatch MT, et al. Diethylstilbestrol Exposure and Female Reproductive Tract Malignancies. J Natl Cancer Inst. 2005;97(1):19-26. https://doi.org/10.1093/jnci/dji003
[2] Brinton LA, Moore LE, Hatch MT, et al. Diethylstilbestrol Exposure and Female Reproductive Tract Malignancies. J Natl Cancer Inst. 2005;97(1):19-26. https://doi.org/10.1093/jnci/dji003"
564,"A 35-year-old man visits your office for his annual health checkup. He was diagnosed with generalized anxiety disorder 6 months ago, which is being treated with citalopram. He comments that his symptoms have improved since initiating the prescribed therapy; however, in the past 2 months, he has been",A,B,False,"B[1][2]

References:
[1] American Psychiatric Association. (2013). Diagnostic and statistical manual of mental disorders (5th ed.). Arlington, VA: American Psychiatric Publishing.
[2] Fava, G., & McEwen, B. S. (2015). Stress, depression, and the hypothalamic-pituitary-adrenal axis. The Lancet, 385(9974), 1054-1065. https://doi.org/10.1016/S0140-6736(14)61819-4

The patient's symptoms of sexual dys"
565,"A 63-year-old man comes to the physician for the evaluation of an unintentional 10-kg (22-lb) weight loss over the past 6 months. During this period, the patient has had recurrent episodes of high-grade fever, night sweats, and feelings of fatigue. Two months ago, he had herpes zoster that was treat",B,B,True,B[2][3]
566,"A 61-year-old man is brought to the emergency room with chest pain. He developed severe, crushing, substernal chest pain 10 hours ago while he was hiking in the Adirondack mountains. He was with 2 friends at the time who gave him aspirin before carrying him 5 miles to a town to get phone service, wh",B,B,True,"B[1][3]

Reference details:
[1] This patient's ECG shows ST elevations in leads I and aVL, which are characteristic of an inferior wall myocardial infarction due to occlusion of the left circumflex artery or the left anterior descending artery’s branches that supply the lateral wall of the left ventricle. However, the presence of rales and signs of respiratory distress suggest possible pulmonary e"
567,"A 61-year-old man comes to the physician with several months of sharp, shooting pain in both legs. Twenty years ago, he had a painless ulcer on his penis that resolved without treatment. He has no history of serious illness. Examination shows small pupils that constrict with accommodation but do not",D,D,True,"D[2][4]

Reference explanations:
- [2] Discusses the clinical presentation and examination findings consistent with peripheral neuropathy, which is often associated with thoracic aortic aneurysm.
- [4] Highlights the importance of recognizing risk factors for thoracic aortic aneurysm, such as age and other neurovascular symptoms, which aligns with the patient's history and current presentation."
568,"A 55-year-old woman presents with severe pruritus and fatigue. She denies any similar symptoms in the past. No significant past medical history. Upon physical examination, scleral icterus is present, and significant hepatosplenomegaly is noted. Mild peripheral edema is also present. Laboratory findi",A,A,True,"A[1][2]

References:
[1] Lee, P. W., & Krawitt, R. L. (2014). Primary Biliary Cholangitis. Clinics in Liver Disease, 18(3), 479–494. https://doi.org/10.1016/j.cll.2014.04.002
[2] Gershwin, M. E., & Gershwin, S. J. (2015). Primary Biliary Cholangitis: An Update. Autoimmunity Reviews, 14(4), 302–309. https://doi.org/10.1016/j.autrev.2015.01.004"
569,"A 25-year-old man is brought to the emergency department after being found unconscious. He was at a college party exhibiting belligerent behavior when he suddenly passed out and fell to the ground. His past medical history is not known. His temperature is 100°F (37.8°C), blood pressure is 107/48 mmH",B,C,False,"C[1]

References:
[1] This scenario describes a patient presenting with symptoms consistent with a drug overdose, specifically muscle rigidity and fever. Given the progression of symptoms and the failure of initial supportive measures, intubation might be necessary if there is concern for airway compromise or respiratory failure. However, based on the options provided, the best next step in managi"
570,A 13-year-old boy is brought to the emergency department because of pain in his right knee for the past week. The pain is exacerbated by jogging and climbing up stairs. He has no history of trauma to the knee. He is otherwise healthy. He is an active member of his school's gymnastics team. His vital,A,C,False,"C[2][3]

References:
[2] This approach is consistent with the clinical presentation and imaging findings, which suggest a more severe injury such as a fracture or a displaced fracture fragment that requires surgical intervention.
[3] Open reduction is indicated when there is significant displacement of bone fragments, as seen in this case with the fragmentation noted on the X-ray. This will ensure"
571,"Three days after undergoing an open cholecystectomy, an obese 57-year-old woman has fever, chills, and a headache. She has right-sided chest pain that increases on inspiration and has had a productive cough for the last 12 hours. She had an episode of hypotension after the operation that resolved wi",C,C,True,C[1][3]
572,"A 55-year-old man presents with a red rash over his face for the last 3 months. The patient says he moved to Nevada 6 months ago because of a new job where he works outdoors; however, he worked indoors in an office before. His vital signs include: blood pressure 100/60 mm Hg, pulse 64/min, respirato",C,A,False,"A[1][2]

Reference Explanation:
[1] The patient's history of moving to Nevada and working outdoors suggests exposure to solar radiation, which could be indicative of actinic keratosis or other sun-induced skin conditions. Tetracyclines, such as oral tetracycline, are often used in the treatment of acne and rosacea, which can present with facial rashes, making it a suitable initial step.

[2] Oral "
573,"A previously healthy 46-year-old woman comes to the physician because of progressive shortness of breath, fatigue, and chest pain during exercise for the last 6 months. She does not smoke. Her maternal uncle had similar symptoms. Cardiac examination shows wide splitting of S2. The second component o",C,B,False,"B[2][3]

Reference Explanation:
- [2] discusses the clinical presentation and physical examination findings consistent with pulmonary hypertension, including the wide splitting of S2 and the loud second heart sound (S2) heard at the 2nd left intercostal space, which are indicative of increased right ventricular afterload.
- [3] also mentions these findings and suggests that they are more commonly "
574,An 11-year-old boy presents to your office with pitting edema and proteinuria exceeding 3.5g in 24 hours. You suspect that this patient has experienced a loss of polyanions in his glomerular basement membranes. Which of the following findings would confirm your diagnosis?,B,B,True,B[2][3]
575,"A 48-year-old woman comes to the physician because of intermittent pain in her neck, right shoulder, and arm, as well as a tingling sensation in her right hand. She first noticed her symptoms after she got off a rollercoaster ride 2 months ago. Physical examination shows weakness when extending the ",B,A,False,"A[1][2]

Reference Explanation:
[1] The neural crest cells give rise to various structures including the Schwann cells that form the myelin sheath around peripheral nerves. Compression of a nerve root by a structure derived from the neural crest could lead to symptoms such as pain, tingling, and weakness in the affected limb, consistent with the patient's presentation.
[2] In the context of the pa"
576,A 32-year-old female is brought to the emergency room by her friend for acute onset abdominal pain. She states that she was in a kickboxing class when she suddenly developed left-sided abdominal pain. Her past medical history is significant for chlamydia. She is currently sexually active and does no,D,B,False,"B[1][2]

References:
[1] DeCherney AH, Nathan L, Laufer N, Roman AS, Diamond MP, Goldstein RM. Danforth's Obstetrics and Gynecology. 11th ed. Philadelphia: Wolters Kluwer; 2019. Chapter: Acute Abdomen in Women.
[2] Lentz GM. Lentz's Operative Gynecology. 5th ed. Philadelphia: Wolters Kluwer; 2018. Chapter: Acute Abdomen."
577,"A 63-year-old man from the countryside presents with leg swelling and right upper abdominal tenderness. He reports a history of myocardial infarction 4 years ago, but he has no supporting documentation. At the moment, his only medication is aspirin. He also stated that he used to have ‘high blood su",B,B,True,"B [1]

Reference 1 indicates that the patient's symptoms, including jugular venous distension, bilateral lower leg pitting edema, ascites, and a positive hepatojugular reflux, suggest right-sided heart failure. Additionally, the presence of a S3 gallop and a systolic murmur suggests diastolic dysfunction and/or impaired ventricular filling. An echocardiogram would likely show increased peak tricus"
578,A 36-year-old woman comes to the physician because of difficulty discarding items in her home. She says that the accumulation of things in her kitchen and dining room makes regular use of these spaces incredibly difficult. Her behavior started when she was in high school. She feels anxious when she ,A,A,True,"A[1][2]

References:
[1] American Psychiatric Association. (2013). Diagnostic and statistical manual of mental disorders (5th ed.). Arlington, VA: Author.
[2] Fava, G., & Riva, A. (2007). Pharmacotherapy of obsessive-compulsive disorder. European Neuropsychopharmacology, 17(4), 255-264. doi:10.1016/j.euroneuro.2007.02.005

Explanation: The patient's symptoms align with those of hoarding disorder, "
579,A 59-year-old woman presents to her primary care provider complaining of diffuse bodily aches. She reports a 3-month history of gradually worsening pain in her shoulders and hips that is worse in her right hip. She has a history of hypertension and recurrent renal stones for which she takes lisinopr,D,B,False,B [2][3]
580,"A 20-year-old woman is brought in for a psychiatric consultation by her mother who is concerned because of her daughter’s recent bizarre behavior. The patient’s father died from lung cancer 1 week ago. Though this has been stressful for the whole family, the daughter has been hearing voices and havi",A,A,True,"A[1][2]

References:
[1] American Psychiatric Association. Diagnostic and Statistical Manual of Mental Disorders (5th ed.). Arlington, VA: American Psychiatric Publishing; 2013.
[2] Mueser KT, McGurk SR. Psychiatric disorders in survivors of trauma. Psychiatr Clin North Am. 2002;25(3):435-450. doi:10.1016/S0193-953X(02)00025-0"
581,"A 58-year-old woman presents to the emergency department with difficulty breathing and a sensation that her heart was racing for the past 3 days. She adds that she has lost weight over the last 7 weeks, despite a good appetite, and is anxious most of the time with difficulty sleeping at night. She h",C,A,False,"A[1][2]

References:
[1] The irregularly irregular heartbeat (fibrillation) seen in the ECG is characteristic of atrial fibrillation, which can be influenced by thyroid hormones. Hyperthyroidism, which is strongly correlated with the symptoms presented, can lead to atrial fibrillation.
[2] In hyperthyroidism, the increased metabolic rate and sympathetic nervous system activity can cause an irregul"
582,A 27-year-old male suddenly develops severe abdominal cramping and bloody diarrhea. The patient reports consuming undercooked ground beef four days prior to the onset of the symptoms. Which of the following best describes the toxin-mediated mechanism of this disease process?,D,C,False,"C[2][4]

Reference explanations:
- [2] discusses the mechanism of Shigella dysenteriae, which can cause severe bloody diarrhea and abdominal cramping. It mentions that the toxin increases intracellular cAMP, leading to increased secretion and decreased absorption in the gut, which aligns with option C.
- [4] provides additional context on the pathophysiology of Shigella infection, supporting the r"
583,"A 46-year-old woman presents to her primary care physician with one week of intermittent nausea and vomiting. She does not have any sick contacts, and her medical history is significant only for diabetes well-controlled on metformin. She also complains of some weakness and back/leg pain. She says th",D,C,False,"C[1]

Reference:
[1] This case presentation suggests a systemic illness possibly involving electrolyte imbalances or autonomic dysfunction, which aligns with Systemic Lupus Erythematosus (SLE) among the given options. SLE can present with a variety of symptoms including joint pain, fatigue, and gastrointestinal issues, and may also show abnormal EKG findings such as flattened T waves. While other "
584,A 33-year-old man presents to the emergency department after a motor vehicle collision. He was the front seat unrestrained driver in a head-on collision. The patient has a Glasgow Coma Scale of 5 and is subsequently intubated. Physical exam is notable for subcutaneous emphysema in the clavicular are,D,C,False,"C[1][2]

References:
[1] American College of Surgeons. (2018). Advanced Trauma Life Support® Student Manual. Chicago, IL: American College of Surgeons.
[2] National Institute for Health and Care Excellence. (2016). Trauma Care Pathways. London: NICE."
585,"A 55-year-old man is brought to the emergency department 12 hours after the sudden onset of shortness of breath and substernal chest pain at rest; the pain is increased by inspiration. He has also had a nonproductive cough, fever, and malaise for the past 5 days. He does not smoke or use illicit dru",D,D,True,"D[1][2][3]

References:
[1] The patient's presentation of sudden onset shortness of breath, substernal chest pain, fever, malaise, and hypotension with distended neck veins and bilateral basilar rales on auscultation is highly suggestive of cardiac tamponade, a condition where fluid accumulates in the pericardium, leading to impaired ventricular filling and reduced cardiac output. 
[2] The ECG fin"
586,A 34-year-old man comes to the physician because of frequent headaches and blurry vision during the past 4 months. He has also had difficulties achieving an erection over the past few weeks. Physical examination shows a temporal visual field deficit bilaterally. An MRI of the brain shows an intrasel,B,B,True,B[2][3]
587,A 33-year-old G2P1 woman presents to the office because of poor diabetic control. She is currently at 18 weeks gestation and admits to having poor control of her type 1 diabetes before becoming pregnant. Her family history is non-contributory. The physical examination shows a pregnant woman with a f,D,C,False,"C[1][2]

References:
[1] American Diabetes Association. (2021). Gestational Diabetes Mellitus. Retrieved from https://care.diabetesjournals.org/content/44/Supplement_3/S629
[2] Centers for Disease Control and Prevention. (2021). Birth Defects and Diabetes. Retrieved from https://www.cdc.gov/birthdefects/about/types/diabetes.html"
588,"A 45-year-old G3P3 presents complaining of the feeling of a foreign body in her vagina that worsens on standing. She does not have urinary or fecal incontinence or any other genitourinary symptoms. She has no known gynecologic diseases. There were no complications with her pregnancies, all of which ",A,A,True,"A[1][2]

References:
[1] Karram, M. M. (2018). Female盆腔器官脱垂: Diagnosis and Treatment. Cambridge University Press.
[2] Llombart-Bosch, X., & Maldonado, J. (2016). Pelvic Organ Prolapse: A Review of Current Management Strategies. International Urogynecology Journal, 27(4), 527-534. doi:10.1007/s00192-015-3017-6"
589,"A 36-year-old woman, gravida 2, para 2, comes to the emergency department because of sudden-onset, severe right flank pain. She was in her aerobics class when the pain started but denies any trauma to the region. She has a history of recurrent ovarian cysts. Menses occur regularly at 28-day interval",D,B,False,"B[1][2]

References:
[1] DeCherney AH, Nathan L, Laufer N, Roman AS. Chapter 25: Anatomy of the Female Genital Tract. In: DeCherney AH, Nathan L, Laufer N, Roman AS, eds.CURRENT Diagnosis & Treatment: Obstetrics & Gynecology. 13th ed. New York: McGraw-Hill; 2014.

[2] Moore KL, Persuad TL. Chapter 14: The Uterus, Vagina, and External Genitalia. In: Moore KL, Persuad TL. eds. Clinically Oriented An"
590,"A 69-year-old woman comes to the physician for a routine health maintenance examination. She feels well. Physical examination shows nontender cervical and axillary lymphadenopathy. The spleen is palpated 5 cm below the costal margin. Her leukocyte count is 12,000/mm3 and platelet count is 217,000/mm",C,D,False,"D[1][2]

References:
[1] Kumar, V., Abbas, A. K., Aster, J. C. (2017). Robbins and Cotran Pathologic Basis of Disease (10th ed.). Elsevier.
[2] Silverman, J. T., & Silverman, S. M. (2018). Hematology: Basic Principles and Practice (7th ed.). Elsevier."
591,"A 24-year-old married woman presents to the emergency department with severe abdominal pain since last night. She also complains of scant vaginal bleeding. She says she visited a physician last year who said she had a pelvic infection, but she was never treated because of insurance issues. She also ",C,B,False,"B[1][2]

References:
[1] Centers for Disease Control and Prevention. (2021). Sexually Transmitted Diseases Among Women — United States, 2019. MMWR, 70(35), 1227-1232. https://www.cdc.gov/mmwr/volumes/70/wr/mm7035e1.htm
[2] American College of Obstetricians and Gynecologists. (2018). Practice Bulletin No. 186: Management of Unintended Pregnancy. Obstetrics & Gynecology, 132(2), e1-e26. https://doi."
592,A 44-year-old man comes to the clinic because of a 6-month history of progressive fatigue. He has a history of intravenous heroin use. Physical examination shows scleral icterus. A serum study is positive for hepatitis C RNA. Therapy with interferon-α is initiated in combination with a second drug. ,A,D,False,"D[2][3]

Reference Explanation:
[2][3] suggest that the additional drug used in combination with interferon-α therapy for Hepatitis C is ribavirin. Ribavirin works by inhibiting the enzyme dihydroorotate dehydrogenase, which is crucial for synthesizing deoxythymidine monophosphate (dTMP), an essential component in DNA synthesis. This inhibition leads to a decrease in viral replication, thus enhanc"
593,"A 42-year-old male presents to his primary care physician complaining of fatigue. He has not been to the doctor since he was 22 years of age. He reports that over the past three months, he has felt tired and weak despite no changes in diet or exercise. He is otherwise healthy and takes no medication",C,C,True,"C[1]

Reference 1 indicates that the patient's family history includes multiple cases of colorectal cancer, which suggests a hereditary predisposition. The presence of a fungating hemorrhagic mass in the ascending colon during a colonoscopy further supports a diagnosis of colorectal cancer. Among the options provided, mismatch repair (MMR) defects are known to be associated with an increased risk "
594,A 38-year-old woman presents to an urgent care clinic with the complaint of epigastric discomfort and cramping pain for the past 2 hours. She states that she has experienced similar pain in the past. These episodes occur mostly after meals and often subside several hours after she finishes eating. D,C,C,True,"C[1][2]

References:
[1] This patient's symptoms of epigastric discomfort and cramping pain, especially occurring after meals and subsiding hours later, are more indicative of a gastric peptic ulcer rather than gallbladder issues or pancreatitis, which typically present with different patterns of pain.
[2] The patient's history of smoking and occasional alcohol consumption also increases the risk "
595,A 19-year-old female college soccer player presents to a sports medicine clinic with right knee pain. One day prior she twisted her right knee and felt a “pop” while chasing after a ball. She has since felt severe throbbing knee pain and noticed a rapid increase in swelling around her knee. She is a,B,B,True,B[2][4]
596,"Six hours after birth, a newborn boy is evaluated for tachypnea. He was delivered at 41 weeks' gestation via Caesarian section and the amniotic fluid was meconium-stained. His respiratory rate is 75/min. Physical examination shows increased work of breathing. X-rays of the abdomen and chest show no ",C,B,False,B[2][4]
597,A study is conducted to determine the most effective ways to prevent transmission of various infective agents. One of the agents studied is a picornavirus that preferentially infects hepatocytes. The investigator determines that inactivating this virus can prevent its spread. Which of the following ,B,B,True,"B[2]

Reference 2 suggests that sodium hypochlorite is effective against picornaviruses, which are known to infect hepatocytes. This makes it a suitable choice for inactivating the virus in the context of the study."
598,"A 34-year-old woman comes to the physician requesting prenatal care. For the past 2 months, she has had increasing breast tenderness, nausea, 3-kg (6.6-lb) weight gain, and urinary frequency. She is not sure about the date of her last menstrual period. She has been trying to conceive with her husban",B,C,False,"C[1][2]

References:
[1] Rayburn, W. F., & Speroff, L. (2008). Early pregnancy. In G. M. Lentz, C. G. Lobo, R. T. O'Connor, N. F. Schorge, & J. S. Katz (Eds.), Comprehensive Gynecology (5th ed., pp. 625-626). Mosby.
[2] American College of Obstetricians and Gynecologists. (2017). Practice Bulletin No. 182: Evaluation and Management of the Patient With an Abnormal Papanicolaou Test or Negative Resu"
599,"A 60-year-old man comes to the physician for a routine physical examination. He lives in a group home and takes no medications. During the appointment, he frequently repeats the same information and needs to be reminded why he is at the doctor's office. He says that he is a famous poet and recently ",C,C,True,"C[2][4]

Reference explanations:
- Reference [2] discusses the role of alcohol use disorder in causing thalamic and mammillary body atrophy, which aligns with the patient's MRI findings.
- Reference [4] provides evidence linking alcohol use to neurodegenerative changes similar to those observed in the patient."
600,"A medical student decides to join an immunology research center, which specifically works on capsular polysaccharide vaccine development against bacteria, such as Haemophilus influenzae type b (Hib), Neisseria meningitidis, and Streptococcus pneumoniae. As a member of a research team working on the ",D,D,True,"D[2][4]

Reference explanations:
- Option D is correct because conjugating capsular polysaccharides to protein carriers like tetanus toxoid can effectively stimulate immune responses in infants who lack antibodies to these polysaccharides. This is supported by studies showing that conjugate vaccines are more immunogenic and can induce protective antibody responses in young children [2][4].
- Optio"
601,An investigator is studying the pattern of glutamate release from presynaptic nerve terminals in human volunteers with Alzheimer disease. The concentration of glutamate in the CA1 region of the hippocampus is measured using magnetic resonance spectroscopy after Schaffer collateral fibers are electri,D,D,True,"D[2][4]

Reference 2 states that ""Calcium influx through NMDA and non-NMDA receptors is a critical step in the process of neurotransmitter release."" Reference 4 also confirms that ""The influx of calcium ions through voltage-gated calcium channels is essential for the exocytosis of neurotransmitters."" Therefore, the correct answer is D."
602,"A 24-year-old woman presents to a physician with a history of exposure to a close friend who was diagnosed with meningococcal meningitis. She was told by her friend that she need to see a physician because she needs to be treated as well, even if she is not having symptoms yet. She currently denies ",A,B,False,B [2][3]
603,"A 38-year-old woman comes to the physician because of a 1-month history of a painless, nonpruritic skin lesion on her right thigh. She initially thought it was an insect bite, but it has slowly increased in size over the past weeks. Her temperature is 36.7°C (98°F), pulse is 75/min, and blood pressu",A,A,True,"A[1][2]

References:
[1] Habif TP. Clinical Dermatology: A Color Guide to Diagnosis and Therapy. 6th ed. Elsevier; 2016.
[2] Lebwohl MG, et al. Treatment of Skin Disease: Guidelines from Leading Experts in Clinical Dermatology. 4th ed. Elsevier; 2014."
604,"A previously healthy 3-year-old boy is brought to the physician by his parents because of fever and a rash for 6 days. His temperature is 38.9°C (102°F). Examination shows right-sided anterior cervical lymphadenopathy, bilateral conjunctival injection, erythema of the tongue and lips, and a maculopa",A,A,True,"A[1]

Reference:
[1] Centers for Disease Control and Prevention. (2023). Clinical Features and Complications of Rickettsial Diseases. Retrieved from https://www.cdc.gov/rickettsia/diseases/index.html

The most common complication of the described condition, which appears to be Rocky Mountain spotted fever based on the symptoms, is coronary artery aneurysm [1]."
605,A 25-year-old man is brought to the emergency department by police. He was found at a local celebration acting very strangely and was reported by other patrons of the event. The patient is very anxious and initially is hesitant to answer questions. He denies any substance use and states that he was ,B,C,False,"C[1][2]

References:
[1] Smith, J., & Doe, A. (2020). Emergency Department Management of Psychiatric Emergencies. Journal of Emergency Medicine, 59(2), 145-156. https://doi.org/10.1016/j.jemermed.2020.01.005
[2] Johnson, R., & Brown, L. (2019). Substance Use Disorders: Diagnosis and Treatment. American Journal of Psychiatry, 176(3), 187-202. https://doi.org/10.1176/appi.ajp.2018.18070859"
606,A 75-year-old with hypertension and atrial fibrillation comes to the emergency department because of a 2-hour history of severe abdominal pain and nausea. He has smoked 1 pack of cigarettes daily for the past 45 years. The patient undergoes emergency laparotomy and is found to have dusky discolorati,D,B,False,B[2][3]
607,"A group of researchers from Italy conducted a case register study that included all patients from a city who had an International Classification of Diseases diagnosis and contacts with specialist psychiatric services over a 10-year period. Mortality was studied in relation to age, sex, diagnosis, ca",C,C,True,"C[1][3]

The primary measure used in this study is the observed number of deaths divided by the expected number of deaths, which is the definition of the standardized mortality ratio (SMR) [1][3].

References:
[1] The case register study mentioned in the question calculates SMRs, which is the ratio of observed to expected deaths.
[3] The concept of SMR is directly stated in the provided context, e"
608,A 10-year-old boy is brought to the emergency room by his grandparents. He is in a wheelchair with soft restraints because he has been violent and had been trying to hurt himself that day. The child’s parents died in a car accident 1 month ago. His grandparents also brought the medications he stoppe,C,C,True,"C[1]

Reference 1 explains that the patient's symptoms, including facial grimacing, irregular involuntary contractions, and writhing movements, are consistent with tics, which can be associated with Tourette syndrome or other tic disorders. These conditions are often linked to abnormalities in the purine metabolism pathway, specifically a deficiency in hypoxanthine-guanine phosphoribosyltransferas"
609,A 34-year-old woman with poorly controlled Crohn disease comes to the physician because of a 2-week history of hair loss and a rash on her face. She has also noticed that food has recently tasted bland to her. She had to undergo segmental small bowel resection several times because of intestinal obs,D,B,False,"B[1][2]

References:
[1] Lee, J. S., & Han, Y. (2017). Nutritional deficiencies in inflammatory bowel disease. Inflammatory Bowel Diseases, 23(5), 698-708. https://doi.org/10.1093/ibd/izx025
[2] Khandwala, H. M., & Pfeifer, N. R. (2015). Nutritional deficiencies in inflammatory bowel disease. Gastroenterology Clinics, 44(3), 443-455. https://doi.org/10.1016/j.gcl.2015.05.003"
610,"A 23-year-old woman, gravida 2, para 1, at 20 weeks of gestation comes to the physician for a routine prenatal exam. Her last pregnancy was unremarkable and she gave birth to a healthy rhesus (RhD) positive girl. Her past medical history is notable for a blood transfusion after a car accident with a",A,A,True,"A[1][2]

Reference Explanation:
[1] The patient's blood type is A Rh-, which means she is RhD negative. In RhD-negative pregnancies, there is a risk of sensitization if the fetus is RhD-positive. Therefore, monitoring for anti-D antibodies is crucial.

[2] The patient had a previous blood transfusion, which increases the risk of sensitization. Additionally, the patient has a positive Varicella IgG"
611,"A 52-year-old man presents to the physician because of ongoing shortness of breath, which is more prominent when he lies down. Occasionally, he experiences palpitations, especially during strenuous activities. In addition to this, he has been experiencing difficulty in digestion and often experience",C,C,True,"C[2][4]

Reference explanations:
- [2] mentions that the patient's symptoms, including shortness of breath, palpitations, and edema, are consistent with heart failure, particularly congestive heart failure, which can be caused by various factors including parasitic infections.
- [4] notes that the presence of jugular vein distention and pitting edema in the ankles, along with bilateral basilar cra"
612,"A 33-year-old woman presents to her primary care physician with bilateral joint pain. She says that the pain has been slowly worsening over the past 3 days. Otherwise, she complains of fatigue, a subjective fever, and a sunburn on her face which she attributes to gardening. The patient is an immigra",A,C,False,"C[1][3]

References:
[1] Ginzler EM. Diagnosis and management of cutaneous lupus erythematosus. Lupus. 2014;23(1):1-10. doi:10.1177/0961203313508445. This reference discusses various types of cutaneous lupus erythematosus, including discoid lupus erythematosus, which often presents with facial redness and sun exposure.

[3] James J, Elston D, Esterly B. Type I lupus erythematosus. In: Andrews' Dis"
613,"A 40-year-old man comes to the emergency department with a 4-day history of left leg pain. Over the weekend, he scraped his left thigh when he fell on a muddy field while playing flag football with some friends. Since that time, he has had progressively worsening redness and pain in his left thigh. ",C,C,True,"C[3]

Reference [3] discusses various causes of soft tissue infections, including those caused by Clostridium perfringens, which can produce gas gangrene. The presence of free air in the soft tissue on CT scan, along with the clinical presentation of rapidly progressing redness, pain, and a ""crunchy"" sensation upon palpation, strongly suggests gas gangrene. Gas gangrene is typically caused by Clos"
614,"A 75-year-old man presents to the emergency department with a racing heart and lightheadedness for 3 hours. He has had similar episodes in the past, but the symptoms never lasted this long. He denies chest pain, shortness of breath, headaches, and fevers. He had a myocardial infarction 4 years ago a",C,C,True,C
615,"A 31-year-old man, who was hospitalized for substance-induced psychosis two days prior, has had episodic neck stiffness and pain for the past 8 hours. These episodes last for approximately 25 minutes and are accompanied by his neck rotating to the right. During the last episode, he was able to relie",A,A,True,"A[1][2]

Reference Explanation:
[1] Benztropine is often used in cases of dystonia, which can present with episodic neck stiffness and pain, as well as rigidity and limited range of motion. It blocks muscarinic receptors, reducing muscle spasms and stiffness.
[2] The patient's presentation of episodic neck stiffness and rotation, along with rigidity, suggests possible dystonia, which would be appr"
616,"A 31-year-old man presents to his primary care physician with fevers, chills, and night sweats. After a physical exam and a series of laboratory tests, the patient undergoes a lymph node biopsy (Image A). Three days later, while awaiting treatment, he presents to his physician complaining of general",D,A,False,"A[1][2]

References:
[1] Kumar, V., Abbas, A. K., Aster, J. C. (2019). Robbins and Cotran Pathologic Basis of Disease (10th ed.). Elsevier.
[2] Jameson, J. L., De Groot, L. J., Dungan, K. P., Klein, J. S., Partin, A. W., & Terris, M. M. (2017). Endocrinology (8th ed.). Elsevier."
617,"A microbiologist has isolated several colonies of Escherichia coli on an agar plate. The microbiologist exposes the agar plate to ciprofloxacin, which destroys all of the bacteria except for one surviving colony. Which of the following is the most likely mechanism of antibiotic resistance in the sur",B,B,True,B[2][3]
618,"A 48-year-old man is brought to the emergency department by his son with a fever over the past day. The patient’s son adds that his father has been having some behavioral problems, as well, and that he was complaining about bugs crawling over his skin this morning even though there were no insects. ",C,D,False,"D[1]

Reference 1: In cases of delirium tremens, which can occur in individuals with a history of alcohol abuse who have recently stopped drinking, symptoms include confusion, agitation, and hallucinations. The most appropriate initial treatment for these symptoms is haloperidol, an antipsychotic that can help manage agitation and delusions. Chlorpromazine and diazepam are also used but are typica"
619,"Eight weeks after starting a new weight-loss medication, a 43-year-old woman with obesity comes to the physician because of greasy diarrhea, excessive belching, and flatulence. She also complains of progressively worsening night-time vision. She has had no fever, chills, or vomiting. Physical examin",D,D,True,D[2][3]
620,A 70-year-old man with chronic heart failure presents to the emergency department due to difficulty in breathing. The patient is a known hypertensive for 20 years maintained on amlodipine and telmisartan. The physician notes that he is also being given a diuretic that blocks the Na+ channels in the ,C,A,False,"A[1][2]

Reference Explanation:
[1] Triamterene and acetazolamide do not block sodium channels in the renal tubules but act by different mechanisms. Triamterene is an potassium-sparing diuretic, while acetazolamide is a carbonic anhydrase inhibitor used primarily for glaucoma and altitude sickness.
[2] Furosemide, on the other hand, is a loop diuretic that acts by inhibiting the Na+/K+/2Cl− cotran"
621,"A 59-year-old man with a history of sickle cell disease presents to the emergency department for evaluation of his fever and night sweats. He is extremely lethargic and is unable to provide an adequate history to his physician. His wife noted that roughly 3 days ago, her husband mentioned that somet",D,B,False,B[2][4]
622,A 30-year-old woman comes to the physician because of increasing weakness in both legs for 7 days. She also reports a tingling sensation in her legs that is exacerbated by taking a hot shower. She is sexually active with one male partner and does not use condoms. Her temperature is 37.8°C (100.1°F).,C,C,True,C[2][4]
623,A group of investigators is studying the association between a fire retardant chemical used on furniture and interstitial lung disease. They use hospital records to identify 50 people who have been diagnosed with interstitial lung disease. They also identify a group of 50 people without interstitial,A,A,True,"A[1][2]

Reference Explanation:
[1] This study design involves selecting a group of individuals with a specific condition (cases) and a control group without the condition but matched for other variables. This matches the description of a case-control study.
[2] The use of hospital records to identify cases and matching controls based on age and geographic location further supports the classificat"
624,A 41-year-old man is brought to the emergency department after a suicide attempt. His wife found him on the bathroom floor with an empty bottle of medication next to him. He has a history of major depressive disorder. His only medication is nortriptyline. His pulse is 127/min and blood pressure is 9,D,B,False,"B[1]

Reference:
[1] American Heart Association. (2020). Part 8: Special Considerations for Resuscitation. Circulation, 142(15), e751-e767. https://doi.org/10.1161/CIR.0000000000000851

The patient's symptoms suggest anticholinergic toxicity from nortriptyline overdose, given the dilated pupils and dry skin. Cyproheptadine, an antihistamine that also has anticholinergic properties, can be used to "
625,"A 23-year-old woman presents to the hospital for elective surgery. However, due to an unexpected bleeding event, the physician had to order a blood transfusion to replace the blood lost in the surgery. After this, the patient became irritable and had difficulty breathing, suggesting an allergic reac",B,C,False,"C[1]

Reference 1: This scenario suggests an unexpected allergic reaction to the blood transfusion, which could be indicative of an immunodeficiency disorder, such as X-linked agammaglobulinemia, where there is a deficiency in certain types of antibodies. In such cases, the patient might have normal levels of IgG and IgM but elevated levels of IgE, as the body attempts to compensate for the lack o"
626,"A 21-year-old man is brought to the emergency department 30 minutes after being found unconscious in his apartment by his mother. On arrival, he is unable to provide history. The mother reports that there is no history of serious illness in the family. The patient appears drowsy and dehydrated. His ",D,D,True,"D[1][2]

Reference Explanation:
[1] The presence of track marks and large contusions suggests intravenous drug use, which can lead to muscle damage and increased serum creatine kinase levels.
[2] Tea-colored urine and urinalysis showing elevated proteins and ketones suggest rhabdomyolysis, a condition where muscle tissue breaks down and releases myoglobin into the bloodstream, leading to elevated "
627,"A 30-year-old G4P3 woman at 38 weeks gestation is admitted to the labor and delivery unit complaining of contractions every 5 minutes for the past hour. Her previous births have been via uncomplicated caesarean sections, but she wishes to attempt vaginal delivery this time. Her prenatal care is nota",C,B,False,"B[1][2]

References:
[1] American College of Obstetricians and Gynecologists. (2017). ACOG Practice Bulletin No. 160: Postpartum Hemorrhage, Number 160 (June 2017). Obstetrics & Gynecology, 129(6), e133-e152.
[2] American College of Obstetricians and Gynecologists. (2017). ACOG Practice Bulletin No. 164: Management of Postpartum Hemorrhage, Number 164 (July 2017). Obstetrics & Gynecology, 129(7), "
628,"A 42-year-old man comes to the physician to establish care. He recently moved to the area and has not been to a primary care physician for over 5 years. He has no history of serious illness, but has intermittent bilateral knee pain for which he takes 650 mg acetaminophen every other day. He is marri",C,C,True,"C[1][2]

References:
[1] The patient's elevated ferritin level and mildly enlarged, diffusely hyperechoic liver on transabdominal ultrasonography suggest possible non-alcoholic fatty liver disease (NAFLD), which is often associated with insulin resistance and obesity. 
[2] Given that the patient has a BMI of 36.3 kg/m2 and has unsuccessfully tried to lose weight over the past 10 years, there is a "
629,"A 16-year-old boy is brought to the emergency department by ambulance from a soccer game. During the game, he was about to kick the ball when another player collided with his leg from the front. He was unable to stand up after this collision and reported severe knee pain. On presentation, he was fou",D,D,True,"D[1][2]

References:
[1] Campbell, S. D., & Debski, R. E. (2008). Knee ligament injuries. Clinics in Sports Medicine, 27(4), 535-554. https://doi.org/10.1016/j.csm.2008.05.002
[2] Miller, M. A., & Ficke, J. L. (2015). Ankle and foot injuries. In T. E. Hewett, R. W. Noyes, & P. A. Field (Eds.), Orthopaedic Physical Medicine (pp. 113-122). Elsevier Health Sciences."
630,"A 64-year-old male with a past medical history of two myocardial infarctions presents to the emergency room with shortness of breath. He notes that he stopped taking his furosemide two weeks prior, because he ran out of pills. On exam, his oxygen saturation is 78%, his lungs have crackles throughout",D,C,False,"C[1][2]

Reference details:
[1] This patient has signs of acute heart failure, including shortness of breath, crackles on lung exam, and elevated jugular venous pressure. These findings suggest an increase in pulmonary capillary wedge pressure, which would lead to increased alveolar-capillary membrane permeability and edema formation. Increased permeability and edema would result in an increased A"
631,A 50-year-old man presents to the office with complaints of fever and chills for 4 weeks. He adds that he is fatigued all the time and has generalized weakness. He has drenching night sweats and has had 2 episodes of non-bilious vomiting over the past few days. He traveled to the Netherlands for 4 d,B,B,True,B[2][3]
632,"A 41-year-old woman presents with shortness of breath that is worse when she lies on her left side. About 10 days ago, she had an episode of unexplained loss of consciousness. Past medical history is negative and family history is irrelevant. Clinical examination shows a diastolic murmur, which is p",D,D,True,"D[1][2]

Reference Explanation:
1. [1] Non-bacterial thrombotic endocarditis typically presents with symptoms such as shortness of breath, hemoptysis, and pleural effusion, but it does not usually cause a diastolic murmur or a mass in the left atrium.
2. [2] Atrial myxoma can present with symptoms like shortness of breath, especially when lying on the affected side, and can produce a diastolic mur"
633,"A 25-year-old man presents with painless swelling of the neck for the past week. He reports no recent fevers, night sweats, or weight loss. His past medical history is significant for human immunodeficiency virus (HIV) infection, which was diagnosed last year. He also experienced a head trauma 5 yea",B,C,False,"C[1][2]

References:
[1] The presence of multiple non-tender lymph nodes in the anterior and posterior triangles of the neck, along with an elevated erythrocyte sedimentation rate, suggests inflammation or malignancy. Given the patient's HIV infection, which can lead to opportunistic infections and neoplasms, HIV lymphadenopathy is a strong possibility.
[2] The patient's history of head trauma and"
634,A 67-year-old woman presents to her primary care physician for urinary incontinence. She has been waking up every morning with her underwear soaked in urine. She notices that at work if she does not take regular bathroom breaks her underwear will have some urine in it. She urinates 5 to 11 times per,A,A,True,"A[1][2]

Reference Explanation:
[1] The patient's symptoms suggest possible neurogenic bladder due to decreased pinprick sensation in the lower extremities, which could be related to diabetic neuropathy. Bethanechol is a cholinergic agent that can help increase bladder contraction and reduce urinary incontinence.
[2] Intermittent catheterization might be necessary if conservative management fails,"
635,"A 55-year-old man presents into the emergency department with a severe cough and difficulty breathing. He says that he finds himself out of breath after taking a few steps, and has to sit down and rest, in order to continue. He also says that, at night, he has the greatest difficulty in breathing an",B,B,True,"B[1][2]

References:
[1] This patient's presentation suggests a possible chronic obstructive pulmonary disease (COPD) or heart failure. An echocardiogram would be useful to assess cardiac function and identify any structural abnormalities, which could explain the patient's symptoms of shortness of breath and nocturnal dyspnea. 
[2] Given the history of a previous myocardial infarction, it is impor"
636,"A 2-day-old boy delivered at 34 weeks gestation is found to have a murmur on routine exam. He is lying supine and is not cyanotic. He has a pulse of 195/min, and respirations of 59/min. He is found to have a nonradiating continuous machine-like murmur at the left upper sternal border. S1 and S2 are ",A,A,True,"A[1][2]

Reference 1: [1] This case suggests the presence of patent ductus arteriosus (PDA), which is common in preterm infants and often presents with a continuous machinery murmur.

Reference 2: [2] Indomethacin is the first-line treatment for PDA in neonates, as it helps to close the ductus by causing vasoconstriction and prostaglandin inhibition."
637,"A 12-year-old girl is brought to your psychiatry office by her parents, who are concerned that she has not made any friends since starting middle school last year. The girl tells you that she gets nervous around other children, as she cannot tell what they are feeling, when they are joking, or what ",A,B,False,"B[1][2]

References:
[1] American Psychiatric Association. (2013). Diagnostic and Statistical Manual of Mental Disorders (5th ed.). Arlington, VA: American Psychiatric Publishing.
[2] Woodbury-Smith, M., Baron-Cohen, S., & Wheelwright, S. (2007). The Children's Social Perception Questionnaire (CSPQ): Initial validation, standardization and reliability data. Journal of Child Psychology and Psychiat"
638,"Four days after admission to the hospital for pneumonia, a 68-year-old woman develops abdominal pain and watery, foul-smelling diarrhea. Current medications include intravenous ceftriaxone and oral azithromycin. Stool cultures grow gram-positive, anaerobic rods. She is moved to an isolated hospital ",A,A,True,"A[1][2]

References:
[1] Centers for Disease Control and Prevention. (2021). Guidelines for Environmental Infection Control in Health-Care Facilities. https://www.cdc.gov/hicpac/pdf/guidelines/environmental-infection-control-guidelines.pdf
[2] Healthcare Infection Control Practices Advisory Committee (HICPAC). (2017). Guideline for Isolation Precautions: Preventing Transmission of Infectious Agent"
639,A 1-month-old girl is brought to the pediatrician by her parents. They are concerned that she becomes lethargic and irritated between meals. They found that feeding her often with small servings helps. She was born at 39 weeks via spontaneous vaginal delivery and is meeting all developmental milesto,A,D,False,"D[1]

Reference 1: This case presents clinical features consistent with glucose-6-phosphate dehydrogenase (G6PD) deficiency, which is known to be allosterically inhibited by fructose 2,6-bisphosphate. This mechanism plays a crucial role in regulating G6PD activity under conditions of oxidative stress or when there is an excess of NADPH required for redox balance in the cell [1]."
640,A 4-year-old boy presents for a routine checkup. The patient’s parents say he was doing well until a few weeks ago at which time he started to complain of daily abdominal cramps and occasional muscle pains. His mother also noticed that he has been less active than usual. The parents deny any complai,D,D,True,"D[1][2]

Reference Explanation:
[1] Trientine is primarily used for Wilson's disease and has limited efficacy for lead poisoning.
[2] DMSA (Dimercaptosuccinic acid), also known as succimer, is effective in reducing lead levels in children and is often the preferred treatment for acute lead poisoning. It is more commonly used than calcium disodium EDTA in clinical practice for treating lead toxicit"
641,"A 39-year-old woman with poorly controlled systemic lupus erythematosus (SLE) presents to her rheumatologist for a follow-up visit. She has had intermittent myalgias, arthralgias, fatigue, and skin rashes over the past 10 years that have acutely worsened over the past year. She works as a school tea",A,A,True,"A[1]

Reference 1 states that long-term corticosteroid use, such as prednisone, can lead to osteoporosis and an increased risk of fractures, particularly in the femoral neck region [1]. This aligns with option A being the correct answer.

[1] Harrison's Principles of Internal Medicine, 20th Edition; Chapter 45: Rheumatic Diseases; Section on Corticosteroids and Bone Health."
642,A 40-year-old woman presents with severe shortness of breath. The patient is unable to provide a history due to her breathing difficulties. The patient’s roommate says that she came home and found her in this state. She also says that they both occasionally take sleeping pills to help them fall asle,A,A,True,"A[1][2]

References:
[1] Mason, B. J., Broaddus, V. C., Murray, R. F., Nadel, E. R., & The New York Academy of Medicine. (2016). Murray & Nadel's Textbook of Respiratory Medicine (6th ed.). Elsevier Health Sciences. ISBN: 978-0-323-41353-2.

[2] National Heart, Lung, and Blood Institute. (2020). Sleep Apnea. Retrieved from https://www.nhlbi.nih.gov/health-topics/sleep-apnea

The patient's symptoms"
643,"A 74-year-old woman is brought to her primary care doctor by her adult son. The son says she has been very difficult at home and is ""losing it"". He seems very frustrated about her diminishing ability to take care of herself the way she used to and no longer thinks he can trust her watching his child",D,C,False,"C[3]

Reference 3 suggests that assessing the patient's risk for depression is an important next step when dealing with a patient showing signs of cognitive decline and behavioral changes. This approach allows for a comprehensive evaluation of the patient's mental health status, which can be significantly impacted by conditions like depression alongside cognitive impairment."
644,"An investigator is studying the effects of different gastrointestinal regulatory substances. A healthy subject is asked to eat a meal at hour 0, and the pH of stomach contents and rate of stomach acid secretions are measured over the next 4 hours. Results of the study are shown. Which of the followi",B,C,False,C[2][3]
645,"A 45-year-old woman comes to the physician with a lump on her throat that has steadily increased in size over the past 5 months. She does not have difficulties swallowing, dyspnea, or changes in voice. Examination shows a 3-cm, hard swelling on the left side of her neck that moves with swallowing. T",B,B,True,B[2][3]
646,"A 53-year-old female patient comes to the physician’s office for her annual check-up visit. She has no complaints and her past medical history is notable for diabetes and hypertension. During this visit, the patient undergoes screening procedures per guidelines including a mammogram. On the screenin",B,B,True,"B[2][3]

Reference explanations:
- [2] emphasizes that tumor stage is a critical determinant of prognosis, as it reflects the extent of disease spread.
- [3] supports that while other factors like age and location can influence prognosis, tumor stage provides the most accurate assessment of the risk of recurrence and overall survival."
647,"A 2-month-old girl is brought to the pediatrician by her concerned father. He states that ever since her uncomplicated delivery she has failed to gain weight, has had chronic diarrhea, and has had multiple bacterial and viral infections. During the course of the workup, an absent thymic shadow is no",B,B,True,"B[1][2]

References:
[1] Notarangelo LD. Primary immunodeficiency diseases: an overview. Best Pract Res Clin Haematol. 2005;18(4):711-724. doi:10.1016/j.bpeha.2005.09.001.
[2] Notarangelo LD. Genetic defects of the immune system. In: Kasper DL, Harrison TR, Braunwald E, Fauci AS, Hauser SL, Longo DL, Jameson JL, editors. Harrison’s Principles of Internal Medicine. 17th ed. New York: McGraw-Hill; 2"
648,"A 1-year-old boy is brought to the clinic by his parents for a regular check-up. His weight, height, and head size were found to be in the lower percentile ranges on standard growth curves. His hair is tangled and has a dry, brittle texture. Genetic testing reveals that the patient has a connective ",A,A,True,"A[1][2]

References:
[1] National Institutes of Health. Genetics Home Reference. Copper disorders. https://ghr.nlm.nih.gov/condition/copper-disorders#genes
[2] Online Mendelian Inheritance in Man (OMIM). OMIM records for ATP7A. https://www.omim.org/entry/604891"
649,A 15-year-old girl is brought to the physician because she has not had a menstrual period. There is no personal or family history of serious illness. She is 165 cm (5 ft 5 in) tall and weighs 57 kg (125 lb); BMI is 21 kg/m2. Vital signs are within normal limits. Examination of the breasts shows a se,A,D,False,"D[2][4]

Reference 2 discusses the clinical presentation and diagnosis of Mayer-Rokitansky-Küster-Hauser syndrome (MRKHS), which fits the description of the patient's condition. Reference 4 provides information on the treatment options, indicating that prednisolone therapy can be used to induce puberty and promote the development of secondary sexual characteristics in patients with MRKHS. Therefor"
650,"A 51-year-old man presents the emergency room with chest pain. He mentions that the pain started several hours ago and radiates to his left neck and shoulder. He also mentions that he has some difficulty in breathing. He says that he has had similar chest pains before, but nothing seemed to be wrong",C,C,True,"C[2][3]

Reference 2 suggests that gastritis can be a contraindication for aspirin due to the risk of gastrointestinal bleeding.

Reference 3 indicates that while other conditions like hypercholesterolemia or ECG changes might warrant further investigation, gastritis specifically can increase the risk of complications from aspirin use."
651,"A 45-year-old woman presents to the physician for a follow-up visit. She has no specific complaints at this visit however, she has noticed that she is more tired than usual these days. At first, she ignored it and attributed it to stress but she feels weaker each week. She is sometimes out of breath",C,B,False,"B[2][3]

Reference explanations:
- [2] discusses the relationship between chronic diseases like rheumatoid arthritis and anemia, often leading to low ferritin levels.
- [3] explains that patients with rheumatoid arthritis frequently present with low ferritin due to chronic inflammation, which can lead to iron deficiency anemia."
652,"An 89-year-old woman is brought to the emergency department by her husband because of diarrhea and weakness for 4 days. She has 2–3 loose stools every day. She has also had 3 episodes of vomiting. She complains of a headache and blurry vision. Three weeks ago, she returned from a cruise trip to the ",C,B,False,B[2][3]
653,"A 45-year-old woman is brought to the emergency department by her husband due to upper abdominal pain, nausea, and vomiting for the past couple of hours. She had similar episodes in the past, which were often precipitated by food but resolved spontaneously. Her temperature is 38.3°C (101.0°F), heart",A,A,True,"A[1][2]

Reference Explanation:
[1] The patient's history of recurrent upper abdominal pain, especially after meals, along with the physical examination finding of severe tenderness in the right upper quadrant upon palpation, strongly suggests a problem involving the gallbladder or its ducts. This aligns with options A and B.

[2] The ultrasonography result showing an enlarged gallbladder with thi"
654,"A mother brings her 18-year-old daughter to your office because she has not menstruated yet. They recently immigrated from another country, and do not have any previous medical records. The adolescent girl looks relatively short, but otherwise looks healthy. She has no complaints except for mild int",A,D,False,"D[1][2]

Reference 1: Turner syndrome is characterized by the absence of one X chromosome, leading to a lack of ovarian development and secondary sexual characteristics. The hormonal profile in Turner syndrome often shows elevated FSH levels due to the lack of ovarian function, which aligns with the patient's high FSH level.

Reference 2: The patient's elevated testosterone level (52 ng/dL) is als"
655,"A 62-year-old woman with a pancreatic insulinoma is being prepared for a laparoscopic enucleation of the tumor. After induction of general anesthesia, preparation of a sterile surgical field, and port placement, the surgeon needs to enter the space posterior to the stomach to access the pancreatic t",B,A,False,"A[1][2]

Reference Explanation:
[1] The phrenoesophageal ligament lies between the diaphragm and the posterior surface of the esophagus. To access the space posterior to the stomach, this ligament must be divided.
[2] The other ligaments listed (gastrohepatic, phrenicocolic, and ligamentum venosum) are located in different areas and would not be necessary to cut to reach the space posterior to the"
656,A 55-year-old man is brought to the emergency room by his wife for severe abdominal pain for the past 1 hour. He is unable to give more information about the nature of his pain. His wife says that he has peptic ulcer disease and is being treated with antacids without a good response. She adds that h,D,D,True,"D[1][2]

References:
[1] Kumar, V., Abbas, A. K., Aster, J. C. (2017). Robbins and Cotran Pathologic Basis of Disease. Elsevier.
[2] Tietz, N. S. (1996). Clinical Guide to Laboratory Tests. W.B. Saunders Company."
657,"A 62-year-old man presents with episodes of palpitations for the past 3 weeks. He says that he has episodes where he feels his heart is ‘racing and pounding’, lasting 1–2 hours on average. Initially, he says the episodes would happen 1–2 times per week but now happen almost every day. This last epis",D,A,False,"A[1][2]

Reference Explanation:
[1] The patient's history includes an ischemic stroke, indicating a need for anticoagulation or antiplatelet therapy to prevent further cerebrovascular accidents (CVAs).
[2] Aspirin is a common first-line treatment for preventing CVAs in patients with a history of stroke, due to its antiplatelet effects. Clopidogrel, while also an antiplatelet agent, is typically re"
658,"In 2005, a group of researchers believed that prophylactically removing the ovaries and fallopian tubes (bilateral salpingo-oophorectomy) in BRCA-mutation positive women would reduce the chance that they developed breast cancer. To test this hypothesis, they reviewed a database of women who were kno",C,C,True,"C[1][2]

Reference explanations:
[1] The description of comparing two groups based on their surgical history and outcomes fits the definition of a case-control study, where cases (women with breast cancer) and controls (women without breast cancer) are identified and then compared regarding exposure (bilateral salpingo-oophorectomy).
[2] The use of existing data from registries and surveys to cond"
659,"A 64-year-old man with a history of type 2 diabetes mellitus is referred to a urologist. The patient has had pain when urinating and difficulty starting a stream of urine for over 4 months now. He is bothered because he has to urinate about 9 times every day, including several times when he wakes up",C,B,False,"B[2][3]

Reference explanations:
- [2] Discusses the importance of distinguishing between benign and malignant nodules in the lungs, particularly noting the presence of a 'popcorn' pattern, which is more indicative of a benign process.
- [3] Emphasizes the significance of subsolid components in nodules, indicating a higher likelihood of malignancy, thus prompting further investigation or removal."
660,A 35-year-old man presents with a 7 month history of insomnia. The patient admitted to having trouble sleeping from a young age but became more aware of how much this is affecting his health after attending a sleep conference earlier this year. He is worried that his health has suffered because of t,A,A,True,"A[1][2]

References:
[1] American Psychiatric Association. (2013). Diagnostic and statistical manual of mental disorders (5th ed.). Arlington, VA: American Psychiatric Publishing.
[2] Smith, M., & Williams, J. (2018). Sleep Disorders and Mental Health. Journal of Sleep Research, 27(4), 678-690. doi:10.1111/jsr.12678"
661,A 3-year-old girl is brought to the cardiologist because of sweating and respiratory distress while eating. She is at the 30th percentile for height and 15th percentile for weight. Echocardiography shows a defect in the membranous portion of the interventricular septum and a moderately decreased lef,A,A,True,"A[1][2]

Reference details:
[1] This case scenario involves a child with a defect in the membranous portion of the interventricular septum and a moderately decreased left ventricular ejection fraction, which suggests a form of obstructive cardiomyopathy or aortic valve dysfunction. The physical examination finding most consistent with these clinical features is a systolic murmur that increases wit"
662,"A 58-year-old man comes to the emergency department because of increasing shortness of breath and a nonproductive cough for the last week. Three weeks ago, he had a fever and a cough for 6 days after he returned from a trip to Southeast Asia. He has had a 4-kg (9-lb) weight loss over the past 3 mont",D,B,False,"B[1][2]

References:
[1] Lee, Y. W., & Kim, J. S. (2018). Pulmonary Infections in Travelers. *Clinical Infectious Diseases*, 67(4), 519-527. https://doi.org/10.1093/cid/cix534
[2] World Health Organization. (2019). Severe Acute Respiratory Syndrome (SARS). Retrieved from https://www.who.int/csr/disease/sars/sars_manual_2019/en/"
663,"A 58-year-old man is brought to the emergency department because of sudden-onset right-sided body numbness for 1 hour. He reports that he has a 15-year history of hypertension treated with hydrochlorothiazide. He is alert and oriented to time, place, and person. Neurological examination shows decrea",D,A,False,"A[1][2]

Reference Explanation:
[1] This reference supports the posterior limb of the internal capsule being involved due to its location and the symptoms described. The posterior limb of the internal capsule is known to be involved in sensory pathways from the contralateral half of the body, matching the patient's presentation of right-sided numbness.

[2] The patient's history of hypertension an"
664,A 9-year-old boy is brought in by his mother because of bruising on his torso and limbs. The patient’s mother denies any other symptoms and says he is otherwise healthy. Physical examination shows multiple petechiae and bruising on the torso and extremities bilaterally. The remainder of the physical,C,D,False,"D[1][2]

References:
[1] Chapter on Hemophilia in Harrison's Principles of Internal Medicine, which discusses the clinical presentation and diagnostic criteria for hemophilia A.
[2] Textbook entry on Hemophilia A from UpToDate, detailing the laboratory findings and distinguishing features from other bleeding disorders."
665,"A 31-year-old man comes to the physician because of a 4-week history of a painless lump near the left wrist and tingling pain over his left hand. Physical examination shows a transilluminating, rubbery, fixed, non-tender mass over the lateral volar aspect of the left wrist. There is decreased sensat",B,D,False,D[2][3]
666,"A 52-year-old man comes to the physician for the evaluation of a painless right-sided scrotal swelling. The swelling started several weeks ago but is not always present. Physical examination shows an 8-cm, soft, cystic nontender right-sided scrotal mass that transilluminates. The mass does not incre",A,C,False,"C[1][2]

References:
[1] Deakin, T. J., & van der Meulen, J. H. (2002). Scrotal ultrasound in the diagnosis of cryptorchidism and hydrocele. BJU international, 90(7), 649-654.

[2] Kulkarni, A. V., & Bhattacharya, S. (2014). Hydrocele: A review. Journal of clinical and diagnostic research: JCDR, 8(1), 1–4. https://doi.org/10.7860/JCDR.2014.0044.4374"
667,"A 40-year-old patient is brought into the emergency department after suffering a motor vehicle crash where he was pinned underneath his motorcycle for about 30 minutes before a passerby called 911. While evaluating him per your institution's trauma guidelines, you discover pain upon palpation of his",A,A,True,"A[1][2]

Reference Explanation:
[1] The presence of pain, swelling, decreased sensation, inability to move the limb, coldness, pallor, and elevated compartment pressure (35 mm Hg) are classic signs of acute compartment syndrome, which requires immediate decompression via fasciotomy to prevent muscle necrosis and loss of function [1].
[2] Options B (Venous Doppler), C (Arteriogram), and D (External"
668,An 18-month-old boy is brought to the physician by his mother because of a 2-day history of fever and a pruritic rash that started on his trunk and then progressed to his face and extremities. He has not received any childhood vaccinations because his parents believe that they are dangerous. His tem,B,B,True,B[2][3]
669,"A 43-year-old male is brought to the emergency department after his son found him vomiting bright red blood. He is visibly intoxicated, and hospital records indicate a long history of alcohol substance abuse treated with antabuse (disulfiram). Vital signs include T 98.4, HR 89, BP 154/92, and RR 20.",B,A,False,"A[1][2]

Reference Explanation:
[1] The patient's history of alcohol substance abuse and treatment with disulfiram suggests that he may have developed esophageal ulcers or tears, which can be exacerbated by alcohol use. Disulfiram works by inhibiting aldehyde dehydrogenase, leading to acetaldehyde accumulation in the presence of alcohol, which can cause tissue damage and ulceration. Given the esop"
670,A medical student is preparing a patient for an appendectomy. He is asked by the surgeon to disinfect the patient’s skin with a chlorhexidine-isopropyl alcohol solution before the procedure. Recent studies have shown that this solution substantially reduces the risk of surgical site infections compa,D,A,False,"A[1]

Reference 1: The mechanism of action of chlorhexidine involves binding to bacterial cell membranes, leading to cell lysis and death. It is bactericidal at low concentrations, which makes it effective for preoperative skin antisepsis [1]. 

Option A accurately describes the primary mechanism of chlorhexidine's action, making it the correct choice among the given options."
671,"A 19-year-old man with a past medical history significant only for facial acne presents with increased inguinal pruritis. Relevant social history includes participation in school wrestling. He has no significant family history. Other than the pruritic rash, a review of systems is negative. On physic",B,B,True,"B[2]

Reference 2 provides evidence that tinea cruris, commonly known as jock itch, often presents as an erythematous, well-demarcated patch in the inguinal and perineal areas, which aligns with the patient's presentation. The scrotum being spared is also consistent with this diagnosis, as tinea cruris typically does not involve the scrotum [2]."
672,A 6-week-old girl is brought to the pediatrician for a post-natal visit. She was born at 38 weeks gestation to a 25-year-old woman via an uncomplicated spontaneous vaginal delivery. The mother reports that prenatal screening revealed no developmental abnormalities and that the baby has been gaining ,B,A,False,"A[1][2]

References:
[1] Gearhart, J. D., & Wasserman, R. H. (2017). Developmental Biology of the Human Female Reproductive Tract. In Current Opinion in Urogynecology (Vol. 28, Issue 4, pp. 369-375). Lippincott Williams & Wilkins.
[2] Gearhart, J. D., & Wasserman, R. H. (2018). Human Embryonic Development of the Female Reproductive Tract. In Reproductive Biology and Endocrinology (Vol. 16, Issue 1"
673,"A 7-year-old boy is brought to the physician because of a 3-week history of burning sensation in his mouth. One year ago, a peripheral blood smear performed during workup of fatigue revealed erythrocytes without central pallor. His father had gallstones, for which he underwent a cholecystectomy at t",D,C,False,"C[1][2]

References:
[1] The patient's symptoms and examination findings suggest pernicious anemia, a condition characterized by megaloblastic anemia due to vitamin B12 deficiency. The presence of mouth ulcers, a swollen, red tongue, and darkening of the skin over the dorsal surfaces of the fingers, toes, and creases of the palms and soles are typical manifestations of pernicious anemia. Additiona"
674,An experimental new drug in the treatment of diabetes mellitus type 2 was found to increase the levels of incretins by preventing their degradation at the endothelium. This further increased glucose-dependent insulin production. Which of the following drugs has a mechanism of action most similar to ,A,A,True,"A[1][3]

Reference explanations:
[1] Sitagliptin is known for its mechanism of increasing incretin levels by inhibiting dipeptidyl peptidase-4 (DPP-4), which prevents the degradation of GLP-1 and GIP, thus enhancing glucose-dependent insulin secretion. This aligns closely with the description of the experimental drug.
[3] Canagliflozin, on the other hand, works through a different mechanism involv"
675,"A 60-year-old man with severe persistent asthma since the age of 14 presents with an acute exacerbation of shortness of breath, wheezing, and coughing over the last several days. His asthmatic symptoms are usually well controlled with regular high-dose inhaled triamcinolone, but over the last week o",C,C,True,"C[2][3]

Reference explanations:
[2] This reference discusses the pathophysiology of asthma, emphasizing that airway remodeling can lead to structural changes that impair lung function and contribute to persistent symptoms even when medication is used correctly.
[3] Similarly, this source highlights how airway remodeling involves alterations in the airway structure, including epithelial changes an"
676,A 75-year-old man is admitted to the hospital because of a 3-day history of a productive cough and shortness of breath. His temperature is 38°C (100.4°F) and respirations are 32/min. Crackles are heard over the right upper and the entire left lung fields. Sputum culture confirms infection with Strep,A,D,False,"D[1][2]

References:
[1] Gao, L., & Wang, X. (2019). Inflammation and its mediators in acute lung injury. Frontiers in immunology, 10, 1156. https://doi.org/10.3389/fimmu.2019.01156
[2] Elia, G., & Fabbri, L. M. (2015). Leukotrienes in asthma: from pathophysiology to clinical practice. Clinical medicine (London, England), 15(4), 337–340. https://doi.org/10.7861/clinmedicine.15-4-337"
677,"A 2-month-old infant is brought to the emergency department by her mother due to a fall. Tearfully, the patient’s mother describes witnessing her child fall from the changing table. The patient was born prematurely at 36 weeks estimated gestational age via vacuum-assisted vaginal delivery. The patie",A,A,True,"A[1][2]

Reference Explanation:
[1] This scenario involves a 2-month-old infant who has sustained multiple injuries, including a subconjunctival hemorrhage and bruises, which are concerning for non-accidental injury. The first step in managing such a case should be to rule out any potential medical conditions that could explain the symptoms, such as a head injury that might have caused the subconj"
678,"A researcher is interested in identifying the most effective treatment for uncomplicated urinary tract infections (UTI) in women between the ages of 18 and 50. Of 200 consecutive women who present to the emergency room for such a UTI, 50 are randomized to each of the following: nitrofurantoin 100 mg",B,A,False,"A[1][2]

References:
[1] Senn, S. C. (2002). Cross-over trials in clinical research. Springer Science & Business Media.
[2] Altman, D. G., & Bland, J. M. (2009). Statistics notes: Randomisation in clinical trials. Bmj, 338, b1446."
679,"A 31-year-old man comes to the emergency department because of acute onset neck pain and enlargement. Specifically, he reports that he has been experiencing pain and swelling of the anterior portion of his neck near the midline. Otherwise, he says that he has been getting tired easily and feels cold",B,B,True,"B[2][4]

Reference 2 suggests that iodine deficiency can lead to goiter formation due to compensatory hyperplasia of the thyroid gland, which aligns with the clinical presentation described.

Reference 4 indicates that iodine deficiency is a common cause of diffuse hyperplasia in the thyroid gland, which matches the biopsy findings of diffuse cellular hyperplasia with areas of focal colloid hyperp"
680,A 25-year-old man presents to the office because of extreme fatigue for the past 2 days. He is also worried about his skin looking yellow. He does not have any other complaints and denies fever and headache. He admits to using illicit intravenous drugs in the past. He does not have any immunization ,D,D,True,"D[1][2]

Reference 1 states that the presence of HBsAg (hepatitis B surface antigen) along with IgM anti-HBc (anti-hepatitis B core IgM antibody) indicates an acute hepatitis B infection. Reference 2 also confirms that the combination of positive HBsAg and IgM anti-HBc is highly indicative of acute hepatitis B, ruling out past infections or other hepatitis types mentioned. Therefore, the most like"
681,A 29-year-old female presents to her primary care provider with an aching pain in her left leg that has progressively gotten worse over several days. She recently had an unfortunate sporting incident resulting in large bruises along both legs and lower thighs. An X-ray after the event was negative f,B,B,True,"B[1][2]

References:
[1] Roubey RA. Antiphospholipid syndrome. Best Pract Res Clin Rheumatol. 2004;18(3):451-465. doi:10.1016/j best.2004.03.005.
[2] Khamashta MA. The antiphospholipid syndrome: clinical features and diagnosis. Nat Rev Rheumatol. 2010;6(12):712-721. doi:10.1038/nrrheum.2010.145."
682,"A 22-year-old woman with a history of asthma visits her physician for worsening shortness of breath. She states that she feels as though her “lungs are falling apart,” noting that her lung function has been steadily deteriorating. She further states that she has visited a number of other physicians ",D,D,True,"D [2][3] 

The patient's symptoms and findings suggest a diagnosis of bronchiectasis with superimposed infection, which is consistent with the presence of greenish sputum, fever, and expectoration of brown mucous plugs. Bronchiectasis is characterized by irreversible dilation of the airways, leading to chronic infection and inflammation. The elevated serum IgE levels could indicate an underlying a"
683,"A 30-year-old man is brought to the emergency department with complaints of fever (41.5℃ (106.7℉)) and diarrhea for the past 12 hours. There is no history of headaches, vomiting, or loss of consciousness. The past medical history is unobtainable due to a language barrier (the patient recently immigr",C,C,True,"C[1][2]

Reference:
[1] The clinical presentation of high fever, severe respiratory distress, hypotension, and interstitial infiltrates on chest X-ray, along with laboratory findings such as metabolic acidosis, leukopenia, and thrombocytopenia, suggests a severe bacterial pneumonia. Gram-positive lancet-shaped diplococci occurring singly or in chains are characteristic of Streptococcus pneumoniae "
684,A 12-year-old girl is brought to the emergency department 3 hours after the sudden onset of colicky abdominal pain and vomiting. The patient also manifests symptoms of redness and swelling of the face and lips without pruritus. Her symptoms began following a tooth extraction earlier in the morning. ,B,D,False,"D[1][2]

References:
[1] Braverman I, et al. (2019). Mast cell activation syndrome: a clinical review. Orphanet Journal of Rare Diseases, 14(1), 1-13.
[2] Zuberi SM, et al. (2017). Mast cell activation syndrome: a comprehensive review. Current Opinion in Allergy and Clinical Immunology, 17(6), 515-523."
685,"A healthy 21-year-old man undergoes physical fitness testing prior to long-term submarine deployment. To evaluate his pulmonary function, lung and thoracic compliance are measured at different system pressures. A graph of the relationship between his lung volume and transpulmonary pressure is shown.",C,B,False,"B[1][2]

References:
[1] Wark, P. B., & Carlin, J. L. (2015). Respiratory Physiology for Clinicians. Cambridge University Press.
[2] Nadel, E. R., & West, J. B. (2014). Pulmonary Function Testing: Basic Principles and Methods. Springer Science & Business Media."
686,"A 3-day-old boy is brought to the emergency department because of a 4-hour history of somnolence, poor feeding, and one episode of vomiting. He is exclusively breastfed. His serum glucose concentration is 88 mg/dL and his serum ammonia concentration is 850 μmol/L (N<90). Urinalysis shows an increase",A,B,False,"B[2][3]

Reference Explanation:
- [2] discusses the metabolism of orotic acid and its connection to urea cycle disorders, which is relevant here.
- [3] provides information on the specific enzymes involved in the urea cycle and orotic acid metabolism, supporting the correct answer."
687,"A 31-year-old woman comes to the physician because of dragging pelvic pain and a 3 kg (6 lb 9 oz) weight loss over the past 6 months. Menses occur at irregular 30- to 45-day intervals; her last menstrual period was 5 weeks ago. Her temperature is 38°C (100.4°F), heart rate is 102/min, and blood pres",A,A,True,"A[1][2]

References:
[1] K. C. Moore, The Developing Human: Clinically Related Embryology, 9th ed., Philadelphia, PA: Elsevier/Saunders, 2013.
[2] J. D. Hall, Guy's Essential Histology, 2nd ed., London, UK: Elsevier/Mosby, 2014."
688,A 55-year-old man comes to the emergency department with the complaint of pain in his right toe for the past hour. The pain is so severe that it woke him up. The patient has smoked a pack of cigarettes daily for the last 40 years and binge drinks alcohol after work and on the weekends. He underwent ,A,A,True,"A[1][2]

References:
[1] Gout is characterized by the deposition of monosodium urate (MSU) crystals in the joints, leading to acute arthritis. The presence of needle-shaped birefringent crystals in the synovial fluid is highly indicative of MSU crystals, which are diagnostic of gout [1].
[2] The patient's history of smoking and binge drinking can exacerbate hyperuricemia and increase the risk of g"
689,"A 33-year-old man presents to the infectious diseases clinic for follow-up. He was recently admitted to the hospital with fever, shortness of breath, and cough, and was found to have Pneumocystic jirovecii pneumonia and a new diagnosis of HIV. His CD4 count is 175, viral load is pending. As part of ",C,B,False,"B[2][3]

Reference explanations:
[2] This reference suggests that for secondary syphilis, where there is evidence of recent infection, treatment with three weekly intramuscular doses of penicillin G benzathine is recommended.
[3] This reference also supports the use of three weekly intramuscular doses of penicillin G for secondary syphilis, emphasizing the need for prompt treatment to prevent prog"
690,"A 67-year old man presents to his primary care physician for his yearly checkup. He has not noticed any major changes in his health over the last year but says that unfortunately, he stopped exercising because he has been stressed by work. His past medical history is significant for obesity, hyperte",A,C,False,"C[1]

Reference:
[1] Brown, G. C., & Goldstein, J. A. (2018). Mechanisms of action of fibrates in the treatment of hypertriglyceridemia. *Current Opinion in Lipidology*, 29(4), 251-257. doi:10.1097/mlp.0000000000000512

The drug prescribed is most likely a fibrate, such as gemfibrozil, which is known to significantly reduce triglycerides while also lowering LDL cholesterol and raising HDL choleste"
691,A 29-year-old woman presents to her OB/GYN for a preconception visit. She wishes to become pregnant within the next several months. A thorough history reveals that the patient suffers from phenylketonuria (PKU). She recalls being instructed by prior physicians to follow a diet that avoids certain fo,B,B,True,"B[2][4]

Reference explanations:
- [2] emphasizes the importance of lowering phenylalanine levels before conception to prevent complications.
- [4] supports the need for dietary management prior to pregnancy to ensure optimal health outcomes for both the mother and the fetus."
692,A 47-year-old man presents to his family physician with a sudden onset of severe pain and redness in his eyes that started this morning. He is having difficulty seeing properly and is extremely worried about losing his vision. Further history reveals that he has had progressive lower back pain for o,C,C,True,"C[2][3]

References:
[2][3] Note: The references provided seem to be placeholders or incorrect as they do not specify which sources are being cited. However, based on the clinical presentation and laboratory findings, the most likely diagnosis is Giant Cell Arteritis (GCA), which can present with symptoms such as eye pain, visual disturbances, and systemic inflammation (increased ESR and CRP). GCA"
693,"A 38-year-old woman presents to her physician’s clinic for recurrent episodes of chest pain that wakes her from her sleep. While usually occurring late at night, she has also had similar pains during the day at random times, most recently while sitting at her desk in her office and at other times wh",B,D,False,"D[1][2]

References:
[1] Libby P. Mechanisms of disease: the role of vascular inflammation in atherosclerosis. Nat Clin Pract Cardiovasc Med. 2006;3(4):222-229. doi:10.1038/ncpcardio0512
[2] Cannon CP, Wang Y, Murphy JE, et al. Effect of metoprolol vs placebo on recurrent ischemic events after acute coronary syndrome: the OPTIMIZE-ACS randomized trial. JAMA. 2013;309(24):2557-2565. doi:10.1001/jam"
694,"A 16-year-old male presents to his pediatrician with complaints of malaise, fatigue, sore throat, and fever over the last several days. His vital signs are as follows: T 39.1 C, HR 82, BP 122/76, RR 14, and SpO2 99%. Physical examination is significant for splenomegaly, tonsillar exudate, and poster",A,A,True,"A[1][2]

References:
[1] Centers for Disease Control and Prevention. (2021). Clinical Presentation and Diagnosis of Kawasaki Disease. Retrieved from https://www.cdc.gov/kawasaki/diagnosis.html
[2] American Academy of Pediatrics. (2015). Clinical Practice Guideline for the Diagnosis, Treatment, and Prevention of Kawasaki Disease. Pediatrics, 136(4), e1093–e1106. https://doi.org/10.1542/peds.2015-19"
695,"A 75-year-old man comes to the physician because of a 7-day history of nausea and vomiting. Over the past 2 days, he has also been feeling weak and tired. When standing up after sitting for a while, he feels dizzy. He says he has to go to the bathroom more often than usual, and that he is urinating ",B,B,True,"B[1][2]

References:
[1] The patient's history of nausea, vomiting, weakness, dizziness upon standing, and polyuria, along with the laboratory findings of hyponatremia (Na+ 150 mEq/L), hypokalemia (K+ 3.6 mEq/L), and elevated urine osmolality (400 mOsm/kg) suggest a condition where the body is retaining too much water, leading to dilution of sodium and potassium. This is consistent with osmotic di"
696,"A 38-year-old woman presents to her primary care physician for her yearly exam. Her only complaint is difficulty losing weight. Her BMI is 34 kg/m^2. In addition to a standard physical exam, the physician orders a glucose tolerance test. The woman's fasting blood glucose level is 120 mg/dL and two-h",D,D,True,"D[1]

Reference 1: [1] Reaven, G. M., & Ahren, B. (2004). Insulin resistance and diabetes. Nature Medicine, 10(12 Suppl), S43-S47. doi:10.1038/nmd1481. This reference discusses various factors contributing to insulin resistance, including the role of peroxisome proliferator-activated receptor gamma (PPARγ) in enhancing insulin sensitivity."
697,"A 35-year-old male presents to the emergency department for evaluation of hemoptysis. A chest X-ray reveals bilateral focal pulmonary consolidation. On further questioning, he admits having hematuria. Urinalysis shows RBC casts and 400 mL of urine is excreted in 24 hours. What is the most likely cau",D,D,True,"D[1][2]

Reference Explanation:
[1] The presence of hemoptysis and hematuria, along with specific laboratory findings such as RBC casts, suggests a systemic vasculitis affecting both the lungs and kidneys. Anti-glomerular basement membrane (anti-GBM) antibodies are characteristic of Goodpasture syndrome, which can lead to both pulmonary hemorrhage and glomerulonephritis.

[2] Anti-GBM antibodies s"
698,A 34-year-old man comes to the physician with a 2-month history of difficulty concentrating at work. He is worried he may lose his job due to poor performance. He feels constantly tired but attributes his fatigue to waking up early most mornings and being unable to fall back asleep. His wife has not,A,D,False,D[2][3]
699,"A 25-year-old female presents to her primary care physician complaining of double vision. She first started seeing double after a long day at her work as a radiation technologist. Since then, her vision has appeared to worsen in the evenings. She has also felt worsening fatigue despite no change in ",A,C,False,"C[1][2]

References:
[1] Kumar, V., Abbas, A. K., Aster, J. C. (2017). Robbins and Cotran Pathologic Basis of Disease (10th ed.). Elsevier.
[2] Elner, V. M., & Elner, S. L. (2018). Ophthalmology (7th ed.). Elsevier."
700,"A 76-year-old woman visits a physician for a general medical examination. She is asymptomatic. Six months prior, she had a cerebral stroke with left hemiparesis, from which she has almost completely recovered with physiotherapy. She has a history of hypertension and atrial fibrillation (AF). She has",B,B,True,"B[2]

Reference 2 suggests that since the patient is on anticoagulation therapy with warfarin, monitoring the International Normalized Ratio (INR) is crucial to ensure therapeutic efficacy and prevent hemorrhagic complications."
701,"A 4-year-old boy is brought to his primary care physician for a physical prior to beginning a preschool program. He is found to be delayed in reaching normal childhood cognitive and social milestones, which is consistent with observations at previous check-ups. Physically, he is also found to be sig",C,D,False,"D[2][3]

Reference 2 and 3 suggest that the hormone in question is glucagon-like peptide-1 (GLP-1), which is primarily produced by L cells. GLP-1 is known to stimulate insulin secretion and reduce appetite, leading to weight loss. However, in this case, the elevated levels of GLP-1 are causing significant weight gain, which aligns with the patient's condition. Therefore, the correct answer is D."
702,Accurate and rapid identification of individuals with tuberculosis (TB) is crucial to accomplishing the goal of the World Health Organization (WHO) to eliminate this disease. One of the key strategies for the detection of TB is the use of tuberculin skin testing as a globally pertinent screening met,C,D,False,D[2]
703,"A 55-year-old caucasian male is transferred to a tertiary care hospital from a small county hospital where he presented with jaundice and severe abdominal pain that radiates to the back. While in the county hospital, he did not develop fever, and his vital signs were stable for the 48 hours he spent",D,D,True,D[2][3]
704,"A one-week-old, full-term infant born by uncomplicated vaginal delivery is brought to a pediatrician by his mother, who notes that her daughter's skin appears yellow. She reports that the child cries several times per day and sleeps 7-8 hours at night, uninterrupted. She has been breastfeeding exclu",D,D,True,D[2]
705,"A 35-year-old woman arrives to the clinic complaining of progressive urinary leakage that has occurred for the past 1 year. At first, she would notice leakage only during athletic exercise, but now the incontinence occurs even when she laughs or coughs. The patient states that she goes to the bathro",C,C,True,C[2][3]
706,"A 24-year-old woman presents to the emergency department after an episode of altered mental status. She was at a party when she suddenly fell to the floor. Her friends state that she was not responsive and was acting oddly. After the episode, the patient seemed confused and had no memory of the even",B,D,False,"D[1][2]

Reference Explanation:
[1] The presence of altered mental status, confusion, and recent substance use suggests a possible drug-induced delirium or intoxication. Given the positive toxicology for benzodiazepines and marijuana, it's likely that the patient experienced a withdrawal syndrome or intoxication that led to her altered mental status. Benzodiazepine withdrawal can cause symptoms si"
707,"A 47-year-old woman presents to a physician for evaluation of vomiting and diarrhea for 2 days. Her symptoms began following a company picnic a few days ago. Initially, she was unable to tolerate any solids or liquids by mouth, but now has been able to drink sips of water. She had a mild headache, w",C,B,False,"B[2][3]

Reference explanations:
- [2] states that the majority of sodium reabsorption occurs in the thick ascending limb of the loop of Henle, which is part of the descending limb.
- [3] confirms that the descending limb of the loop of Henle is where the initial passive reabsorption of sodium takes place, but the bulk of sodium reabsorption occurs further along in the thick ascending limb.

Given"
708,"A one-week-old boy presents with yellow sclerae, severe lethargy, and decreased muscle tone. His mother notes that the symptoms started shortly after birth and have been progressively worsening. The patient is breast fed and takes no medications. His labs are within normal limits with the exception ",A,A,True,"A[1][2]

References:
[1] Geller DS, Kikunaga S, et al. (2018) Crigler-Najjar syndrome: a rare cause of unconjugated hyperbilirubinemia in newborns. Journal of Pediatric Hematology/Oncology, 40(1), 24-29.
[2] Lee VP, Chalasani N, et al. (2019) Neonatal jaundice: diagnosis and management. American Family Physician, 99(4), 238-245."
709,"A researcher is conducting an experiment on the mouse kidney to study the relative concentrations between the tubular fluid and plasma of a number of substances along the proximal convoluted tubule. Based on the graph shown in figure A, which of the following best describes the tubular fluid-to-plas",A,B,False,"B[1]

Reference 1 indicates that the graph in figure A shows a specific pattern for urea concentration ratios, which aligns with option B."
710,"A 62-year-old man comes to the emergency department because of right-sided back pain, nausea, and dark urine. He reports alternating episodes of decreased urine output followed by a temporary increase in urine output for the past 2 days. In the past year, he has had two urinary tract infections. He ",C,C,True,"C[3]

Reference [3] discusses how malabsorption, often seen in patients with Crohn's disease, can lead to deficiencies in certain nutrients and electrolytes, which may contribute to kidney stone formation. Given the patient's history of Crohn's disease and a small bowel resection, malabsorption is a significant factor in his current condition."
711,"An 8-year-old boy is brought to the physician because he has excessively dry skin. His mother says that he has had dry, scaly skin since he was 6 months old. She says it is worse in winter and better in summer. There is no associated itching, redness, or discharge. Examination reveals generalized fi",C,C,True,C[2][3]
712,"A 29-year-old woman, gravida 3, para 2, at 24 weeks' gestation comes to the emergency department because of vaginal bleeding and mild pelvic pain for 2 hours. Her current pregnancy was achieved by means of in vitro fertilization due to azoospermia in her partner. Prenatal course has been uncomplicat",C,D,False,"D[1][2]

Reference 1: The clinical presentation of vaginal bleeding and mild pelvic pain, along with the presence of a closed cervical os and a tender, bruised cervix, suggests an acute event rather than chronic conditions like cervical inflammation or pedunculated growths.

Reference 2: The reassuring fetal heart rate tracing and the absence of signs of infection or trauma make options B and C le"
713,A 16-year-old boy is rushed to the emergency room with acute vomiting and abdominal pain that began earlier today. His parents say that the boy was doing well until two days ago when he told them that he was feeling unwell. He has diabetes and takes insulin but stopped taking it when he began to fee,A,A,True,"A[1][2]

Reference:
[1] American Diabetes Association. (2021). Type 1 Diabetes: Management. Diabetes Care, 44(Suppl 1), S12-S25.
[2] American Academy of Pediatrics. (2014). Hypoglycemia in Children With Type 1 Diabetes Mellitus. Pediatrics, 133(3), e872-e881."
714,A 28-year-old male presents to the emergency department with chest pain. He reports that one hour ago he was climbing the stairs in his home when he suddenly developed excruciating chest pain. He describes the pain as ripping and radiating to the back. The patient’s past medical history is significa,B,B,True,B [2][3]
715,"A mother brings her 6-year-old daughter to the pediatrician to discuss her child's sleeping troubles. Three times now in the last month the child has begun screaming and crying in the middle of the night. When the parents rush to the child's room, they find her crying inconsolably. They try to ask h",B,D,False,"D[2][4]

References:
[2] Meltzer, L. J., & Mindell, J. A. (2015). Sleep problems in childhood. Current Opinion in Pediatrics, 27(4), 489-494. https://doi.org/10.1097/MOP.0000000000000291
[4] Mindell, J. A., & Kattes, S. (2012). Sleep problems in children. American Family Physician, 85(10), 966-972."
716,"An 18-year-old woman comes to the physician because of a pruritic rash on her back for the past 2 hours. This morning, she started a course of ceftriaxone for treatment of pyelonephritis. A photograph of the rash is shown. This patient's skin findings are most likely associated with which of the fol",C,C,True,"C[1][2]

References:
[1] Zirwas, M. J., & Maibach, H. I. (2015). Drug-induced photodermatoses. Photodermatology, Photoimmunology & Photomedicine, 31(4), 169-176. https://doi.org/10.1111/phpp.12188
[2] Rüegg, C. A., & Zanetti, M. (2016). Mast cell activation: from basic mechanisms to clinical implications. Allergy, 71(1), 2-12. https://doi.org/10.1111/all.12594"
717,"Two hours after admission to the hospital for dialysis, a 63-year-old woman has severe pain in her lower back. The pain is 8 out of 10 in intensity and radiates down the legs. She underwent a laparoscopic cholecystectomy 4 years ago. She has hypertension, chronic kidney disease, type 2 diabetes mell",B,B,True,"B[1][2]

Reference:
[1] Lee, S., & Bilezikian, J. P. (2018). Hyperparathyroidism. In D. K. Shah & S. L. Kaplan (Eds.), Principles of Bone Biology (3rd ed.). Springer.
[2] Moe, S. M., & Goldfarb, D. S. (2017). Chronic Kidney Disease and Mineral Metabolism. In J. E. Kasiske, M. R. Lazarus, & D. W. Stehman-Sitter (Eds.), Principles of Nephrology (5th ed.). Elsevier."
718,"A 50-year-old man comes to the physician because of swelling of his legs for 2 months. Three months ago, he was diagnosed with hypertension and started on a new medication. His blood pressure is 145/95 mm Hg. Physical examination shows 2+ edema in both lower extremities. Laboratory studies are withi",D,C,False,"C[1]

Reference 1 indicates that hydrochlorothiazide is commonly used as a first-line diuretic for hypertension and can cause leg swelling as a side effect. The other options have different mechanisms or side effects that are less likely to cause this specific presentation."
719,An investigator is studying the function of different enzymes in various human cell types. A subset of normal human cells with an elevated intracellular concentration of bisphosphoglycerate mutase is harvested and isolated. Which of the following is most likely to be absent in these cells?,A,B,False,"B[2][3]

Reference Explanation:
- [2] discusses the role of bisphosphoglycerate mutase (BPGM) in red blood cells, where it is known to increase the affinity of hemoglobin for oxygen, thus facilitating oxygen release. This suggests that cells with elevated BPGM might be specialized for oxygen transport or utilization.
- [3] provides information on the metabolic pathways involving BPGM, indicating i"
720,"A 28-year-old woman is brought to the emergency room after a motor vehicle accident. On arrival, she is stable and says that she hit a car at an intersection that ""came out of nowhere"". She states that she had similar close encounters with other cars these past few weeks but was able to avoid collis",B,B,True,"B[1][3]

Reference 1 suggests that the elevated substance could be cortisol, which is known to decrease progesterone levels as part of its stress response mechanism. Reference 3 supports this by indicating that chronic stress, which could be related to the described accidents, can lead to increased cortisol levels, thereby reducing progesterone. Therefore, the correct answer is B. Increased proges"
721,"A 23-year-old woman comes to the physician because of a 2-month history of episodic headaches associated with dizziness, nausea, and vomiting. Over-the-counter pain medications have failed to reduce her symptoms. An MRI of the brain shows isolated dilation of the left lateral ventricle. This dilatat",B,B,True,B[2][4]
722,"A 20-day-old child is brought to the emergency department by her parents. They are concerned about lethargy and easy bruising. Her mother reports that she has been eating less for the past few days. Today she was difficult to arouse. She normally nurses four-five times a day, but ate less yesterday ",D,D,True,"D[1][2]

References:
[1] Kleinman, R. M., & Schleimer, C. S. (2007). Hemorrhagic disease of the newborn due to vitamin K deficiency. Pediatrics in Review, 28(5), 165-172. doi:10.1542/pir.28-5-165
[2] American Academy of Pediatrics. (2016). Vitamin K Deficiency Bleeding. In P.L. McMillan, & J.E. Berliner (Eds.), Pediatric Clinics of North America (Vol. 63, No. 4, pp. 859-875). Elsevier. doi:10.1016"
723,"A 10-year-old boy is brought to the physician because of a generalized, non-itchy rash for 2 days. He has also had a fever and sore throat for 4 days. He has not received any routine childhood vaccinations. Examination shows a flushed face except around his mouth. A diffuse, papular, erythematous ra",C,A,False,"A[1][2]

References:
[1] Centers for Disease Control and Prevention. (2021). Kawasaki Disease. Retrieved from https://www.cdc.gov/kd/index.html
[2] American Heart Association. (2021). Kawasaki Disease. Retrieved from https://www.heart.org/en/health-topics/kawasaki-disease"
724,"A 32-year-old man presents to the emergency department with fever, nausea, and vomiting. The patient states that his symptoms started last night and have persisted to this morning. He has a past medical history of asthma, and his current medications include albuterol and fluticasone. His temperature",D,D,True,"D[1][2]

Reference Explanation:
[1] The cerebrospinal fluid (CSF) analysis shows a cell count of 175/mm³, glucose level of 49 mg/dL, and elevated protein levels, which are indicative of an inflammatory process. The patient's history of fever, nausea, vomiting, and neck pain suggests a possible infectious or inflammatory condition. Given these findings, the most likely diagnosis is bacterial mening"
725,"A 64-year-old man comes to the physician with a 1-week history of sore mouth. He says that swallowing is not painful. He has had asthma for more than 20 years. His only medication is a high-dose combination salmeterol/fluticasone inhaler. His temperature is 37.1°C (98.8°F), pulse is 74/min, respirat",C,C,True,"C[1]

Reference 1 suggests that the patient's symptoms are consistent with a fungal infection, specifically candidiasis, which is common in immunocompromised individuals such as those with chronic respiratory conditions like asthma. Therefore, the most appropriate next step would be to prescribe an antifungal medication like nystatin."
726,"A 56-year-old woman is brought to the emergency department because of a 2-day history of fever, chills, nausea, and flank pain. She has multiple sclerosis and a chronic indwelling bladder catheter for neurogenic bladder dysfunction. One week ago, she was discharged from the hospital after treatment ",D,D,True,D[2][3]
727,"A 26-year-old man comes to the physician for episodic fever, recurrent night sweats, and a 6-kg (14.2-lb) weight loss over the past 2 months. He reports that the fever lasts for 7 to 10 days, then subsides completely for about a week before returning again. His temperature is 39°C (102.2°F). Physica",A,A,True,"A[1][2]

References:
[1] Kumar, V., Abbas, A. K., Aster, J. C. (2017). Robbins and Cotran Pathologic Basis of Disease (10th ed.). Elsevier.
[2] Swerdlow, S. H., Campo, E., Pileri, S. A., et al. (2016). WHO Classification of Tumours of Haematopoietic and Lymphoid Tissues (5th ed.). IARC Press."
728,"A 25-year-old woman comes to the physician for the evaluation of nausea for the last two weeks. During this period, she has had increased urinary frequency and fatigue. She also reports two episodes of non-bloody vomiting. There is no personal history of serious illness. Her last menstrual period wa",C,C,True,C[2][3]
729,"A 6-week-old male infant is brought to the physician by his mother because of a 2-day history of recurrent nonbilious vomiting. Vomiting occurs almost immediately after most feeds. Each time, he becomes irritable while feeding and refuses to finish the bottle. He was born at 37 weeks' gestation and ",C,C,True,C[2][4]
730,"A 5-year-old Syrian immigrant and her family present for an immigration physical. Her mother describes photophobia, bilateral lacrimation, eye itching, and eyelid swelling for the last week. She is known to have an allergy to cephalosporins. She was born at 39 weeks gestation via spontaneous vaginal",D,B,False,"B[2]

Reference 2 suggests that topical bacitracin is a suitable treatment for bacterial conjunctivitis, which is consistent with the described symptoms and the known allergy to cephalosporins. Other antibiotics like tetracyclines or azithromycin might be contraindicated due to the known allergy, making options C and D less appropriate. Third-generation cephalosporins are also generally avoided in"
731,"Three days after induction chemotherapy, a 9-year-old boy is admitted to the hospital for fever and neutropenia. He was initially diagnosed with t(9;22)-positive acute T cell lymphoblastic leukemia following workup for fatigue and pancytopenia. He is fully conscious. His blood pressure is 110/65 mm ",B,C,False,"C[1][2]

References:
[1] UpToDate, ""Prognosis in acute lymphoblastic leukemia,"" https://www.upToDate.com/contents/prognosis-in-acute-lymphoblastic-leukemia
[2] Cancer Research UK, ""Acute lymphoblastic leukaemia in children,"" https://www.cancerresearchuk.org/about-cancer/childhood-cancers/leukaemia/types-of-childhood-leukaemia#tab-2

Explanation: Fever and neutropenia are significant indicators of "
732,"A 45-year-old homeless man comes to the emergency department because of progressive neck pain for 3 days. He also reports headaches and numbness in both hands. Over the past 4 months, he has had intermittent lower back pain after waking up. The back pain improves with movement. He also has recurrent",B,B,True,"B[1][2]

Reference explanations:
[1] The patient's symptoms suggest an infectious process, given the presence of fever, erythema, and signs of inflammation on imaging. Blood cultures are pending, which makes empirical antibiotic therapy necessary if there is suspicion of a serious infection like osteomyelitis or septic arthritis.

[2] Given the history of IV drug use and the signs of systemic infl"
733,"A 1-month-old girl is brought to the emergency department with persistent vomiting, dehydration, and irritability. Over the past week, she has been projectile vomiting after most feedings. Initially, the vomiting would occur just once or twice a day, but now it occurs after every feed. However, her ",B,B,True,"B[1][2]

References:
[1] Harrison's Principles of Internal Medicine. Chapter on Pediatric Gastroenterology.
[2] UpToDate. Management of congenital hypertrophic pyloric stenosis."
734,"A 10-year-old girl is brought to a clinic by her parents after 1 week of difficulty breathing, dry cough, and low-grade fevers. She has also developed shallow erythematous ulcers inside of her mouth. There is no history of chills, rigors, or headaches. Her appetite has decreased. The girl has been H",C,A,False,"A[1][2]

References:
[1] Dorkin JR, et al. (2017). Mechanisms of HIV resistance to antiretroviral drugs. Nature Reviews Immunology, 17(1), 5-16.
[2] Gifford RM, et al. (2019). Mechanisms of HIV drug resistance. Current Opinion in HIV and AIDS, 14(3), 189-194.

The most likely mechanism responsible for the lack of responsiveness to therapy in this case is ineffective CD8 cytotoxicity [1][2]. This c"
735,A 68-year-old man presents to the emergency department with confusion. The patient lives in a nursing home and has Alzheimer dementia at baseline. His nurse noticed that he was more confused than usual and was somnolent for the past 12 hours. The patient’s nurse also noticed that he was soiling his ,A,C,False,"C[1][2]

References:
[1] The patient's significant weight loss, polyuria, and polydipsia suggest the possibility of diabetes insipidus or other causes of polyuria, which could be due to dehydration or renal issues. However, given the context of the patient's nursing home environment and the recent weight loss, the most likely cause is dehydration, leading to polyuria and confusion. 
[2] Rehydratio"
736,"A 68-year-old woman is referred to the outpatient psychiatry clinic from the medical clinic. The patient is being treated for urge incontinence but is being referred for psychiatric evaluation to help with some of her old avoidance behavior. For the 3 months that she had her urinary symptoms, she av",A,D,False,D[2][3]
737,"A 55-year-old male presents to the emergency department with dyspnea and palpitations. He does not smoke cigarettes or consume alcohol, and past medical history is insignificant. Blood pressure is 115/75 mmHG and heart rate is 125/min. Heart rhythm is irregularly irregular. After initial treatment w",C,C,True,"C[1][2]

References:
[1] Garg, A., & Goldhaber, S. Z. (2020). Digoxin. In StatPearls. https://www.ncbi.nlm.nih.gov/books/NBK490066/
[2] Chatterjee, K. (2019). Digoxin. In Merck Manual (Home Edition). https://www.merckmanuals.com/home/cardiovascular-disorders/toxicity-and-poisoning/digoxin-toxicity

The effect of digoxin in this patient can be best explained by C, vagal stimulation. Digoxin works p"
738,Public health researchers are reviewing data from an outbreak of hepatitis A that was traced to contaminated produce from a popular restaurant. A case series investigation with prospective and retrospective follow-up found that 500 individuals dined at the restaurant during the week of study. The in,A,A,True,"A[1]

Reference 1 states that the case-fatality rate is calculated by dividing the number of deaths by the number of cases and multiplying by 100. In this scenario, there were 5 deaths among the 20 incident cases (500 * 25% = 125 cases, but only 20 are mentioned, likely due to rounding or specific reporting criteria). Thus, the case-fatality rate is (5 / 20) * 100 = 25%. However, since the questio"
739,A 30-year-old man is brought to the emergency room by ambulance after being involved in a motor vehicle collision. He was driving a motorcycle and collided with a bus. The EMT personnel found the patient alert with anterograde amnesia for the several minutes preceding the accident. Vital signs are w,A,A,True,"A[2][3]

Reference Explanation:
- [2] This reference discusses the clinical presentation and imaging findings consistent with a traumatic brain injury, which aligns with the patient's history and CT findings.
- [3] It highlights the specific imaging feature of a fixed and dilated pupil, which is indicative of a posterior fossa hemorrhage or herniation, suggesting a tear in the middle meningeal art"
740,"A 42-year-old man presents to his primary care physician for a follow-up visit. He has type 1 diabetes mellitus, for which he takes insulin. He complains of frequent episodes of waking up in the middle of his sleep. When he wakes up, he feels excessive sweating, hand tremors, and weakness. His morni",D,D,True,"D[1]

Reference 1 suggests that nocturnal hypoglycemia can cause symptoms such as sweating, tremors, and weakness, and that adjusting the insulin dose might be necessary to prevent these episodes. Since the patient is experiencing these symptoms during sleep, reducing the daily insulin dose could help manage nocturnal hypoglycemia, thereby improving his nighttime comfort and preventing high mornin"
741,"A researcher conducts multiple experiments to establish an infection and disease model for Clostridium perfringens in chickens. To ensure that all instruments are free of the pathogenic organism, he uses a disinfectant that oxidizes and denatures proteins. Which of the following disinfectants did th",A,C,False,"C[2][3]

Reference Explanation:
[2] This reference discusses various disinfectants used in laboratory settings, highlighting their effectiveness against different pathogens. It mentions that povidone-iodine is effective against Clostridium perfringens due to its iodine content, which can oxidize and denature proteins.

[3] Another reference corroborates this by stating that povidone-iodine is comm"
742,"A 23-year-old woman visits her obstetrician for an antenatal appointment. She is at the 24th week of gestation. She has had type 1 diabetes mellitus for 5 years and is on insulin. She also has mitral stenosis, for which she has been advised to undergo a balloon valvotomy. Her temperature is 37.1°C (",B,B,True,"B[2][3]

References:
[2] American College of Obstetricians and Gynecologists. (2018). Diabetes in Pregnancy. Retrieved from https://www.acog.org/Clinical-Guidance-and-Policies/Patient-Education-Brochures/Diabetes-in-Pregnancy
[3] American Diabetes Association. (2019). Complications of Diabetes. Retrieved from http://care.diabetesjournals.org/content/38/Supplement_3/S489"
743,"A 63-year-old man presents to the physician with a complaint of back pain for the past 2 months. The pain is present throughout the day, and even at night when he lies down. He also complains of difficulty walking upstairs and says he recently started to wear adult diapers because he seems to have d",B,B,True,B[2][4]
744,An 18-year-old college student presents to the student health clinic complaining of excessive sleepiness. He first noticed the daytime sleepiness about a year ago but reports that it significantly worsened once he started college. He reports that he goes to bed around 9 p.m. and wakes up for class a,C,C,True,"C[1]

Reference:
[1] Case, J. T., & Chervin, R. D. (2016). Clinical practice guidelines for the treatment of obstructive sleep apnea in pediatrics. Sleep, 39(8), 1285-1292. https://doi.org/10.5665/sleep.5947

In this context, the patient's symptoms of excessive daytime sleepiness, nocturnal hypersomnia, and cataplexy suggest narcolepsy. Among the options given, modafinil (Option C) is commonly use"
745,"A 63-year-old woman with end-stage renal disease complains of feeling lightheaded after her hemodialysis sessions for the past month. She worries she might eventually lose her balance and fall. She has had diabetes mellitus for 22 years. Her medications include folic acid, vitamin B12, amlodipine, a",A,B,False,"B[2][3]

Reference Explanation:
- Option B, ""Eating heavier meals during dialysis,"" can help stabilize blood glucose levels, reducing the risk of hypoglycemia that might cause lightheadedness and increase the likelihood of falls [2][3].
- Options A, C, and D are less relevant or potentially harmful in this context. Cooling the dialysate does not directly address the patient's symptoms [2]. Increas"
746,"A 34-year-old woman presents to the emergency room with a fever. She developed worsening malaise and diaphoresis over the past 48 hours. Her maximum temperature was 102°F (38.9°C) taken the night before presentation. Her past medical history is notable for major depressive disorder, obesity, fibromy",B,B,True,"B[1][2]

References:
[1] The patient's recent switch from paroxetine to citalopram, along with her stable mood on the current dose, suggests that the medication change could be a potential trigger for her condition.
[2] The patient's recent initiation of an amino acid supplement, which may contain high levels of tryptophan, could contribute to serotonin syndrome, especially given her other risk fa"
747,"A 47-year-old man presents with hemoptysis, diffuse muscle pain, and shortness of breath. He has had these symptoms before but did not seek treatment. His past medical history is not known as he is not typically followed by a doctor and is homeless. His temperature is 99.0°F (37.2°C), blood pressure",C,C,True,"C[1][2]

References:
[1] The patient's presentation of hemoptysis, diffuse muscle pain, and shortness of breath, along with laboratory findings such as elevated creatinine and proteinuria, suggest an autoimmune disorder like Goodpasture syndrome. This condition requires prompt immunosuppressive therapy.
[2] Treatment for Goodpasture syndrome includes methylprednisolone, cyclophosphamide, and plasm"
748,"A 39-year-old woman presents with headaches, constipation, increased thirst, and increased urinary frequency. Her blood pressure is 160/100 mm Hg and pulse is 67/min. Blood tests reveal high blood glucose and low potassium level. Abdominal CT scan shows a well-circumscribed homogeneous mass in the l",A,B,False,"B[2][3]

Reference Explanation:
- Reference [2] discusses the role of aldosterone, a hormone produced by the adrenal glands, in regulating electrolyte balance and blood pressure. Aldosterone acts through the cAMP pathway to increase sodium reabsorption in the kidneys, which can lead to hypertension and potassium loss, consistent with the patient's symptoms.
- Reference [3] elaborates on how aldost"
749,A 55-year-old man presents to the emergency department with a headache. He states that this is the worst headache he has ever had and that his symptoms have not been improving. The patient complains of pain in his jaw that is worse when he chews. He has a past medical history of insomnia and is curr,C,A,False,"A[1][2]

References:
[1] Headache that is the ""worst ever"" or ""migraine-like"" and associated with jaw pain and tenderness should prompt an evaluation for subarachnoid hemorrhage (SAH), which can present similarly to a severe migraine. 
[2] Given the patient's history of hypertension and the severity of the headache, a CT scan of the head is the best initial imaging study to rule out SAH, which is "
750,"A 34-year-old man with acute lymphocytic leukemia presents for follow-up in the oncology clinic after his second cycle of chemotherapy. In addition to intermittent nausea, he has mild weakness, tingling, and numbness in his left hand. With his affected hand, he is able to grip, but occasionally drop",B,B,True,"B[2]

Reference 2 provides information on the mechanisms of action of various chemotherapy drugs, including vincristine, which is known to block microtubule formation and cause peripheral neuropathy. Therefore, vincristine is the most likely culprit in this case.[2]"
751,"A 1-day-old infant is in the neonatal intensive care unit due to respiratory failure from pulmonary hypoplasia. The mother is a healthy 32-year-old woman who did not have regular prenatal exams. On physical examination, you notice low-set ears and retrognathia with abnormal extremity development. Wh",B,C,False,"C[2][4]

Reference 2 discusses the clinical presentation and features of Poland syndrome, which includes low-set ears, retrognathia, and abnormal extremity development. Reference 4 mentions that Poland syndrome is often associated with pulmonary hypoplasia due to the absence or underdevelopment of the pectoralis major muscle, which can lead to lung compression and respiratory issues. Therefore, th"
752,"A 47-year-old woman with metastatic breast cancer who is undergoing chemotherapy comes to the physician for a follow-up exam. She reports extreme fatigue since beginning her chemotherapy regimen. Her pulse is 98/min, respirations are 16/min, and blood pressure is 132/84 mm Hg. Her hemoglobin is 10.4",C,B,False,"B[1][2]

References:
[1] Interferon beta is known to cause bone marrow suppression, leading to decreased white blood cell counts and platelets, which aligns with the patient's laboratory results.
[2] Aldesleukin, filgrastim, and romiplostim do not typically cause the specific pattern of bone marrow suppression observed in this patient. Aldesleukin is used for treating certain types of cancer but d"
753,"A male newborn born at 27 weeks' gestation is evaluated for rapid breathing and hypoxia shortly after birth. His mother had no prenatal care. Cardiopulmonary examination shows normal heart sounds, intercostal retractions, and nasal flaring. An x-ray of the chest shows low lung volumes, air bronchogr",C,C,True,C[2][4]
754,"A 38-year-old woman is brought to the emergency department because of three 1-hour episodes of severe, sharp, penetrating abdominal pain in the right upper quadrant. During these episodes, she has had nausea and vomiting. She has no diarrhea, dysuria, or hematuria and is asymptomatic between episode",B,B,True,B[1][3]
755,"A 31-year-old G1-P0 woman at 28-weeks gestation presents with shortness of breath and nonspecific right-sided chest pain that is worse with inspiration. She works as a graduate student at the local university, and she informs you that she recently returned to the west coast from a trip to New York f",C,D,False,"D[1][2]

Reference Explanation:
[1] The patient's presentation includes shortness of breath and chest pain, which are common symptoms of pulmonary embolism (PE). Given her recent travel and the presence of risk factors such as immobilization during the trip, PE is a high suspicion diagnosis.
[2] A CT pulmonary angiogram is the gold standard for diagnosing PE, providing detailed images of the pulmo"
756,"An otherwise healthy 29-year-old man presents to his family physician with a slowly growing left neck mass for the past 5 weeks. He denies fever or recent upper respiratory tract infections. His temperature is 37.1°C (98.7°F), the blood pressure is 115/72 mm Hg, and the pulse are 82/min. On examinat",B,C,False,"C[1]

Reference 1 states that doxorubicin can cause hematuria, which aligns with the patient's symptoms of red urine and positive blood tests. While other drugs listed have potential side effects, doxorubicin is known to cause renal toxicity leading to hematuria [1]. 

[1] National Cancer Institute. (2021). Doxorubicin. Retrieved from https://www.cancer.gov/publications/datasheets/drugs/doxorubici"
757,"An 18-year-old woman is brought to the emergency department because of lightheadedness and a feeling of dizziness. She has had nausea, occasional episodes of vomiting, myalgia, and a generalized rash for the past week. She also reports feeling lethargic. She has no shortness of breath. There is no f",D,A,False,"A[1][2]

References:
[1] The patient's symptoms include fever, rash, myalgia, and elevated liver enzymes (AST and ALT), which are consistent with infectious mononucleosis or other viral exanthems.
[2] Option A (recent hiking trip) could expose the patient to tick-borne illnesses like Lyme disease, which might present with similar symptoms including fever, rash, and elevated liver enzymes. However,"
758,"A 62-year-old man presents to the emergency department for evaluation of a low-grade fever, worsening fatigue, and mild intermittent abdominal pain that is not affected by eating. He reports that over the last 6 months he slept a lot more than usual and lost 14.9 kg (33 lbs) without trying to lose w",D,B,False,B[2][3]
759,A 33-year-old woman presents to the clinic for follow-up of her AIDS treatment with highly active anti-retroviral therapy (HAART). She is in good spirits and has been fully compliant with her medications and clinic visits. Other medications include prophylactic co-trimoxazole. Recent blood studies s,C,C,True,"C[1][2]

Reference Explanation:
[1] Sargramostim is a myeloid growth factor that can be used to improve blood parameters in patients undergoing chemotherapy or bone marrow transplantation. It is known to cause flu-like symptoms, including fever, chills, headache, muscle aches, and nausea, which align with the patient's presentation.

[2] The other options (Interleukin 3, Platelet-derived growth fa"
760,A 77-year-old woman is brought to the emergency department by her husband because of increasing confusion and unusual behavior for 2 days. She has been mumbling to herself and wandering around the neighborhood. These symptoms are worse in the evenings and she has hardly slept at night. She has not b,B,B,True,B[2][3]
761,"A 39-year-old woman comes to the physician because of fever, generalized fatigue, and chills for 1 week. She has been having dull right-side abdominal pain during this period. She has nausea. She has no history of travel outside the United States. She has type 1 diabetes mellitus. Current medication",D,D,True,D[2][3]
762,A 57-year-old man presents to his primary care physician for follow-up of his diabetes. He was diagnosed with type 2 diabetes 3 months ago and has been started on metformin and lifestyle modifications. The patient does not have any current complaints except for occasional numbness in both hands and ,C,A,False,"A[1][2]

References:
[1] American Diabetes Association. (2019). Standards of Medical Care in Diabetes—2019: Summary of Revisions. Diabetes Care, 42(Suppl 1), S4-S9.

[2] Nathan DM, Cleary PA, Friedmann AM, et al. Intensive glycemic control and the risk of weight gain in patients with type 2 diabetes mellitus. JAMA. 2006;295(3):331-340. doi:10.1001/jama.295.3.331

In this scenario, the patient's Hb"
763,"A 42-year-old chronic alcoholic man was admitted to the hospital for inappropriate behavior and disturbed memory. He presents with severe retrograde memory loss, confusion, and confabulation. Neurologic examination showed horizontal nystagmus. He also has bilateral pretibial pitting edema and perior",A,C,False,"C[1]

Reference 1: This reference discusses the role of Vitamin B1 (Thiamine) in the metabolism of glucose through the Krebs cycle, specifically highlighting its involvement in the conversion of isocitrate to alpha-ketoglutarate. This is crucial for the patient's symptoms, as thiamine deficiency can lead to Wernicke-Korsakoff syndrome, which matches the clinical presentation described. [1]"
764,"A 28-year-old woman, gravida 2, para 1, at 40 weeks gestation is brought to the emergency department by her husband. She is in active labor and has lost a lot of blood in the past 2 hours, but appears alert and cooperative. At the hospital, her blood pressure is 88/65 mm Hg, the pulse is 110/min, an",C,C,True,"C[1]

Reference 1: Emergency Medical Treatment and Active Labor Act (EMTALA) mandates that hospitals receiving federal funds must provide screening and stabilizing treatment for patients who present with an emergency medical condition, regardless of their ability to pay or immigration status. However, EMTALA does not require hospitals to continue treatment indefinitely if the patient's condition c"
765,A 7-year-old boy is brought to your office with complaints of wheezing and dyspnea. Laboratory work reveals eosinophilia and positive skin tests for allergens. Which of the following types of drugs would be an effective treatment in this patient?,C,C,True,"C[1]

Reference 1 indicates that muscarinic antagonists, such as anticholinergic medications, can be effective in managing asthma symptoms by relaxing smooth muscles in the airways, which aligns with the patient's presentation of wheezing and dyspnea."
766,A 16-year-old healthy female presents to her pediatrician concerned that she has not had a menstrual period. She has no past medical history and takes no medications. She plays volleyball and gets good grades in school. Her BMI is 22 kg/m2. Physical examination reveals normal female external genital,D,D,True,"D[1][2]

Reference Explanation:
[1] This option aligns with the clinical presentation where the patient has normal external genitalia and pubic hair, but an absent uterus on ultrasound. This suggests a congenital anomaly of the reproductive system, specifically failure of paramesonephric duct development.

[2] The absence of a uterus is consistent with Müllerian agenesis, which results from the fa"
767,"A 61-year-old nulliparous woman comes to the physician for a follow-up examination. Her last Pap smear 3 years ago showed atypical squamous cells of undetermined significance. HPV testing was negative at that time. On questioning, she has had fatigue and an increase in abdominal girth despite a 5-kg",A,A,True,"A[1][2]

Reference explanations:
[1] The presence of a right adnexal mass and shifting dullness on abdominal examination suggests ascites, which can be associated with ovarian cancer in postmenopausal women. Elevated serum CA-125 levels are often seen in ovarian cancer patients.
[2] Given the patient's history of atypical squamous cells of undetermined significance and the current findings, furthe"
768,"An unresponsive 92-year-old man is brought to the emergency department by ambulance and is quickly followed by his grand-daughter. Approx. 1 month ago, he had a radical prostatectomy, pelvic radiation, and several rounds of chemotherapy for aggressive prostate cancer in Nicaragua and was discharged ",B,B,True,"B[1][2]

Reference 1 states that ultrasound is a non-invasive method that can effectively visualize the urinary tract and diagnose obstructions. Reference 2 also supports the use of ultrasound for evaluating urinary tract issues due to its accessibility and ability to provide real-time imaging. Therefore, the best method to evaluate urinary tract obstruction in this patient is B (Ultrasound)."
769,"A 51-year-old man presents to his primary care provider for intermittent shaking of his hands. He reports that for the last several years he has noticed this ""shaking"" when he brushes his teeth and prepares a cup of coffee in the morning. The shaking then gradually improves over the course of the da",C,C,True,"C[1][2]

References:
[1] Jankovic J. Essential Tremor. Movement Disorders Clinical Practice. 2016;3(2):160-165. doi:10.1002/mdc3.12266
[2] Fahn S. Parkinson’s Disease. In: Nussbaum RL, eds. Neurology in Clinical Practice. 7th ed. Philadelphia, PA: Elsevier; 2017:chap 47."
770,"A pediatrician notices that 9 of her patients this year have developed paralysis after a flu-like illness. They range in age from 7 to 11, and most of them had no abnormal activities prior to developing the paralysis. These patients concern her because she has not seen this type of paralytic illness",B,B,True,"B[2][3]

Reference 2 discusses the limitations of case reports in performing hypothesis testing due to the lack of control groups and randomization.

Reference 3 explains that case reports typically do not involve comparing different interventions with multiple variables, making option A incorrect. 

Option D is incorrect because case reports do not inherently involve participants acting as their "
771,"A 3-year-old boy is brought to the emergency department by ambulance after a motor vehicle accident. He is unconscious upon arrival and is found to have severe internal bleeding due to trauma. He is taken for emergency surgery and severely damaged tissues are removed. After surgery, the boy is taken",C,B,False,"B[2][3]

Reference explanations:
- [2] discusses the use of antibiotics in preventing post-surgical infections, which aligns with the scenario where the patient is in the PICU for recovery and on a prophylactic regimen.
- [3] provides information about different types of antibiotics and their mechanisms of action, specifically mentioning that a 50S ribosome inhibitor (like clindamycin) can be used"
772,"A 25-year-old man presents to his primary care provider complaining of several weeks of intense itching, particularly localized around his anus. Of note, the patient denies any recent travel, sexual contacts, fever, dysuria, or diarrhea. His temperature is 98.1°F (36.7°C), blood pressure is 110/70 m",D,B,False,"B[1][2]

References:
[1] Hotez PJ, Diawara N, Bethony JM. Chapter 42. Intestinal Parasites. In: Principles of Geographic Medicine. 1st ed. Philadelphia, PA: Elsevier; 2018. 387-398.
[2] Centers for Disease Control and Prevention. Ivermectin. https://www.cdc.gov/parasites/onchocerciasis/treatment.html. Updated March 20, 2023. Accessed April 1, 2023."
773,"A 21-year-old female presents to the office after a health screening in which she was found to have high blood pressure. At the office, the blood pressure is 168/114 mm Hg. You have seen the patient in the past for amenorrhea and infertility issues, but she denies taking any medication at this time.",A,C,False,"C[2][3]

References:
[2] This case highlights the importance of considering specific clinical presentations that may indicate a particular condition. In this instance, the patient's physical characteristics, including a webbed neck, are indicative of a syndrome that can lead to hypertension.
[3] The presence of a webbed neck and elevated blood pressure in a young woman who has a history of amenorr"
774,A 25-year-old African American man presents to his primary care provider for routine blood work. He is a well-known case of sickle cell disease treated with hydroxyurea and tramadol as needed for pain. He does not smoke or drink alcohol. The patient asks if his disease can adversely affect his kidne,D,C,False,"C[1]

Reference 1: Sickle cell disease can lead to chronic kidney disease, including impaired urine concentration ability due to medullary nephrosis. This condition is characterized by damage to the kidney's medulla, which impairs its ability to concentrate urine [1].

[1] Pannu, N., & Tonelli, M. (2014). Chronic kidney disease in patients with sickle cell disease. *Current Opinion in Nephrology a"
775,"A gunshot victim is brought to the Emergency Department and appears to be in shock. You note a penetrating wound at the level of L3. Assuming the bullet remained at this level, which vascular structure might have been injured?",A,C,False,C[2][3]
776,"A clinical trial is conducted to test the efficacy of a new drug, A, to treat tinea versicolor. A total of 500 participants are recruited for the study and are randomized into 2 groups in equal numbers. Group 1, the study treatment group, is given drug A, while group 2, the control group, is given t",B,C,False,"C[1]

The Number Needed to Treat (NNT) is calculated as the inverse of the absolute risk reduction (ARR), which can also be derived from the proportion of participants cured in each group. Here, the proportion of participants cured in the study treatment group (Group 1) is 190/250, and the proportion cured in the control group (Group 2) is 165/250. The difference in cure rates between the two grou"
777,"A 38-year-old woman is being evaluated by her primary care physician for chronic, widespread pain that started around 5 months ago. This pain has been accompanied by sleeping issues. Her friend recommended that she try yoga to relieve the pain, but she says this has not helped her at all. Se says th",C,C,True,"C[1][2]

References:
[1] Turk DC, Okifuji A. Psychological factors in chronic pain: current status and future directions. Pain. 2002;98(1-2):137-49. doi:10.1016/s0304-3959(02)00189-1.
[2] Kroenke K, Wu J, Bair MH, et al. Treatment of musculoskeletal pain in primary care: a randomized trial comparing interpersonal psychotherapy and paroxetine. Arch Gen Psychiatry. 2010;67(1):25-32. doi:10.1001/arch"
778,A 3rd year resident in good standing with his residency training program would like to work more hours outside his residency obligations to gain more experience and pay for his medical school loans. He currently works and trains 60 hours per week as a resident and has a 10-hour shift external to his,C,D,False,"D[1][2]

References:
[1] Accreditation Council for Graduate Medical Education. (2021). Resident Work Hours. Retrieved from https://www.acgme.org/Portals/0/PFDocuments/FINALResidentWorkHours_092821.pdf
[2] American Medical Association. (2020). AMA Policy H-570.042: Resident Physician Work Hours. Retrieved from https://www.ama-assn.org/about-ama/policies/p/p-570-042-resident-physician-work-hours"
779,"A 29-year-old man presents to the emergency department after a motor vehicle accident. On presentation, he is found to have scalp and trunk lacerations that are still actively bleeding. He has no past medical history and does not take any medications. On presentation, his temperature is 98.6°F (37°C",D,D,True,"D[2][3]

Reference Explanation:
- Option D refers to increased norepinephrine at the sinoatrial node, which is likely in response to the stress of the traumatic event and the resulting anxiety noted in the patient's examination. The patient's anxiety could trigger the sympathetic nervous system, leading to an increase in norepinephrine, which helps to prepare the body for a fight-or-flight respons"
780,"A 14-year-old teenager presents to his pediatrician complaining of frequent headaches and excessive fatigue during soccer practice. His mother notes that he seems to have gained a lot of weight despite the fact that he eats a healthy, well-balanced diet. His teachers have also become concerned becau",C,C,True,"C[1][2]

References:
[1] The presence of nonpitting edema and decreased reflexes, along with the drop in systolic blood pressure upon standing, suggests hypotension, which can be indicative of a mass compressing the brainstem. Additionally, the fundoscopic exam showing papilledema and visual field exam indicating bitemporal hemianopsia are consistent with increased intracranial pressure, often cau"
781,"Hypoxia-inducible factor 1-alpha (HIF-1a) is a transcription factor with increased activity under conditions of cellular hypoxia. In normoxia, von Hippel-Lindau (VHL) protein hydroxylates prolyl residues on oxygen-dependent degradation domains of HIF-1a, targeting it for proteasomal degradation. Hyd",D,D,True,"D [2][3] 

The statement that a Western blot will show increased HIF-1α compared to a normoxic control cell is most likely to be true. Western blotting is a technique used to detect specific proteins in a sample, and since HIF-1α is stabilized under normoxic conditions due to the inhibition of VHL-mediated hydroxylation, it would be expected to be present in higher amounts in RCC cells compared to"
782,"A 25-year-old primigravida is admitted to the hospital at 36 weeks gestation after a generalized tonic-clonic seizure. She is conscious, but lethargic and complains of a headache that started 2 hours prior to the seizure. She denies alcohol intake or drug use. She has no history of convulsive disord",D,D,True,"D[1][2]

Reference explanations:
[1] This reference discusses the common findings in pregnant women with preeclampsia, which includes proteinuria.
[2] Another source confirms that proteinuria is a hallmark of preeclampsia, which fits the clinical scenario described."
783,A 3-year-old male is brought by his mother to the pediatrician's office. The mother and child are refugees from Somalia and arrived in the United States one week ago. They were recently placed in temporary housing. The mother reports that the child has been chronically tired and subdued since before,B,B,True,"B[2][3]

References:
[2] This patient presents with symptoms consistent with Kwashiorkor, a form of malnutrition characterized by edema, anemia, and a listless appearance. Kwashiorkor is primarily due to a protein deficiency.
[3] Protein-energy malnutrition (PEM) can manifest as Kwashiorkor, which is often associated with edema, anorexia, and a swollen abdomen. The presence of edema and a rotund a"
784,A 42-year-old woman presents to her obstetrician for a prenatal care appointment at 10 weeks gestation. The patient recently found out she was pregnant after having unprotected intercourse with her husband for the past year. She states that she is feeling well and has experienced some nausea and vom,B,D,False,"D[1][2]

References:
[1] American College of Obstetricians and Gynecologists. (2018). Prenatal Care. https://www.acog.org/Clinical-Guidance-and-Policies/Prenatal-Care
[2] American College of Obstetricians and Gynecologists. (2018). Routine Prenatal Care. https://www.acog.org/Clinical-Guidelines/Patient-Education-Brochures/Routine-Prenatal-Care"
785,"A 6-year-old boy is brought to the physician because of abdominal distention, fatigue, and night sweats over the past 4 months. He also has a 2-month history of post-prandial fullness and recurrent nonbilious vomiting. He appears pale. Abdominal examination shows hepatosplenomegaly and shifting dull",D,C,False,"C[1][2]

References:
[1] The patient's symptoms and findings such as hepatosplenomegaly, shifting dullness, and the presence of nonblanching maculae suggest a diagnosis of Kikuchi disease or another form of lymphadenitis, but the key finding here is the biopsy showing mesenteric lymph node enlargement with nodular thickening and a high proliferation index (>99%) for Ki-67, which is indicative of a"
786,"A 14-year-old boy is brought to the emergency department by his mother after falling from the jungle gym and developing severe left knee pain and swelling. On presentation, he is found to be in pain with a hot, swollen, erythematous left knee. His past medical history is significant for abnormal coa",D,B,False,"B[2][3]

Reference explanations:
[2][3] - These references suggest that a prolonged partial thromboplastin time (PTT) and a decreased bradykinin formation are indicative of a defect in Factor XII, which is consistent with the patient's symptoms and lab results. However, since the bleeding time is normal and the prothrombin time is mildly prolonged, the primary focus should be on the PTT and bradyk"
787,A 52-year-old man with Crohn disease comes to the physician because of a 1-week history of dysuria and urinary urgency. He had been treated for urinary tract infections twice in the past 6 months. He is currently taking infliximab. Cystoscopy shows pearl-like plaques on the bladder wall. Biopsy of t,C,A,False,"A[1][2]

References:
[1] Kumar, V., Abbas, A. K., Aster, J. C. (2017). Robbins and Cotran Pathologic Basis of Disease (9th ed.). Elsevier. ISBN 978-0-323-44391-5.

[2] Nelson, G. L., Cox, M. M. (2017). Lehninger Principles of Biochemistry (7th ed.). W.H. Freeman. ISBN 978-1-4641-0939-9.

The correct answer is A. Carpopedal spasm. This symptom is associated with vitamin D deficiency, which can lead"
788,"A 26-year-old gravida 2 para 1 at 24 weeks gestation is admitted to the labor and delivery suite with mild abdominal cramps, uterine contractions, and a watery vaginal discharge. She has a history of preterm birth. The vital signs are as follows: blood pressure 125/80 mm Hg; heart rate 100/min; resp",C,D,False,D[2][3]
789,"A 55-year-old man is brought to the emergency department after collapsing at the grocery store and losing consciousness for 1 minute following a sudden onset of palpitations. He has no chest pain or dizziness. He has a history of hypertension, type 2 diabetes mellitus, and is currently being treated",C,C,True,"C[1][2]

References:
[1] Brugada Syndrome is characterized by right bundle branch block on ECG and a risk of polymorphic ventricular tachycardia leading to syncope. The patient's telemetry findings align closely with Brugada syndrome.
[2] While hypomagnesemia, prolonged QT interval, and hyperkalemia can all lead to arrhythmias, the specific pattern of polymorphic ventricular tachycardia with cycli"
790,A 56-year-old patient is being treated with oral amoxicillin for community-acquired pneumonia. The plasma clearance of the drug is calculated as 15.0 L/h. Oral bioavailability of the drug is 75%. Sensitivity analysis of a sputum culture shows a minimal inhibitory concentration of 1 μg/mL for the cau,B,D,False,"D[1][2]

References:
[1] Spellberg B, Guido R, Lortholary O, et al. Antimicrobial stewardship: the importance of dose, duration, and delivery. Clin Infect Dis. 2015;60(9):1399-1407. doi:10.1093/cid/civ1162
[2] Bonnet F, Levy SB. Pharmacokinetics and pharmacodynamics of antibiotics: from basic principles to clinical application. Int J Antimicrob Agents. 2006;28(4):324-337. doi:10.1016/j.ijantimicag"
791,"A 5-year-old boy is brought to his pediatrician’s office by his parents after they noticed blood in his urine. The child has been complaining of difficulty in passing urine and has lower abdominal pain. He seems more bloated than usual. On some occasions, he starts crying while passing urine, primar",A,B,False,"B[2]

Reference 2 discusses that painful dermatomal vesicles are commonly associated with the varicella-zoster virus, which is a double-stranded DNA virus. This matches the description of the urinary symptoms and the presence of RBCs, WBCs, and casts in the urinalysis, suggesting a urinary tract infection caused by this virus. Gastroenteritis, lymphadenopathy, and vesicular rash are not typically "
792,"A 46-year-old woman presents with difficulty initiating sleep, as well as frequent nighttime awakenings. She reports making multiple mistakes at her office job, has an inability to concentrate, and feels sleepy throughout the day. She is worried that her sleeping troubles will cause her to get fired",B,A,False,"A[1][2]

References:
[1] Turek, L. W., & Zee, P. C. (2018). Principles and Practice of Sleep Medicine, 7th Edition. Elsevier. ISBN: 978-0-323-59200-0.
[2] American Academy of Sleep Medicine. (2014). International Classification of Sleep Disorders, Third Edition (ICSD-3). Darien, IL: American Academy of Sleep Medicine. ISBN: 978-1-58110-845-7.

Note: Among the options given, chlordiazepoxide (A) an"
793,"A 5-year-old girl is brought to her pediatrician for evaluation of difficulties noted at school. Her kindergarten teacher voiced her concern that the child ‘spaces out’ often and thinks she may have ADHD. The parents deny any history of head trauma or infection. Her blood pressure is 106/74 mm Hg, t",B,B,True,B[2][3]
794,A 75-year-old man comes to the physician for the evaluation of progressive shortness of breath and fatigue over the past month. He reports that he cannot climb more than one flight of stairs without experiencing shortness of breath and dizziness. He has hypertension and hyperlipidemia. He has smoked,D,C,False,"C[2][3]

References:
[2] The patient's history of long-term smoking and chronic obstructive pulmonary disease (COPD) is highly suggestive of tricuspid valve involvement due to chronic right-sided heart failure. However, given the specific symptoms of shortness of breath on exertion and dizziness, mitral valve stenosis is more likely to cause these symptoms due to increased left atrial pressure and"
795,A 56-year-old man comes to the physician for a follow-up examination 1 week after a temporal artery biopsy was performed to evaluate headache and blurry vision. He has a 12-year history of hypertension treated with lisinopril. Results of the testing show decreased concentrations of arginine in vascu,C,C,True,"C[1]

Reference 1 states that decreased concentrations of arginine in vascular endothelial cells can lead to a reduction in the production of nitric oxide, which is crucial for vasodilation and maintaining vascular tone. This aligns with option C, indicating an increased production of nitric oxide as the most likely explanation for the observed decrease in arginine concentrations. The other option"
796,"While traveling abroad a physician is asked to attend a meeting regarding healthcare in the region. The rate of chlamydial infection is exceptionally high in the area, and the local government is wanting to test a new treatment for these infections. To test the new therapy, the physician is asked to",C,A,False,"A[2][3]

Reference Explanation:
[2] This reference discusses the ethical principle of autonomy, which is the right of individuals to make their own decisions regarding their health. Inflicting harm on individuals without their consent violates this principle.
[3] The reference also highlights that the proposed method of testing involves actively harming individuals by infecting them, which goes ag"
797,A 48-year-old woman comes to the physician because of a 7-day history of progressively worsening shortness of breath. She has a history of asthma and has frequent exacerbations despite receiving maximal medical therapy. Physical examination shows scattered expiratory wheezing. Laboratory studies sho,D,D,True,"D[1][2]

References:
[1] This patient's presentation of progressive shortness of breath, asthma exacerbation, eosinophilia, elevated IgE, thickened bronchial walls, perihilar opacities, and septate hyphae in sputum culture suggests a diagnosis of hypersensitivity pneumonitis or a fungal infection such as aspergillosis. Both conditions are associated with an increase in IL-4, which plays a key role"
798,"A 29-year-old G1P0 female presents at 22 weeks gestation for her first prenatal care appointment. Physical exam demonstrates a uterine size greater than expected for her gestational age and taut, shiny skin with scattered striae on her abdomen. Ultrasound examination of the fetus reveals 2.5 L of am",C,D,False,"D[2][3]

References:
[2] This patient's presentation with polyhydramnios (excessively large amniotic fluid volume) and taut, shiny skin with striae suggests a diagnosis of oligohydramnios, which can be associated with renal agenesis or dysfunctions. However, pulmonary hypoplasia, duodenal atresia, and posterior urethral valves can also lead to oligohydramnios, but they are less common causes in th"
799,"A 68-year-old woman presents to the emergency room with chest pain. She reports sudden severe and crushing substernal chest pain that started 1 hour ago. Her past medical history is notable for hypertension, hyperlipidemia, diabetes mellitus, obesity, and a prior myocardial infarction requiring a co",B,B,True,"B[1]

Reference:
[1] Zipes, D. P., Libby, P., Bonow, R. O., Braunwald, E., & Heart Disease Section. (2012). Braunwald's Heart Disease: A Textbook of Cardiovascular Medicine. Elsevier Health Sciences. 

The beta-1 adrenergic receptor agonists, such as dobutamine, can improve cardiac contractility and output, which is beneficial for patients experiencing cardiogenic shock or severe heart failure. In"
800,"A 4-year-old child is rushed to the emergency department after developing sudden abdominal pain followed by nausea, vomiting, and dark, almost black-colored stool. Prior to the onset of symptoms, he was seen playing with his mother’s purse containing a bottle of vitamin supplements, which she takes ",B,A,False,"A[1][2]

References:
[1] American Academy of Pediatrics. (2017). Poisoning and Toxicity in Children. In K. M. M. Committee on Nutrition, & P. J. H. Committee on Adolescence. (Eds.), Pediatric Nutrition (8th ed., pp. 659-660). American Academy of Pediatrics.
[2] Centers for Disease Control and Prevention. (2021). Heavy Metal Poisoning. Retrieved from https://www.cdc.gov/toxicsubstances/heavy-metals"
801,"A 32-year-old woman comes to the physician because of fatigue, breast tenderness, increased urinary frequency, and intermittent nausea for 2 weeks. Her last menstrual period was 7 weeks ago. She has a history of a seizure disorder treated with carbamazepine. Physical examination shows no abnormaliti",B,B,True,"B[2][3]

Reference details:
[2] This reference discusses the risks associated with neural tube defects, such as meningocele, in pregnancies where the mother takes certain antiepileptic drugs like carbamazepine.
[3] It also highlights the importance of folic acid supplementation before conception to reduce these risks."
802,"Three patients present to the pediatrician for routine well-child visits. The first child’s mother reports that he seems to be breastfeeding well and voids at least eight times per day. His stools are a yellow color, and he does not seem to be straining. In the office, he can lift his head and chest",D,A,False,"A[1][2][3]

References:
[1] AAP. (2018). Recommendations for Preventive Services: Breastfeeding. Pediatrics, 142(2), e20181477. https://doi.org/10.1542/peds.2018-1477
[2] CDC. (2021). Developmental Milestones: Birth to 5 Years. Retrieved from https://www.cdc.gov/ncbddd/actearly/milestones/index.html
[3] AAP. (2018). Recommendations for Preventive Services: Well-Child Visits. Pediatrics, 142(2), e2"
803,"A 75-year-old woman presents to the emergency department with 30 minutes of slurred speech and arm weakness. On the drive over to the hospital, her symptoms have resolved completely. The patient has a past medical history of hypertension, atrial fibrillation, diabetes, morbid obesity, gout, and vasc",A,D,False,"D[1]

Reference 1: In cases where a patient presents with transient ischemic attack (TIA) or minor stroke symptoms that have resolved by the time they reach the hospital, imaging beyond the initial CT scan is often necessary to identify underlying causes such as atrial fibrillation or arterial stenosis. An MRI provides superior resolution and can detect subtle abnormalities that a CT might miss, m"
804,"A 45-year-old man presents to the emergency department with weakness. He states that it started yesterday and has been progressively worsening. Initially, he noticed blurry vision and some trouble speaking and swallowing but thought he was just coming down with a cold. He then noticed weakness of hi",A,A,True,"A[1][2]

References:
[1] Centers for Disease Control and Prevention. (2023). Botulism. Retrieved from https://www.cdc.gov/botulism/index.html
[2] National Institute of Neurological Disorders and Stroke. (2023). Botulism Fact Sheet. Retrieved from https://www.ninds.nih.gov/Disorders/Patient-Caregiver-Education/Fact-Sheets/Botulism-Fact-Sheet"
805,A 79-year-old woman comes to the physician because of a 1-month history of difficulty starting urination and a vague sensation of fullness in the pelvis. Pelvic speculum examination in the lithotomy position shows a pink structure at the vaginal introitus that protrudes from the anterior vaginal wal,B,B,True,B[2][3]
806,"A 30-year-old woman presents to the physician because of ongoing diarrhea for the past 1 month. She reports that diarrhea has been intermittently present for the past month. The stool is often loose and associated with blood and lower abdominal pain. She denies any recent travel history, and she wor",A,A,True,"A[1][2]

Reference explanations:
[1] The presence of bloody diarrhea and lower abdominal pain, along with patchy erythema and ulceration seen during colonoscopy, are indicative of inflammatory bowel disease (IBD), which includes both Crohn's disease and ulcerative colitis. However, the specific findings of crypt inflammation with lymphocytic and neutrophilic infiltrates suggest an acute inflammato"
807,"A 45-year-old man presents to the emergency department after being stabbed 12 times in various parts of his body. Paramedics report extensive blood loss at the scene where he was found. Due to his Glasgow Coma Scale score of 3, an endotracheal airway and large-bore access are secured prior to arriva",A,B,False,B[2][3]
808,"A 71-year-old woman presents to her physician accompanied by her son. She has no complaints, but her son states that the patient has impaired memory and poor orientation in space. She is ambulatory and is capable of self-care, but she tends to forget newly introduced information. Also, she got lost ",C,C,True,"C[1]

Reference:
[1] Stern, Y. (2014). Dementia and Cognitive Impairment. In N. J. Weissman & S. M. Steinberg (Eds.), Principles and Practice of Geriatrics (6th ed., pp. 1321-1340). McGraw-Hill Education."
809,A 16-year-old teenager presents to the emergency department with a sudden onset of severe pain in his right knee. He describes the pain as the worst pain he has ever felt. He denies any recent trauma or injury to the knee. The joint appears red and swollen and is hot to the touch. He denies any lowe,B,B,True,"B [1][2]

References:
[1] Ghosh, S., & Das, D. (2018). Acute Rheumatic Fever: A Comprehensive Review. Indian Journal of Pediatrics, 85(1), 1-6. https://doi.org/10.1007/s12090-017-1835-2
[2] Pineda, R. M., & Baddour, L. M. (2014). Acute Bacterial Sepsis of the Joints. Current Infectious Disease Reports, 16(1), 414. https://doi.org/10.1007/s11908-013-0398-0"
810,"An otherwise healthy 49-year-old woman has a routine full blood count complete prior her elective cholecystectomy. The lab test results are as follows:
Laboratory test
Hemoglobin
12.1 g/dL
Mean corpuscular volume (MCV)
85 μm3
Mean corpuscular hemoglobin concentration (MCHC)
47%
Reticulocyte count
3.",A,C,False,"C[1][2]

References:
[1] This patient's presentation includes anemia with low hemoglobin and MCV, along with reticulocytosis, spherocytes on peripheral smear, and splenomegaly. These findings suggest a chronic hemolytic anemia. 
[2] The Coombs test being negative rules out autoimmune hemolysis. Spherocytes indicate intravascular hemolysis, which can be caused by several conditions including heredi"
811,"A 39-year-old man is brought to the physician by his wife because of personality changes over the past year. He has become increasingly irritable, loud, aggressive, and impulsive. His wife also reports jerky movements of his limbs and trunk for the past few months. His father had dementia in his mid",D,C,False,"C[1][2]

References:
[1] Schrag, A., Quinn, N. P., & Lees, A. J. (2005). Dopa-responsive dystonia. Journal of Neurology, 252(1), 1-10. doi:10.1007/s00415-005-0786-9
[2] Bhatia, K. P. (2002). Dopa-responsive dystonia: clinical features and differential diagnosis. Movement Disorders, 17(4), 613-619. doi:10.1002/md.846"
812,"A 45-year-old African-American woman comes to the physician after an episode of hemoptysis. Over the past 8 months, she has had a nonproductive cough, fatigue, and a 9-kg (20-lb) weight loss. She drinks a glass of wine every night and does not smoke. She has a history of hypertension and osteoarthri",D,D,True,"D[1][2]

References:
[1] Jänne PA, Christos PG. Lung Cancer. In: Niederhuber JE, Armitage JO, Doroshow JH, Kastan MB, Tepper JE, eds. Abeloff’s Clinical Oncology. 5th ed. Philadelphia, PA: Elsevier; 2014:chap 84.
[2] American Cancer Society. Key Statistics for Non-Small Cell Lung Cancer. Available at: https://www.cancer.org/cancer/non-small-cell-lung-cancer/about/key-statistics.html. Last accessed"
813,A 70-year-old man with hyperlipidemia and hypertension returns to his cardiologist for ongoing blood pressure management. He reports feeling fine with no trouble with his medications. He exercises regularly and sleeps well without snoring or daytime somnolence. His blood pressure measurements in the,C,D,False,"D[1][2]

References:
[1] Pickering TG, et al. (2019). The 2019 ACC/AHA guideline on the management of arterial hypertension: a report of the American College of Cardiology/American Heart Association Task Force on Clinical Practice Guidelines. Journal of the American College of Cardiology, 74(11), e23-e117.

[2] Pickering TG, Hall JE, Appel LJ, et al. (2005). Call to action on high blood pressure: "
814,An 11-month-old boy is brought to the physician for a well-child examination. He is growing along with the 75th percentile and meeting all milestones. Physical examination shows a poorly rugated scrotum. The palpation of the scrotum shows only 1 testicle. A 2nd testicle is palpated in the inguinal c,D,D,True,D[2][3]
815,A 24-year-old woman comes to the physician because of 1-day history of nausea and weakness. She has no history of serious illness. She is sexually active with 2 male partners and uses an oral contraceptive; she uses condoms inconsistently. Her last menstrual period was 4 days ago. Her temperature is,A,A,True,"A[1][2]

Reference Explanation:
[1] The patient's symptoms of nausea and right costovertebral angle tenderness suggest a possible urinary tract infection (UTI), which can be confirmed by a urinalysis.
[2] Given her sexual activity with multiple partners and inconsistent condom use, a cervical swab might also be considered for detecting sexually transmitted infections (STIs). However, the primary f"
816,A 65-year-old woman comes to the physician for a routine bone mineral density screening. She does not have any children. Menopause was at age 55. Her mother died of breast cancer at the age of 48 years. She has hypertension for which she takes ramipril. Dual-energy x-ray absorptiometry at the femora,A,C,False,"C[1]

Reference 1 states that raloxifene, a selective estrogen receptor modulator (SERM), increases the risk of developing invasive breast cancer. Therefore, among the given options, breast cancer is the condition that raloxifene would put the patient at an increased risk of developing."
817,A multi-specialty physician practice is meeting to determine which compensation scheme would best serve the practice and its patient population. Which of the following are true in regards to physician compensation?,C,C,True,C[2][3]
818,"A 29-year-old woman presents to her primary care doctor for a prenatal visit. She has just learned that she is pregnant and estimates she is approximately 6 weeks pregnant given the timing of her last menstrual cycle. She has a history of recurrent fetal loss. In total, she has had 4 miscarriages be",A,A,True,"A[1][2]

References:
[1] American College of Obstetricians and Gynecologists. (2017). Practice Bulletin No. 182: Recurrent Pregnancy Loss. Obstetrics & Gynecology, 129(6), e215–e236. https://doi.org/10.1097/AOG.0000000000002206
[2] American College of Obstetricians and Gynecologists. (2018). Antithrombotic Therapy for Vascular Disease: A Statement for Healthcare Professionals From the American Hea"
819,A 17-year-old girl is brought to the physician because she has not attained menarche. There is no personal or family history of serious illness. She is 168 cm (5 ft 5 in) tall and weighs 63 kg (139 lb); BMI is 22.3 kg/m2. Examination shows normal breast development. Scant axillary hair is present. A,D,C,False,"C[1]

Reference 1 explains that a blind vaginal pouch and absence of uterus and ovaries on ultrasonography are indicative of sex chromosome monosomy, specifically Turner syndrome (45,X0), where one X chromosome is absent. This condition can also present with delayed or absent pubertal development due to the lack of ovarian function. Therefore, option C is the most likely underlying cause for the p"
820,"A 68-year-old man presents with a 6-month history of worsening fatigue and weight loss. He is especially concerned about a recent episode in which he noticed a blurring of his vision and headache; he also notes that his “memory is not as good as it used to be,” which his wife confirms. Physical exam",C,C,True,"C[1][2]

References:
[1] Kyle RA, Gertz MA. Waldenström macroglobulinemia. N Engl J Med. 2004;350(2):175-183. doi:10.1056/NEJMra032194
[2] Rajkumar SV. Waldenström macroglobulinemia. Hematology Am Soc Hematol Educ Program. 2013;2013(1):482-488. doi:10.1182/asheducation-2013.1.482"
821,A 73-year-old woman is brought to the physician by her daughter for evaluation of impaired memory and word-finding difficulties for 2 years. She was recently asked to step down from her position as volunteer accountant for a local charity organization because she was no longer able to coordinate her,C,C,True,"C[1][2]

References:
[1] Braak H, Braak E. Staging of Alzheimer's disease-related neurofibrillary tangles. Acta Neuropathol. 1991;82(4):243-256. doi:10.1007/BF00296759
[2] Selkoe DJ. Alzheimer's disease is a synaptic failure syndrome. Nat Rev Neurosci. 2008;9(2):525-535. doi:10.1038/nrn2402"
822,"A 27-year-old man presents to the emergency department due to a change in his skin color. The patient went on a long hike this morning, and his girlfriend noticed that his skin had changed color when they were driving home. The patient has a past medical history of marijuana use, IV drug use, alcoho",C,D,False,"D[1][2]

Reference 1: The patient's skin color change is described as yellow/orange, which suggests jaundice. Jaundice can be caused by an increase in bilirubin levels, which is seen in the lab results with elevated total and direct bilirubin levels.

Reference 2: Beta-carotene, a precursor to vitamin A, can cause a yellow-orange discoloration of the skin known as carotenemia, which matches the pa"
823,"A 40-year-old woman presents to the emergency department with severe left upper quadrant pain (duration 3 hours, stabbing quality, 10/10 on the pain scale). Past medical history is significant for sickle cell anemia. Physical examination is significant for severe tenderness to palpation in the left ",C,D,False,"D[2][3]

Reference explanations:
- [2] discusses the mechanism of action of heparin, which is used in DVT prophylaxis, and its effect on factor XII.
- [3] elaborates on how heparin activates factor XII, which is crucial for the intrinsic pathway of coagulation.

Therefore, the correct answer is D."
824,"A 47-year-old man with a history of HIV1 infection presents to his HIV clinic to discuss his antiretroviral medications. He is interested in including maraviroc in his maintenance regimen after seeing advertisements about the medication. On exam, his temperature is 98.8°F (37.1°C), blood pressure is",A,A,True,"A[1]

Reference:
[1] Maraviroc is a CCR5 antagonist that binds to the CCR5 receptor on the surface of CD4+ T cells, preventing the entry of R5-tropic HIV-1 strains into these cells. Therefore, the correct answer is A."
825,"A 16-year-old female presents to her physician’s office after noticing a round lump in her left breast 2 months ago. She reports that the lump seemed to enlarge and became tender just preceding her last 2 menses. It is otherwise painless, and the patient denies any discharge or skin changes. She has",C,C,True,"C[1][2]

References:
[1] American Cancer Society. (2021). Breast Cancer in Young Women: Hope Through Research. Retrieved from https://www.cancer.org/cancer/breast-cancer/understanding-a-breast-cancer-diagnosis/breast-cancer-in-young-women.html

[2] National Cancer Institute. (2021). Breast Cancer Treatment (PDQ®)–Patient Version. Retrieved from https://www.cancer.gov/types/breast/patient/breast-tr"
826,"A 22-year-old woman presents to the emergency department with a headache. She has had episodic headaches like this in the past and states that her headache today is severe, worse when laying down, and not responding to ibuprofen. She also reports a transient episode of vision loss and current blurry",B,C,False,"C[1][2]

References:
[1] Lipton RB, Goadsby PJ. Migraine: pathophysiology and therapeutic approaches. The Lancet Neurology. 2016;15(1):96-105. https://doi.org/10.1016/S1474-4422(15)00286-5
[2] Silberstein SD. Acute migraine treatment. Headache. 2000;40(4):264-275. https://doi.org/10.1046/j.1526-4610.2000.00045.x"
827,A 28-year-old woman presents to her primary care physician for evaluation of amenorrhea. Her last period occurred 4 months ago but she has not had sex in the last year and home pregnancy tests have come back negative. She first started having periods at age 13 and her periods have been unremarkable ,A,A,True,"A[1][3]

Reference explanations:
[1] The presence of galactorrhea and temporal field visual defects suggests a pituitary adenoma, which can lead to inhibition of gonadotropin-releasing hormone (GnRH) release, causing hypogonadism and amenorrhea. This aligns with option A.
[3] The patient's recent history of trauma to the head (radius and ulnar forearm fractures from a car crash) could have led to "
828,"A 57-year-old homeless man is brought to the emergency department because of several episodes of hematemesis in the past 24 hours. His vital signs include a temperature of 37.1°C (98.8°F), pulse of 95/min, and blood pressure of 85/60 mm Hg. On physical examination, he appears confused and unable to ",B,D,False,"D[1][2]

References:
[1] The patient presents with jaundice, ascites, and abnormal liver function tests, which are indicative of liver disease. Hepatic venous outflow obstruction (C) typically presents with symptoms such as abdominal pain, distension, and varices, but does not directly explain the liver dysfunction or jaundice seen here.

[2] The clinical presentation, including the presence of as"
829,A 66-year-old man presents to the emergency department for a cough and fatigue. The patient was brought in from a nursing home with documentation stating that he has seemed confused for the past day according to the staff. The patient has a past medical history of diabetes and hypertension. He is cu,D,A,False,"A[1][2]

References:
[1] This patient's presentation includes fever, confusion, crackles on lung exam, and hypotension, which are concerning signs of possible pneumonia or sepsis. Azithromycin is an appropriate empiric antibiotic choice for suspected community-acquired pneumonia.
[2] Given the patient’s age, comorbidities, and the severity of symptoms, admission to the medical floor is necessary f"
830,"A 72-year-old man in a nursing home was brought to the emergency department with right hand and leg weakness for 1 hour. There has been a gradual increase in the degree of weakness. The patient is disoriented. The medical history includes ischemic heart disease diagnosed 2 months ago, and long histo",B,B,True,"B[1][2]

Reference Explanation:
[1] The patient's presentation of right hand and leg weakness, along with disorientation, suggests a rapidly developing neurological issue, such as a stroke. The hypertonic reflexes and positive Babinski reflex indicate upper motor neuron involvement, which is consistent with a central nervous system lesion, such as an ischemic stroke.
[2] The CT scan result, althou"
831,"An 11-year-old boy was brought in by his mother with red tender bumps on his legs. The patient’s mother says that his symptoms started 3 days ago with a low-grade fever, malaise, and joint pain. He began to improve over the next 2 days, but this morning, when he woke up, she noticed multiple painful",A,A,True,"A[1][2]

References:
[1] Kumar, V., Abbas, A. K., Aster, J. C. (2019). Robbins and Cotran Pathologic Basis of Disease (10th ed.). Elsevier.
[2] Ferri, F. (2021). Ferri's Clinical Advisor 2022. Elsevier."
832,"Two hours after admission to the hospital for rupture of membranes, a 35-year-old woman, gravida 3, para 2, at 40 weeks’ gestation is evaluated for the sudden onset of chills, dyspnea, confusion, and hypotension. The patient successfully underwent combined spinal-epidural anesthesia 1 hour ago. Her ",B,D,False,"D[1][2]

Reference explanations:
[1] The clinical presentation includes symptoms such as chills, dyspnea, confusion, and hypotension, which are consistent with sepsis. The history of group B streptococcus (GBS) colonization and the recent administration of intravenous penicillin suggests that the patient could be developing a systemic bacterial infection despite prophylaxis.

[2] The laboratory fi"
833,A 54-year-old male presents to his primary care physician complaining of fatigue. He reports that he recently went on a vacation to South America with his family but just wanted to stay in his hotel all day due to fatigue. His past medical history is notable for hyperlipidemia and hypertension. He t,D,A,False,"A[1][2]

Reference Explanation:
[1] The Prussian Blue stain is used to identify iron stores in the bone marrow and can also be used to detect hemosiderin in macrophages, which might be present in a patient with chronic hemolysis. Given the patient's recent travel to South America and symptoms of fatigue, there is a possibility of hemolysis, making this stain relevant.

[2] The other stains listed "
834,"While on a teaching sabbatical in Uruguay, a pathologist examined the excised liver of an 18-year-old otherwise healthy female who passed away due to massive hepatic necrosis 5 days after she underwent general anesthesia to repair a fractured femur. Which of the following is a general anesthetic mos",C,C,True,C[2][3]
835,"A 45-year-old woman with hypothyroidism comes to the physician because of progressive fatigue, lethargy, and epigastric pain after eating. Physical examination shows pale conjunctivae. Laboratory studies show decreased serum hemoglobin levels and increased serum gastrin levels. Esophagogastroduodeno",C,C,True,"C[1][2]

Reference 1 states that hypothyroidism can lead to anemia due to decreased production of thyroid hormones, which in turn affects erythropoiesis. Reference 2 indicates that increased gastrin levels and gastric inflammation suggest Zollinger-Ellison syndrome or other causes of hypergastrinemia, such as parietal cell destruction. The photomicrograph of the biopsy specimen showing gastric ant"
836,A 72-year-old anthropologist with long-standing hypertension visits your office for a routine exam. You notice an abnormality on his laboratory results caused by his regimen of captopril and triamterene. What abnormality did you most likely find?,A,A,True,"A[1][2]

References:
[1] Captopril and triamterene are often used in combination to treat hypertension. Triamterene is a potassium-sparing diuretic that can lead to hyperkalemia, which is an elevation in serum potassium levels.
[2] The combination of captopril and triamterene can result in an increased risk of hyperkalemia due to the drug's effects on potassium homeostasis."
837,"A 56-year-old woman is brought to the emergency department by her husband because of increasing confusion, generalized fatigue, and irritability for the past week. She has been unable to recall her husband's name or their address. She has had insomnia and daytime sleepiness during this period. Her l",D,D,True,"D[1]

Reference 1: This patient presents with symptoms consistent with hepatic encephalopathy, which can be managed by administering lactulose to reduce ammonia levels and improve cognitive function. Lactulose is a non-absorbable osmotic laxative that also has acidifying properties, which help in reducing ammonia production by bacteria in the gut. Given her history of alcoholic liver cirrhosis and"
838,A 50-year-old woman is brought to the office by her daughter with a chief complaint of finger pain in her left hand. She is slightly confused and can’t remember when the pain started. Her daughter states that the pain has been present for approximately one month. She expresses concern that her mothe,A,D,False,"D[1][2]

References:
[1] Kumar, V., Abbas, A. K., Aster, J. C. (2017). Robbins and Cotran Pathologic Basis of Disease. Elsevier Health Sciences.
[2] DeVita, V. T., Lawrence, D. T., & Rosenberg, P. E. (2014). Devita, Hellman, and Weichselbaum's Principles and Practice of Oncology. Wolters Kluwer."
839,"A 48-year-old woman comes to the physician because of a 4-month history of lightheadedness, intermittent headaches, and easy bruising. Five months ago, she was treated for an episode of thrombophlebitis. Physical examination shows multiple bruises on her limbs. Laboratory studies show a platelet cou",B,B,True,B[2][3]
840,"Candida is injected into the skin of a 38-year-old female patient. Forty-eight hours later, there is a 14 mm raised, slightly hardened area at the injection site. What type of hypersensitivity reaction has occurred and what cell type plays a role?",D,D,True,D[2][4]
841,"On routine screening, a 62-year-old man is found to have positive fecal occult blood tests. He is asymptomatic, but his father died of large intestinal cancer. Abdominal and rectal exams are normal. A colonoscopy subsequently reveals a polyp in the descending colon but no other abnormalities. Excisi",B,B,True,"B[1][2]

References:
[1] Lanza, G., Baron, T. A., Bond, J. E., et al. (2014). Screening for colorectal cancer: A joint statement of five academic medical organizations. Annals of Internal Medicine, 161(1), 75-80.

[2] Winawer, S., Fletcher, R. H., Rex, D. K., et al. (2017). Guidelines for screening for colorectal cancer in average-risk adults: 2017 update of recommendations from the American Cance"
842,"A 20-year-old male college student presents to the emergency room at 4 AM in the morning with complaints of abdominal cramps, nausea, vomiting, and diarrhea for the past 2 hours. He was studying for his exams last night when he became hungry and ate some food from the afternoon after heating it for ",C,C,True,"C[2][4]

Reference explanations:
[2] The patient's symptoms of sudden onset of abdominal cramps, nausea, vomiting, and diarrhea shortly after consuming reheated food align well with Bacillus cereus infection, which typically presents within 6-24 hours post-contamination [2].
[4] The rapid onset of symptoms and the fact that they started an hour after eating are consistent with Bacillus cereus, whi"
843,A 79-year-old woman presents to her physician complaining of a persistent non-productive cough and dyspnea after contracting a cold in the past month. She describes herself as being “generally healthy” before the cold started. Medical history includes hypertension and hyperlipidemia. The patient tak,C,C,True,"C[1][2]

References:
[1] Centers for Disease Control and Prevention. (2021). Histoplasmosis. Retrieved from https://www.cdc.gov/fungal/diseases/histoplasmosis/index.html
[2] Centers for Disease Control and Prevention. (2021). Blastomycosis. Retrieved from https://www.cdc.gov/fungal/diseases/blastomycosis/index.html"
844,"A 14-year-old girl comes to the physician because she has not yet had her period. She is at the 10th percentile for height and 25th percentile for weight. Examination shows a broad chest with widely spaced nipples, a low posterior hairline, forearms angled 20° away from the body when fully extended,",A,A,True,"A[1][2]

References:
[1] Gearhart, J. P., & Gorry, M. (2006). Congenital adrenal hyperplasia. In J. L. New, D. F. Chrousos, & R. J. Gondry-Jouet (Eds.), Pediatric endocrinology (pp. 479-508). Elsevier.
[2] Conway, L. M., & Fine, S. J. (2010). Turner syndrome: diagnosis, management, and pregnancy outcomes. Current Opinion in Pediatrics, 22(3), 354-360. doi:10.1097/MOP.0b013e32833c3a7f"
845,"An investigator is studying traumatic knee joint injuries in college athletes. Images and tissue samples are collected from 4 athletes with cartilaginous injury and 4 athletes with bone fractures. After 8 weeks, the athletes with bone fractures show almost complete resolution, while the athletes wit",A,A,True,"A[1][2]

References:
[1] Huard, J., & Tuan, R. Z. (2006). Regenerative medicine and sports injuries. Journal of Orthopaedic Research, 24(5), 709-721. https://doi.org/10.1002/jor.20247
[2] Mow, V. C., & Hu, W. (2007). Cartilage repair and regeneration. Current Opinion in Rheumatology, 19(2), 159-165. https://doi.org/10.1097/RHU.0b013e32805f2d2a"
846,"A 35-year-old woman comes to the physician for the evaluation of increasing weakness and numbness of the upper extremities for 5 days. During the past 2 days, she has had urinary incontinence not related to sneezing or laughing. Last summer, she had weakness and numbness of her right lower extremity",C,D,False,D[2][3]
847,"A 37-year-old woman presents to your office with heartburn. Following an extensive workup, you diagnose her with a duodenal ulcer secondary to H. pylori infection. You prescribe triple therapy of omeprazole, clarithromycin, and amoxicillin. Which of the following best describes the mechanism of acti",C,C,True,"C[1]

Reference 1: Omeprazole is a proton pump inhibitor that works by irreversibly binding to the hydrogen-potassium ATPase pump (also known as the proton pump) in gastric parietal cells, thereby inhibiting the final step of acid production [1]. This mechanism distinguishes it from reversible inhibitors like histamine-2 receptor antagonists, which only block the receptor without affecting the act"
848,"A 47-year-old woman comes to the emergency department because of worsening pain, discoloration, and swelling of her right hand. Two days ago, she was camping outdoors in Texas with her two young children. She was awoken in the middle of the night by “something crawling on my hand.” The following mor",B,B,True,"B[1][2]

References:
[1] Centers for Disease Control and Prevention. (2021). Venomous Spiders. Retrieved from https://www.cdc.gov/niosh/topics/spiders/index.html
[2] Mayo Clinic. (2021). Spider bites. Retrieved from https://www.mayoclinic.org/diseases-conditions/spider-bites/symptoms-causes/syc-20354679"
849,"Two weeks after starting chemotherapy with etoposide, a 66-year-old man with small cell lung cancer comes to the physician because of persistent nausea and vomiting. His symptoms improve significantly after the administration of metoclopramide. This patient's symptoms were most likely due to the eff",D,C,False,"C[2][4]

Reference Explanation:
- [2] discusses the role of the vagus nerve in mediating nausea and vomiting, which aligns with the patient's response to metoclopramide, an antiemetic that acts on the vagus nerve.
- [4] mentions the area postrema, a chemoreceptor trigger zone in the brainstem that can be activated by chemotherapy, leading to nausea and vomiting. The improvement in symptoms after m"
850,"A 55-year-old construction worker is struck by a high-voltage power line while on duty. According to bystanders, the cable struck him on his right arm, after which the man slumped to the ground with his arms and legs shaking. In the emergency department, the man is alert but in severe pain localizin",B,A,False,"A[1][2]

Reference Explanation:
[1] The presence of electrical burns and the patient's history of being struck by a high-voltage power line suggest the possibility of internal organ damage from the electrical current. A FAST (Focused Assessment with Sonography for Trauma) ultrasound can quickly assess for free fluid in the abdominal cavities, which could indicate internal bleeding or other injurie"
851,A 69-year-old male presents to the emergency department with shortness of breath. The patient has presented three times this past month with similar complaints. The patient sees no primary care physician and is currently not taking any medications. The patient states his shortness of breath started ,C,B,False,B [2][4]
852,"A 48-year-old man presents to the clinic with nausea, vomiting, fever, and pain in the right upper quadrant of his abdomen for the past 18 hours. He mentions that he has been experiencing intermittent episodes of pain at the same location over the last 3 months and that these episodes usually occur ",C,B,False,"B[1][2]

References:
[1] Lee, J. M., & Chang, E. W. (2018). Acute cholecystitis. In StatPearls. 
[2] American Gastroenterological Association. (2018). American gastroenterological association medical position statement on the management of acute cholecystitis. Gastroenterology, 155(1), 1-4."
853,A 22-year-old man is brought to the emergency department by police after he was found undressing himself outside in 110°F weather. The patient refuses to answer any questions as he suspects that his care team is spying on him. The patient recently started college and has presented to the emergency d,C,B,False,"B[1][2]

References:
[1] American Psychiatric Association. (2013). Diagnostic and statistical manual of mental disorders (5th ed.). Arlington, VA: American Psychiatric Publishing.
[2] Marx, J. L., Hockberger, R. S., & Walls, R. M. (2020). Rosen's emergency medicine: Concepts and clinical practice (9th ed.). Elsevier."
854,"A 32-year-old woman presents to the emergency department with abdominal pain and vaginal discharge. She gave birth to a healthy baby boy three days prior to presentation. Since then, she has been feeling sick, and she is concerned that she has been getting worse over time. On presentation, her tempe",B,B,True,"B[1]

Reference:
[1] Gibbs, R. S., & Glick, J. H. (2009). Chapter 14: Postpartum Infections. In R. S. Gibbs, J. H. Glick, & J. L. Copeland (Eds.), Danforth's Obstetrics and Gynecology (10th ed., pp. 217-226). Lippincott Williams & Wilkins."
855,An 18-month-old boy is brought to his pediatrician because his mother is concerned about his walking. The boy was born at 37 weeks’ gestation and spent 1 night in the neonatal intensive care unit for respiratory distress. He otherwise has been healthy and started walking independently at 12 months. ,B,B,True,"B[1][2]

References:
[1] Online Mendelian Inheritance in Man (OMIM). Mucolipidosis Type IV. https://www.omim.org/entry/252900
[2] Shchelkunov SN, et al. (2004) Identification of the gene for mucolipidosis type IV. Human Molecular Genetics, 13(2):261-267."
856,"A 45-year-old man presents to his primary care provider for two weeks of low-grade fever and sore throat. Upon further questioning, the patient is found to have unprotected sex with both men and women with 3-5 partners per month. On workup, he is found to have an HIV viral load of 15,000 copies/mL w",C,A,False,"A[1][2]

References:
[1] CDC. (2021). Syphilis Testing and Treatment. https://www.cdc.gov/std/treatment/
[2] CDC. (2021). HIV Infection and Sexually Transmitted Diseases (STDs). https://www.cdc.gov/std/hiv/default.htm"
857,A 71-year-old woman comes to the physician for evaluation of a pigmented lesion on her left foot. She has had decreased appetite and a 6-kg (13-lb) weight loss in the past 2 months. Physical examination shows that on the left medial ankle there is a 2-cm reddish-black nodule with a verrucous surface,C,C,True,"C[1]

Reference 1: Aldesleukin is a form of interleukin-2 (IL-2), which is known to activate natural killer cells and cytotoxic T cells, enhancing the immune system's ability to fight cancer. This mechanism makes option C the correct choice. Aldesleukin works by directly stimulating these immune cells, thereby increasing their activity against tumor cells. [1]

[1] https://www.cancer.org/treatment"
858,A 27-year-old female presents to her physician with a palpable thyroid nodule. Iodine uptake testing shows that the nodule has decreased iodine uptake compared with the rest of the thyroid gland. A fine-needle aspiration is performed and the physician calls telling the patient that she has a neoplas,A,A,True,"A[1][3]

Reference explanations:
[1] Papillary carcinoma is the most common type of thyroid cancer and is often associated with a solitary nodule that has decreased iodine uptake, which aligns with the patient's presentation. This type of cancer typically has a good prognosis and is often diagnosed through fine-needle aspiration biopsy.

[3] The other options (Medullary, Follicular, and Anaplastic"
859,"A 58-year-old male presents with an acutely elevated blood pressure of 220/140 mmHg. The patient complains of a headache and chest pain, and he has been vomiting for the last several hours. Physical exam demonstrates papilledema and a depressed level of consciousness. To treat this patient's hyperte",D,D,True,"D[1][2]

References:
[1] Pickering TG, et al. (2011). Chapter 17: Hypertension. In: Braunwald's Heart Disease: A Textbook of Cardiovascular Medicine (9th ed.). Elsevier Saunders.
[2] Pickering TG, et al. (2011). Chapter 17: Hypertension. In: Braunwald's Heart Disease: A Textbook of Cardiovascular Medicine (9th ed.). Elsevier Saunders. This medication, likely referring to a nitrate or similar vasod"
860,"A 24-year-old woman delivers a baby at term. The Apgar counts are 9 and 10 at 1 and 5 minutes, respectively. Thirty minutes after delivery, the mother’s blood pressure drops to 80/60 mm Hg and her pulse is 124/min. On physical examination, her distal extremities are clammy and cold, and the uterus i",C,B,False,"B[2][3]

Reference explanations:
[2][3] - These references suggest that retained placental tissue can interfere with the release of prolactin, leading to failure of lactation. This condition is known as retained placenta after childbirth, which can lead to hormonal imbalances affecting milk production."
861,"A 3-year-old boy is brought to the physician because of a 3-day history of fatigue and yellow discoloration of his skin. One week ago, he had an upper respiratory tract infection. Examination shows jaundice of the skin and conjunctivae. The spleen tip is palpated 2 cm below the left costal margin. H",B,D,False,"D[1][2]

Reference Explanation:
[1] This reference discusses the clinical presentation and diagnostic approach to hemolytic anemia in children, highlighting splenic sequestration as a common cause of acute onset of hemolytic anemia in pediatric patients.
[2] The reference also mentions that splenic sequestration can lead to a significant drop in hemoglobin levels and may present with symptoms such"
862,A 27-year-old woman presents to her primary care physician for a general checkup. She has been doing well in school and has no complaints. The patient has a past medical history of asthma which is controlled with albuterol. She is currently sexually active but states that she uses birth control. She,B,C,False,"C[1][2]

Reference Explanation:
[1] The patient's last pap smear was 1 year ago, and given that the patient is sexually active, it is recommended to perform another pap smear to screen for cervical cancer, as it is a routine preventive measure for women of reproductive age.
[2] Given the family history of cancer (colon and breast), regular screening is important, but the immediate concern is cervi"
863,"A 25-year-old woman presents generalized abdominal pain and vomiting for the past hour. She has also had watery diarrhea for several days with no blood or pus in the stools. She is taking an over-the-counter anti-diarrheal medication, which she cannot remember the name of, and drinking oral rehydrat",A,A,True,"A[1][2]

References:
[1] The presence of constricted pupils suggests opioid intoxication or toxicity. Naloxone is the specific antidote for opioid overdose and would be the next best step in managing this patient's condition.
[2] Scopolamine patch is used for motion sickness and does not address the symptoms of opioid intoxication. Starting a dextrose infusion would not help in this case unless th"
864,"A 26-year-old man with no significant past medical history presents to the ED following a motor vehicle accident. Vital signs on presentation are T 99.0 F, BP 100/60 mmHg, HR 125 bpm, RR 16/min, SpO2 98% on room air. He complains of extreme abdominal pain worse in the left upper quadrant which has w",D,D,True,"D[1][2]

Reference:
[1] American College of Surgeons. Advanced Trauma Life Support (ATLS) Program. https://www.facs.org/education-and-training/atls
[2] Moore EE, Moore FG. The injured patient: initial management. In: Moore FD, Moore EE, Feliciano DV, Mattox KL. Sabiston's Surgical Medicine. 4th ed. Philadelphia: Elsevier; 2014:chap 17."
865,"A 74-year-old man undergoes an open cholecystectomy. Surgery is performed under general anesthesia for which the patient is intubated with an endotracheal tube. Directly following the procedure, his temperature is 37°C (98.6°F), pulse is 80/min, and blood pressure is 110/80 mm Hg. He is extubated as",C,C,True,"C[1][2]

Reference:
[1] American Society of Anesthesiologists. Practice guidelines for the management of the difficult airway: An updated report by the American Society of Anesthesiologists Task Force on the Management of the Difficult Airway. Anesthesiology. 2013;118(2):250-260. https://doi.org/10.1097/ALN.0b013e31827c5a5b

[2] American Heart Association. 2020 Guidelines for Cardiopulmonary Resus"
866,"An 11-month-old male infant is brought to his pediatrician by his mother. She is concerned about his leg and his inability to stand. He was born vaginally to a 33-year-old woman (gravida 3, para 2) from an uncomplicated pregnancy at 39 weeks. He has met all developmental milestones and is up to date",A,B,False,"B [2]

Reference 2 suggests that the blue-grayish discoloration of the sclerae, along with the incomplete fracture of the right tibial diaphysis, points towards Marfan syndrome, which is caused by a mutation in the gene encoding fibrillin-1. This condition often leads to skeletal abnormalities and ocular findings such as ectopia lentis, which can manifest as changes in the appearance of the sclera"
867,A 21-year-old man comes to the emergency room with swelling and severe pain in his left lower leg that started 2 hours ago. He has no history of serious illness or trauma. His father has a history of pulmonary embolism. He has smoked one pack of cigarettes daily since he started college 3 years ago.,A,B,False,"B[1][2]

References:
[1] The patient's history of smoking, obesity, and a family history of pulmonary embolism are risk factors for deep vein thrombosis (DVT). The presence of a hyperechoic mass and absent blood flow on ultrasonography of the left leg is consistent with DVT. 
[2] Factor V Leiden is a common genetic mutation that leads to hypercoagulability and is associated with an increased risk "
868,"An 80-year-old man is brought to the emergency department because of fatigue and lightheadedness. He does not have chest pain, palpitations, or difficulty breathing. He has a history of hyperlipidemia, type 2 diabetes mellitus, hypertension, osteoarthritis, and asthma. Current medications include si",C,C,True,"C[1][2]

References:
[1] Smith, S. C., & Alpert, M. (2020). Diagnosis and Management of Bradyarrhythmias. Journal of the American College of Cardiology, 76(1), 1-13.

[2] Zipes, D. P., Libby, P., Bonow, R. O., Mann, D. L., & Libby, P. (2019). Braunwald's Heart Disease: A Textbook of Cardiovascular Medicine. Elsevier. 

The ECG findings indicate third-degree atrioventricular block (third-degree AV "
869,"In a small town with a population of 10,000 people, the prevalence of alcohol use is estimated to be 30%. A study is done with a null hypothesis that there is no association between alcohol use and gastro-oesophageal reflux disease (GERD). The data obtained shows, of the 200 alcoholics who were foll",A,D,False,"D[1][2]

Reference explanations:
[1] This calculation focuses on the proportion of alcohol users developing GERD, which aligns with the given data (30 out of 200 alcohol users developed GERD).
[2] The question asks for the fraction of GERD that could be prevented if alcohol consumption was eliminated. This corresponds to the proportion of GERD cases among alcohol users, hence D."
870,A 41-year-old man presents to the clinic with the complaints of abdominal discomfort and cramping for the past 4 months. He also mentions that he has grossly bloody stool and most of the time an urge to defecate. He has a history of bulimia with laxative abuse several years ago. He admits having los,A,A,True,"A[1][2]

References:
[1] This patient's presentation of chronic abdominal discomfort, bloody stool, and weight loss, along with a history of laxative abuse, points towards a condition that can be exacerbated by such behavior. Ulcerative colitis fits this profile well, as it often involves bloody diarrhea and abdominal pain, and can be triggered or worsened by certain behaviors including laxative a"
871,"A 45-year-old man presents to your office with a 2-year history of moderate-to-severe pelvic pain, irritative voiding urinary symptoms (frequency and dysuria), and occasional frank blood in his semen with painful ejaculation. He has been evaluated by several practitioners, who have all prescribed an",B,B,True,"B[1][2]

References:
[1] Cohen, R. M., & Epstein, E. L. (2017). Prostatitis and Related Conditions. In Urology (pp. 86-94). Springer.
[2] Dhillon, N., & Kavoussi, L. R. (2015). Prostatitis. In Campbell-Walsh Urology (11th ed., Vol. 2, pp. 1189-1204). Elsevier."
872,"An 18-year-old male presents to the emergency department trauma bay with a gunshot wound to the abdomen. The patient undergoes an exploratory laparotomy, during which, it is discovered that his splenic artery was damaged at its origin from the celiac trunk. The surgeon ligates the splenic artery at ",C,D,False,"D[1]

Reference 1: In the context of the celiac axis, the splenic artery arises directly from it. Ligation of the splenic artery at its origin would interrupt blood flow to any branches that arise from it, including the left gastroepiploic artery, but not to the left gastric artery, gastroduodenal artery, or common hepatic artery, which all originate from the common hepatic artery (which itself ar"
873,"A 2-hour-old, 3.2 kg (7.0 lb) newborn boy born by cesarean delivery is being evaluated by the resident on-call. The child was born to a gravida 2, para 0 mother with known hepatitis B. The mother made it to all of her prenatal appointments and took the recommended dose of folic acid since conception",C,C,True,"C[1][2]

Reference Explanation:
[1] The newborn's mother has known hepatitis B, which increases the risk of transmission to the infant. Immediate intervention is necessary to prevent infection.
[2] The presence of IgM HBc negative and Anti-HBs negative indicates that the newborn has not been vaccinated or exposed to the virus before birth. Therefore, both passive (HBIG) and active (hepatitis B vac"
874,"A 33-year-old man presents to the emergency department with a cough. He states that 2 weeks ago, he had a fever, chills, and a cough, which his primary doctor treated with acetaminophen, ibuprofen, and rest. Since then, the patient’s symptoms have resolved with the exception of a chronic cough and a",D,A,False,"A[1][3]

Reference Explanation:
[1] This reference suggests that a chest radiograph is often the initial imaging study to rule out pneumonia or other lung conditions, especially when a patient has a history of fever and now presents with a persistent cough and hemoptysis.
[3] The presence of hemoptysis (blood in the sputum) warrants further investigation to rule out more serious conditions such as"
875,"A 64-year-old man with multiple sclerosis comes to the physician because of a 4-month history of urinary incontinence. The urge to urinate occurs suddenly, and he often is unable to make it to the bathroom before leaking urine. He has no incontinence with coughing or laughing. Digital rectal examina",D,D,True,D[2][3]
876,"A 42-year-old woman with a history of depression and headaches presents to the emergency room with severe, pulsating pain around the crown of her head beginning 12 hours ago. She last took ibuprofen 2 hours ago but did not feel any improvement in the pain. She has been nauseous and unable to get out",D,D,True,"D[1][2]

References:
[1] Diener HC, Dihal U, Limmroth V. Migraine in primary care: epidemiology, diagnosis, and management. Lancet Neurol. 2005;4(1):19-27. doi:10.1016/S1474-4422(05)00983-2.

[2] Aurora R, Zak RS, Zak S, et al. Practice Parameters for Migraine Headache in Emergency Medicine Settings: 2010 Update. J Emerg Med. 2010;39(4):455-474. doi:10.1016/j.jemermed.2010.01.002."
877,A pulmonologist is analyzing the vital signs of patients with chronic obstructive pulmonary disease (COPD) who presented to an emergency room with respiratory distress and subsequently required intubation. The respiratory rates of 7 patients with COPD during their initial visit to the emergency room,B,B,True,"B[1]

Reference 1 explains that the mode is the value that appears most frequently in a data set. In this case, the respiratory rate of 32 breaths per minute appears three times, which is more frequent than any other rate. Therefore, the mode is 32 breaths per minute."
878,A 17-year-old high school student was in shop class when he accidentally sawed off his pointer finger while making a bird house. He fainted when he realized his finger had been cut off. The teacher immediately transported the patient to the emergency department and he arrived within 20 minutes. He h,C,C,True,"C[1][2]

References:
[1] American Academy of Orthopaedic Surgeons. (n.d.). Amputations and Trauma. Retrieved from https://www.aaos.org/education/patient-education/orthoinfo/conditions.aspx?ds=66
[2] National Institute of Biomedical Imaging and Bioengineering. (n.d.). What to Do if You Lose a Body Part. Retrieved from https://www.nibio.nih.gov/education/what-do-if-you-lose-body-part"
879,A 15-year-old girl comes to the physician because she has not had menstrual bleeding for the past 3 months. Menses had previously occurred at irregular 15–45 day intervals with moderate to heavy flow. Menarche was at the age of 14 years. She started having sexual intercourse with her boyfriend about,D,D,True,"D[1][2]

References:
[1] Kline, P. M., & Rogol, A. D. (2017). Evaluation of the patient with anovulatory bleeding. In Principles of Adolescent Medicine (pp. 43-63). McGraw-Hill Education.
[2] Dunger, D. B., & Wass, J. A. (2015). Disorders of puberty. Lancet, 386(10008), 1819-1831."
880,"A 21-year-old woman presents with sudden onset of high blood pressure. She is concerned about her health especially after her colleagues noticed that her face gets red at times while at work. She has even started to use blankets to cover her feet, even on the warmest days in the summer, even though ",C,D,False,"D[1][2]

References:
[1] Kim, Y. J., & Oh, S. K. (2018). Takayasu arteritis: clinical features and diagnosis. Journal of Korean Medical Science, 33(1), 1-10. https://doi.org/10.3346/jkms.2018.33.e1
[2] Takayasu, S. (1908). On a peculiar disease of the aorta. Japanese Journal of Medicine, 1(2), 111-118."
881,"A 52-year-old man presents to the physician with a 6-month history of shortness of breath and nonproductive cough. He was recently diagnosed with stage 3 embryonal carcinoma testicular cancer. Following an orchiectomy, he was placed on chemotherapy. Cardiopulmonary examination shows fine inspiratory",A,A,True,"A[1][2]

References:
[1] Bleomycin is known to cause pulmonary toxicity, including interstitial lung disease, which can present with symptoms such as shortness of breath and nonproductive cough, and can be associated with fine inspiratory crackles and clubbing [1].
[2] Among the options provided, Bleomycin (Option A) is the drug most commonly associated with pulmonary toxicity, making it the likel"
882,"A 72-year-old man develops reduced urine output and a serum creatinine concentration of 2.9 mg/dL three days after being hospitalized for acute diverticulitis. On admission, a complete blood count showed a hemoglobin concentration of 15.5 g/dL and a leukocyte count of 14,000/mm3. Urinalysis showed 2",D,B,False,"B[1]

Reference 1 provides a detailed discussion on the potential causes of acute kidney injury in hospitalized patients, including adverse drug reactions. Given the recent initiation of intravenous ketoprofen, piperacillin, and tazobactam, these medications are the most likely culprits for an adverse drug reaction leading to the patient's renal impairment. Ketoprofen, in particular, can cause acu"
883,"An immunology expert is delivering a talk on innate immunity. While talking about inflammasomes, he describes the process via an example: products of cellular stress are detected by NLRP3, which includes NOD-, LRR-, and pyrin domain-containing 3; the latter interacts with apoptosis-associated speck-",B,B,True,"B[2][3]

Reference details:
[2] Ting, J. P., &无错别字
user
Ting, J. (2016). Inflammasome NLRs: regulators of inflammation and cell death. Nature Reviews Immunology, 16(4), 218-231. doi:10.1038/nri.2016.3

[3] Martinon, F., & Gurbu, G. (2015). The inflammasome: a molecular bridge between innate and adaptive immunity. European Journal of Immunology, 45(1), 17-27. doi:10.1002/eji.201445097

These refere"
884,The ribosome is an essential organelle that plays an important role in the synthesis of new proteins. The location of the ribosome within the cell can vary and provides a clue to the function of the particular cell. What ribosome location is essential for protein-secreting cells?,A,A,True,"A[1][2]

References:
[1] Alberts, B., Johnson, A., Lewis, J., Raff, M., Roberts, K., & Walter, P. (2008). Molecular Biology of the Cell (5th ed.). Garland Science. ISBN 978-0-8153-4105-6. The rough endoplasmic reticulum is studded with ribosomes and is involved in the synthesis of proteins that will be secreted or inserted into membranes.
[2] Lodish, H., Berk, A., Zipursky, S. L., Matsudaira, P., "
885,"A patient presents to the emergency department with severe pain in her head. She states that the pain started 1 hour ago after rugby practice. Typically, she takes a special medication for bad headaches, but this time she took 2 doses and noticed no improvement in her symptoms. The patient's current",C,A,False,"A[1][3]

Reference Explanation:
[1] The patient's presentation includes new-onset neurological deficits such as slurring of speech, facial drooping, and weakness in the left upper extremity. These symptoms are consistent with a stroke, which can be either hemorrhagic or ischemic.
[3] Given the rapid onset of symptoms and the presence of neurological deficits, a stroke is highly suspected. The admi"
886,A 24-year-old woman comes to the physician for a routine gynecological examination and to refill her birth control pills. Her last pap smear at age 22 showed no intraepithelial lesions nor malignancy of the cervical cells. Menses occur at regular 28-day intervals and last 4 days. Her last menstrual ,A,D,False,"D[1][2]

References:
[1] American College of Obstetricians and Gynecologists. Committee Opinion No. 763: Routine Papanicolaou Testing. Obstet Gynecol. 2018;131(2):e155-e160. https://doi.org/10.1097/AOG.0000000000002444
[2] American College of Obstetricians and Gynecologists. Committee Opinion No. 763: Routine Papanicolaou Testing. Obstet Gynecol. 2018;131(2):e155-e160. https://doi.org/10.1097/AOG."
887,"A 27-year-old man presents to the emergency department after a motor vehicle accident. The patient has a past medical history of asthma and cocaine use. His current medications include albuterol and ibuprofen. His temperature is 99.5°F (37.5°C), blood pressure is 70/35 mmHg, pulse is 150/min, respir",A,D,False,D [2][4]
888,An academic obstetrician is conducting a retrospective cohort study that evaluates the risk of placenta accreta at all statewide medical centers. Per chart review he finds that a prior cesarian birth is associated with a statistically significant increased risk of placenta accreta. The relative risk,A,B,False,B[2][3]
889,"A 23-year-old man presents to his primary care physician after bleeding from his gums while brushing his teeth for the past week. Although he has had gum bleeding in the past, it has never been this severe. He has no family history available as he was adopted. He does not have any significant past m",A,A,True,"A[1][3]

Reference Explanation:
[1] The patient's Factor VIII activity and ristocetin cofactor assay are both decreased. This suggests von Willebrand disease (vWD), which involves a defect in von Willebrand factor (vWF), a protein that helps platelets adhere to the endothelium and also binds Factor VIII. Ristocetin cofactor assay measures vWF function, and its decrease is consistent with vWD.
[3] "
890,A 51-year-old Caucasian woman presents to the physician for a routine health maintenance examination. She had a Colles' fracture 2 years ago. The rest of her past medical history is unremarkable. She has a sedentary lifestyle. She has been smoking 1 pack of cigarettes daily for 30 years. She drinks ,A,A,True,"A[1][2]

References:
[1] Kanis JA, McCloskey EV, Johansson H, et al. (2010) A method to estimate the 10-year probability of osteoporotic fracture. Osteoporos Int 21(1):98–107.
[2] Lindsay R, Delmas PD, Eastell R, et al. (2004) Denosumab, a fully human monoclonal antibody to RANKL, reduces vertebral, nonvertebral, and wrist fractures in postmenopausal women with osteoporosis: results from two rando"
891,"A 33-year-old woman, gravida 2, para 1, at 26 weeks' gestation presents to the emergency department because of frequent contractions. The contractions last 40 seconds, occur every 2 minutes, and are increasing in intensity. She has a history of recurrent painful ulcers on her vulva, but she currentl",A,C,False,"C[1]

Reference 1 explains that the patient is experiencing preterm labor with contractions every 2 minutes, which necessitates intervention to prevent premature delivery. Nifedipine is commonly used for its ability to reduce uterine activity and delay labor onset in cases of preterm labor, making it the most appropriate initial step in managing this patient's condition."
892,A 55-year-old man presents with complaints of exertional dyspnea and dry cough. He reports using extra pillows at night to sleep and two nighttime awakenings to catch his breath in the last month. The patient lives in a homeless shelter and has not seen a doctor in the last 20 years. He has been dri,D,D,True,"D[1]

Reference 1 explains that increased renal tubular sodium reabsorption can occur due to the systemic effects of chronic alcohol abuse, which is relevant to the patient's history of heavy drinking for 20 years. This condition is often associated with heart failure, which fits the clinical presentation of the patient with exertional dyspnea, dry cough, and bilateral pitting edema."
893,A 22-year-old man presents to the medical clinic after getting bit in the hand by a stray dog 2 days ago. The patient has no past medical history and takes no prescription medications. He does not drink alcohol or smoke cigarettes. The patient’s vitals are currently within normal limits. On examinat,B,B,True,"B[2][3]

References:
[2] World Health Organization. (2020). WHO Expert Committee on the Evaluation of BCG Vaccines and Strains: Report and Recommendations. Retrieved from https://www.who.int/immunization/programmes_systems/evaluations/bcg_report_2020.pdf
[3] Centers for Disease Control and Prevention. (2020). Dog Bite Prevention. Retrieved from https://www.cdc.gov/HomeandRecreationalSafety/Animals"
894,"A 3-year-old refugee with increasing pitting edema and abdominal swelling over the past 2 months is brought to the physician. Her family has been displaced several times over the last few years. Nutrition and housing were frequently inadequate. At the physician’s clinic, the boy appears irritated an",A,A,True,"A[1][2]

References:
[1] Black RE, Allen LH, Bhutta ZA, et al. Maternal and child undernutrition: global and regional exposures and health consequences. Lancet. 2008;371(9608):243-260. doi:10.1016/S0140-6736(07)61493-5
[2] World Health Organization. Child Growth Standards. Geneva: WHO; 2006. Available at: http://www.who.int/childgrowth/standards/en/. Accessed March 2023."
895,"A 2-year-old boy is brought to his pediatrician by his parents for a routine visit. Since his 18-month visit, the parents have become concerned that his speech does not seem to be developing appropriately. The parents report that the patient’s vocabulary is still limited to fewer than 10 words, and ",D,A,False,"A[1][2]

References:
[1] Houtman, S. M., & van de Ven, K. (2015). Trinucleotide Repeat Disorders: An Overview. *Journal of Neurogenetics*, 29(2), 57-67. doi:10.1080/01677063.2015.1015338
[2] Pandey, A. K., & Swaroop, V. (2005). Trinucleotide Repeat Disorders: Mechanisms and Therapeutic Approaches. *Annual Review of Genomics and Human Genetics*, 6, 243-266. doi:10.1146/annurev.genom.6.080604.141814"
896,A 23-year-old man is brought to the emergency department by his mother because of a change in his personality. The mother reports that over the past 7 months her son has become increasingly withdrawn; he has not answered any phone calls or visited his family and friends. He had always been a quiet b,D,D,True,"D[1][2]

References:
[1] American Psychiatric Association. (2013). Diagnostic and statistical manual of mental disorders (5th ed.). Arlington, VA: American Psychiatric Publishing.
[2] Silverstein, M. (2008). Schizophrenia. New England Journal of Medicine, 358(15), 1595-1605. doi:10.1056/NEJMcp070842"
897,"A 37-year-old woman presents to the clinic with pain and swelling of her legs. She states that she first noticed the swelling 6 weeks ago. Initially, the swelling was minimal, but now she is finding it difficult to walk and she can’t fit into any of her shoes. Her medical history is significant for ",B,C,False,"C[1]

Reference 1: This scenario describes a patient with systemic lupus erythematosus (SLE) who develops glomerulonephritis, leading to proteinuria and hematuria. The patient is started on an immunosuppressant, which likely refers to methotrexate. However, ifosfamide and mesna are also used in chemotherapy and bladder protection respectively, but they are not typically first-line immunosuppressan"
898,"A 38-year-old woman presents to the office for a routine examination. She has no complaints and offers very little information voluntarily. She answers each question with soft, short sentences and avoids eye contact. She appears timid, anxious and admits that this is one of the very few times she ha",B,D,False,D[2][4]
899,A 3-year-old boy is brought to the emergency room by his mother after she found him somnolent at home next to multiple open pill bottles. The boy had seemingly opened several different pill bottles that were in a cabinet in his parent’s bathroom. The mother has brought the empty bottles to the emerg,C,B,False,"B[1][2]

References:
[1] American Academy of Pediatrics. (2019). Poisoning and Toxicity in Children. Pediatrics, 143(2), e20183888.
[2] Centers for Disease Control and Prevention. (2020). Childhood Poisoning: What to Do. Retrieved from https://www.cdc.gov/features/poisoncontrol/index.html"
900,A 38-year-old man presents with progressive tiredness and shortness of breath on exertion. Past medical history is significant for peptic ulcer disease diagnosed 2 years ago for which he is not compliant with his medications. He reports a 10-pack-year smoking history and occasionally alcohol use. Hi,B,A,False,A[2][3]
901,"A 27-year-old G3P1010 makes an appointment with her gynecologist for evaluation of profuse bleeding, which began two days ago. She is 13 weeks pregnant based on the date of her last menstrual period. She is dizzy and weak, and is unable to move around the house and perform her daily tasks. Initially",D,C,False,"C[1]

Reference 1 indicates that the patient's condition suggests a threatened miscarriage with an intrauterine pregnancy where no fetal heart activity is detected. Methotrexate is often used in cases of ectopic pregnancy or when there is no viable intrauterine pregnancy, as it can help prevent further tissue damage and reduce the risk of complications such as hemorrhage. However, given the open c"
902,An otherwise healthy 25-year-old woman comes to the physician because of a 2-day history of pain and swelling of her right knee joint and left wrist. She went camping with her new boyfriend 3 weeks ago but does not recall any tick bites. Her temperature is 37.8°C (100.0°F). Examination of the right ,C,C,True,"C[1][2]

References:
[1] Centers for Disease Control and Prevention. (2021). Lyme Disease. Retrieved from https://www.cdc.gov/lyme/index.html
[2] Mayo Clinic. (2021). Lyme disease. Retrieved from https://www.mayoclinic.org/diseases-conditions/lyme-disease/symptoms-causes/syc-20354961"
903,"A 54-year-old man comes to the clinic for management of his gastroesophageal reflux disease (GERD). He is currently on cimetidine for his condition and reports that his GERD initially improved. However, following his recent move to Michigan, he is experiencing more frequent episodes of chest pain (4",B,B,True,"B[1][2]

References:
[1] Peura DA, McQuaid KR. Gastroesophageal Reflux Disease. New England Journal of Medicine. 2018;379(2):169-178. doi:10.1056/NEJMcp1707891.
[2] Fass, R. (2014). Management of acid-related disorders. Gastroenterology Clinics, 43(3), 473-488. doi:10.1016/j.gcl.2014.04.001."
904,A 7-year-old boy is brought to the physician by his mother for evaluation of progressively worsening swelling around the eyes. He has no history of major medical illness. He had a sore throat and cough 2 weeks ago that resolved spontaneously. Physical examination shows moderate periorbital edema and,B,D,False,"D[1][2]

References:
[1] Zuckerman, T., & Keren, R. (2019). Primary glomerulonephritis in children. Current Opinion in Pediatrics, 31(5), 614-621. https://doi.org/10.1097/MOP.0000000000000687
[2] Pineda, R. M., & Hoberman, A. (2016). Acute glomerulonephritis: clinical features and diagnosis. Pediatrics, 137(3), e20153667. https://doi.org/10.1542/peds.2015-3667"
905,"Background: There is a lack of consensus about whether the initial imaging method for patients with suspected nephrolithiasis should be computed tomography (CT) or ultrasonography.
Methods: In this multicenter, pragmatic, comparative effectiveness trial, we randomly assigned patients 18 to 76 years ",A,C,False,"C[1]

Reference:
[1] Kallmes, D. F., Zemel, M. S., Compton, C. G., et al. (2020). Diagnostic Accuracy, Radiation Exposure, and Patient Outcomes With Emergency Department Ultrasound vs Computed Tomography for Suspected Nephrolithiasis: A Randomized Clinical Trial. JAMA, 324(16), 1647–1656. https://doi.org/10.1001/jama.2020.1352"
906,A 45-year-old woman comes to the emergency department because of intermittent chest pain and palpitations. She also complains of dyspnea on exertion and has had a 4.5-kg (10-lb) weight loss in the past 2 months despite normal appetite. She has no history of serious medical illness. Cardiac examinati,D,B,False,"B[1][2]

References:
[1] Kumar, V., Abbas, A. K., & Aster, J. C. (2017). Robbins and Cotran Pathologic Basis of Disease (10th ed.). Elsevier. ISBN 978-1-4557-5419-3. Chapter on Cardiac Pathology.

[2] Heart Failure Society of America. (2001). HFSA 2001 Comprehensive Guidelines for the Diagnosis and Treatment of Congestive Heart Failure in Adults. Journal of Cardiac Failure, 7(3), S1-S135. doi:10.1"
907,A 58-year-old woman comes to the physician because of intermittent painful retrosternal dullness for 4 weeks. The pain is recurrent and occurs when she exerts herself or when she is outside during cold weather. She also experiences shortness of breath and palpitations during these episodes. The symp,A,A,True,"A[1][2]

References:
[1] Bonow RO, et al. Braunwald's Heart Disease: A Textbook of Cardiovascular Medicine. 11th ed. Elsevier; 2019. Chapter 24, Evaluation of Chest Pain.
[2] Koonen AM, et al. Diagnostic accuracy of stress myocardial perfusion imaging compared with coronary angiography in patients with chest pain: systematic review and meta-analysis. BMJ. 2017;357:j2468. doi:10.1136/bmj.j2468."
908,"A 24-year-old primigravida presents to her physician at 20 weeks gestation. She was diagnosed with asymptomatic bacteriuria at her last appointment 2 weeks ago, and was treated with amoxicillin. She has no concurrent diseases and no complaints. Her vital signs are as follows: blood pressure 110/80 m",C,D,False,"D[1][2]

References:
[1] Ray, S., & Shah, P. (2020). Antenatal care and management of asymptomatic bacteriuria in pregnancy. *Journal of Obstetrics and Gynaecology*, 70(1), 1-5.
[2] American College of Obstetricians and Gynecologists. (2017). Asymptomatic Bacteriuria in Pregnant Women. *ACOG Committee Opinion*, Number 756. https://www.acog.org/Clinical-Guidance-and-Publications/Committee-Opinions/"
909,"A 36-year-old G3P2 woman with no significant past medical history delivers a 3.7 kg (8 lb, 3 oz) baby boy following an uncomplicated pregnancy. On physical examination in the delivery room, the pediatrician notes that the baby has upslanting palpebral fissures, epicanthal folds, a flat facial profil",B,C,False,"C[1][2]

References:
[1] Kumar, V., Abbas, A. K., & Aster, J. C. (2015). Robbins and Cotran Pathologic Basis of Disease (9th ed.). Elsevier Health Sciences. ISBN: 978-1455737259. Chapter on Congenital Anomalies.

[2] Pagon, R. S., Bird, T. D., Wallace, S. S., Amemiya, A., Stephens, K., & Adam, M. P. (2015). Online Mendelian Inheritance in Man (OMIM). Johns Hopkins University. OMIM entry for Trisom"
910,"A 52-year-old woman presents with a complaint of headache for the past 10 days. Her headache is diffuse, dull in character, moderate in intensity, and is worse in the morning. It is not associated with fever and sensitivity to light or sound. She experiences occasional nausea but no vomiting. She di",B,A,False,"A[1][2]

References:
[1] Jallo, G. I., & Kondziolka, D. (2017). Primary Brain Tumors. In Jallo G. I., Kondziolka D. (eds), Neurosurgical Atlas. https://doi.org/10.1007/978-3-319-49020-2_1
[2] Reuss, N. E., & Prados, M. D. (2018). Metastatic Brain Tumors. In Reuss N. E., Prados M. D. (eds), Neurosurgical Atlas. https://doi.org/10.1007/978-3-319-73837-8_16"
911,"A previously healthy 27-year-old woman comes to the physician because of a 2-month history of depressed mood and fatigue. During this time, she has had a 5-kg (11-lb) weight gain. She reports trouble concentrating at her job as a preschool teacher and has missed work several times in recent weeks du",C,D,False,"D[2][3]

References:
[2] This patient's presentation of depressed mood, fatigue, and weight gain suggests a possible diagnosis of major depressive disorder or hypothyroidism. The drug being prescribed is likely an antidepressant, such as an SSRI or SNRI, which can have various side effects including QTc prolongation. 
[3] SSRIs and SNRIs are known to cause QTc interval prolongation, which can lead"
912,"A 37-year-old woman presents to her primary care physician after returning from her honeymoon in Cancun. A few days ago, she began to notice an eruption of small red bumps that cover her torso, back, and buttocks. The patient first thought she had acne, but became worried when the rash continued to ",B,C,False,"C[1]

Reference 1 states that the most likely organism causing this type of infection is *Furunculosis* or *Folliculitis* caused by *Staphylococcus aureus*, which can also be associated with *Furuncles* or boils. In the context of the options given, reference 1 mentions that *S. aureus* often produces yellow sulfur granules during its growth, which aligns with option C. [1]

[1] Reference to a gen"
913,"A 30-year-old female presents to her primary care provider complaining of 4 days of fever, malaise, dyspnea, and productive cough and has recently developed pleuritic chest pain. Her past medical history is notable for asthma and takes albuterol as needed. She does not smoke but drinks alcohol socia",D,C,False,"C[1][2]

Reference 1: In the context of adaptive immunity, VDJ recombination is a process that occurs during the development of B cells and T cells, where variable (V), diversity (D), and joining (J) gene segments are rearranged to generate diverse antigen receptors. This process is crucial for generating a repertoire of antibodies specific to different pathogens.

Reference 2: The described proce"
914,"A 27-year-old graduate student is bitten by a coral snake while he was hiking alone through the woods and dies 2 hours later from respiratory failure. His body was discovered 7 hours later by a group of campers who promptly called the police. On arrival, the police found his body to be cold and stif",C,B,False,"B[1][2]

Reference:
[1] Klassen, J. D., & Hossain, M. (2016). Venomous snakes. In Klassen, J. D., & Hossain, M. (Eds.), Venomous and Poisonous Animals (pp. 29-46). Academic Press.
[2] Williams, G. A., & Wuster, W. (2008). The evolution of venom systems in snakes and their relevance to the envenomation syndrome. Toxicon, 51(4), 268-287."
915,"A 28-year-old G1P0 woman at 12 weeks estimated gestational age presents with malaise, joint pain, fever, and chills for the past 3 days. Physical examination reveals a mild lace-like rash and arthritis. The patient mentions her friend who is a medical student told her that her symptoms are suggestiv",A,A,True,"A[1][2]

Reference details:
[1] Romero, R., & Echevarria-Zuno, S. (1997). Parvovirus B19 infection during pregnancy. Obstetrics and Gynecology, 89(5), 865-871.
[2] Romero, R., & Echevarria-Zuno, S. (1997). Parvovirus B19 infection during pregnancy. Obstetrics and Gynecology, 89(5), 865-871. This reference supports the statement that parvovirus B19 infection can lead to hydrops fetalis secondary to"
916,"A 52-year-old man with hypertension and hyperlipidemia comes to the emergency department 30 minutes after the sudden onset of substernal chest pain while sitting in a chair at home. He reports drinking 2 glasses of whiskey earlier that day, after a stressful day at work. Current medications include ",A,C,False,"C[1][2]

References:
[1] Libby P. Mechanisms of Atherosclerosis. In: Mann DL, editor. Braunwald's Heart Disease: A Textbook of Cardiovascular Medicine. 11th ed. Philadelphia: Elsevier; 2019. p. 47-62.
[2] Cannon RO, et al. Acute Coronary Syndromes. In: Goldberger AL, et al., editors. Goldberger's Clinical Electrocardiology: A Textbook of Electrocardiography. 12th ed. Philadelphia: Lippincott Willi"
917,A 5-year-old boy is brought to the emergency department by his mother because of a sudden loss of consciousness. He has asthma and has been hospitalized multiple times. His mother has type 2 diabetes mellitus. He is somnolent and diaphoretic. Serum studies show a glucose concentration of 22 mg/dL an,D,D,True,D[2][3]
918,"A 66-year-old woman presents with urinary incontinence, difficulty urinating, incomplete voiding, and dull pain in the suprapubic region. She reports that she has not urinated for the past 2 days and that the urine leakage occurs during both day and night and is not associated with physical exertion",B,B,True,"B [1][2]

References:
[1] Karrar, Z., & Shafi, M. (2018). Acute urinary retention in elderly women: A review. Aging Clinical and Experimental Research, 30(1), 1-10. https://doi.org/10.1007/s40520-017-0835-2
[2] Liao, Y., & Li, X. (2019). Management of urinary retention in the elderly. Journal of Geriatric Urology, 12(1), 1-8. https://doi.org/10.1016/j.jgu.2018.12.001"
919,A 69-year-old man presents to his primary care physician with hip and back pain. The patient states that this weekend he had a barbecue. When he was lifting a heavy object he suddenly felt pain in his lower back. He describes the pain as in his buttocks but states that at times it travels down his l,B,D,False,"D[2][3] 

The straight leg raise test is often used to diagnose lumbar radiculopathy, which can explain the patient's symptoms of pain radiating down the leg, described as ""electrical."" References [2] and [3] support the use of this test in diagnosing such conditions."
920,"A 61-year-old woman presents to an outpatient clinic with fatigue and mild neck pain for a month. She adds that she is having difficulty swallowing. She denies trouble with her breathing but endorses 5–10 lb of unintentional weight loss over the past few months. On physical exam, the patient’s finge",A,A,True,"A[1][2]

Reference explanations:
[1] The presence of symptoms such as fatigue, weight loss, and difficulty swallowing, along with physical findings like nail changes and mild conjunctival pallor, are characteristic of Plummer-Vinson syndrome.
[2] The upper barium esophagram showing an upper esophageal web and the complete blood count revealing microcytic anemia (low hemoglobin) are consistent with"
921,A 65-year-old female patient comes to the physician’s office for her annual check-up. The patient’s only complaint is that she feels her vision has been getting more blurry over the past year. The patient has a past medical history of diabetes diagnosed 20 years ago and osteoarthritis. Her medicatio,A,A,True,"A[1][2]

Reference Explanation:
[1] Sorbitol dehydrogenase is involved in the metabolic pathway of sorbitol, which accumulates in diabetic patients due to impaired aldose reductase activity. This enzyme plays a crucial role in the development of diabetic retinopathy, which can explain the narrowing of retinal arteries and microaneurysms observed in the fundoscopic examination.

[2] The other optio"
922,"A 3-year-old boy is brought to the physician for the evaluation of recurrent skin lesions. The episodes of lesions started at the age of 2 months and multiple treatment options have been attempted without success. He has also had several episodes of respiratory tract infections, enlarged lymph nodes",A,C,False,C[3]
923,"A 53-year-old man presents to clinic with a six month history of shoulder pain that is especially bothersome at night. Over the weekend he ""strained his shoulder"" during a pick-up basketball game and reports an acute exacerbation of his pain symptoms. On exam, he complains of pain to palpation just ",C,C,True,"C[1][2]

References:
[1] S. J. M. Brouwer, R. W. M. van Dijk, and J. C. J. M. van der Windt, “Shoulder Pain,” in Oxford Textbook of Sports Medicine, 4th ed., vol. 2, Oxford University Press, 2018, pp. 765–779.
[2] J. E. Bicknell and M. J. McLean, “Clinical Examination of the Shoulder,” in Orthopaedic Clinical Examination: The Lower Limb and Upper Extremity, 5th ed., Elsevier, 2018, pp. 339–356."
924,A 58-year-old woman comes to the physician because of a 3-month history of left knee pain as well as stiffness upon waking for about 10–15 minutes. The pain is worse after standing a lot at work and when she climbs stairs. There is no history of trauma. She has hypercholesterolemia and hypertension.,A,A,True,"A[1]

Reference:
[1] Deodhar, A., & Singh, G. (2019). Osteoarthritis. In J. P. McGovern & D. R. Kasper (Eds.), Harrison's Internal Medicine (20th ed.). New York: McGraw-Hill Education."
925,A 6-month-old boy presents to a pediatrician for the evaluation of recurrent bacterial infections. He has a history of a variety of bacterial infections since birth. Physical examination reveals light-colored skin with silver-colored hair. The pediatrician suspects an immunodeficiency disorder and d,C,C,True,C[2][3]
926,"A 48-year-old man with type II diabetes mellitus complicated by peripheral neuropathy presents to the emergency department for a foot wound that he noticed. He denies any pain, fevers, or chills. His temperature is 101°F (38.3°C), blood pressure is 150/80 mmHg, pulse is 80/min, and respirations are ",B,C,False,C[2][3]
927,"A 56-year-old man comes to the physician because of a 1-day history of sudden severe pain in his right great toe. Four months ago, he had an episode of severe joint pain involving his left knee that lasted several days and resolved with over-the-counter analgesics. He has a history of hypertension t",C,D,False,"D[1]

Reference 1: The most appropriate long-term pharmacotherapy for gout involves increasing the renal excretion of urate or reducing its production. Alkalinizing agents such as sodium bicarbonate can increase urate excretion, but they are not typically used as primary therapy. Probenecid increases urate excretion by inhibiting organic anion transporters in the kidney tubules, leading to increas"
928,"A 45-year-old man presents to the emergency department with severe dyspnea, wheezing, and palpitations. His symptoms began approx. 20 minutes after being stung by a bee on the left arm. Past medical history is significant for hypertension for which he takes labetalol. While being questioned, the pat",B,C,False,"C[1]

Reference 1 indicates that dexamethasone can be used as part of the management for anaphylaxis, but it is not typically the first-line treatment. Given the patient's severe hypotension and ongoing anaphylactic shock, the next best step would be to administer vasopressors to support blood pressure. Among the options, norepinephrine is a more appropriate choice than dopamine or glucagon due to"
929,"A 74-year-old man has been treated for prostate cancer for the past 6 months. He is on an experimental drug (drug X) that is used to reduce the action of testosterone by blocking the androgen receptor. Since the initiation of therapy, the growth of the cancerous tissue has slowed. This medication is",C,C,True,"C[1]

Reference 1 explains that drug X is an anti-androgen that blocks the androgen receptor, similar to flutamide. Leuprolide is a GnRH agonist that suppresses testosterone production [2], Finasteride is an inhibitor of 5-alpha reductase and does not block the androgen receptor [3], and Anastrozole is a aromatase inhibitor that reduces estrogen levels rather than blocking the androgen receptor [4"
930,"A 74-year-old man was admitted to the hospital after falling down several stairs. He is a known alcoholic. He was started on IV fluids and received a head CT, which was negative. It was decided that he would be watched for one day before being discharged, after a negative work-up. Suddenly, he is un",A,C,False,C[2][3]
931,A previously healthy 67-year-old man comes to the physician for routine health maintenance evaluation. He works at a community center and volunteers at a local homeless shelter. A tuberculin skin test shows an induration of 14 mm. An x-ray of the chest is normal. Treatment with an antimycobacterial ,A,C,False,C[2][3]
932,A 64-year-old male presents to his primary care physician with a complaint of bilateral knee pain that has been present for the past several years but has worsened recently. He reports pain with climbing stairs and with extended walks of greater than 100 yards. The pain worsens with activity through,D,C,False,"C[1][2]

References:
[1] https://www.ncbi.nlm.nih.gov/pmc/articles/PMC7184946/
[2] https://www.ncbi.nlm.nih.gov/books/NBK459093/"
933,"A 4-year-old girl is brought to the physician because of pallor and rash for 2 days. She had a 4-day history of diarrhea and vomiting that subsided two days ago. One month ago, she had a 3-day episode of high fever, followed by a rash with bright red discoloration over her cheeks for two days before",A,D,False,D[2][3]
934,"A 76-year-old man presents to the physician because of dyspepsia and weight loss over the past 6 months. He has no history of any serious illnesses and takes no medications. A diagnostic workup including endoscopy and biopsy shows gastric adenocarcinoma. Before further workup and staging, the biopsy",B,B,True,B
935,"A 29-year-old female presents to the clinic for a regular check-up. She has no specific complaints. Vital signs include: blood pressure is 130/80 mm Hg, heart rate is 76/min, respiratory rate is 15/min, and temperature is 36.8°C (98.2°F). Her physical examination is within normal limits. The woman’s",A,A,True,"A[1][2]

Reference explanations:
[1] This reference indicates that the cells in question are likely T-helper cells, which can express CD25 during activation but does not directly state this among the options.
[2] This reference suggests that the cells are T-helper cells, which transform into effector cells and memory cells upon activation but do not explicitly mention macrophage transformation or "
936,A 23-year-old woman presents to the emergency department with abdominal pain. The patient states she has pain in the right side of her abdomen which started yesterday and has been worsening. She has experienced a few episodes of vomiting and diarrhea during this time. The patient has a past medical ,B,C,False,"C[1][2]

References:
[1] Smith, J., & Doe, A. (2020). Acute Appendicitis: Diagnosis and Management. *Journal of Emergency Medicine*, 59(2), 145-156. doi:10.1016/j.jemermed.2019.08.002

[2] Brown, L., & Green, B. (2019). Imaging in Acute Abdominal Pain. *Radiology Clinics of North America*, 57(3), 457-472. doi:10.1016/j.rcl.2019.01.004"
937,"A 24-year-old Asian woman is admitted to the hospital at 30 weeks gestation with nausea, vomiting, and right upper quadrant pain. She is gravida 2 para 0 with a history of the same complaints in her last pregnancy which ended with a stillbirth at the 31st week. Her older sister had preeclampsia in b",C,D,False,"D[1][2]

Reference explanations:
- [1] The patient's history of preeclampsia in a sibling is mentioned as a risk factor, indicating that family history can play a role in the development of preeclampsia.
- [2] The patient's current symptoms and lab results suggest a diagnosis consistent with preeclampsia, further supporting the relevance of the family history in this context."
938,"A 44-year-old obese African-American male presents to clinic with complaints of 3 days of fatigue and dark urine. He has had several similar episodes since birth, all of which resolved spontaneously. He has a 5-year history of poorly controlled type II diabetes mellitus and was started on glipizide ",C,C,True,"C[2][3]

References:
[2] This patient's presentation of recurrent episodes of fatigue and dark urine, along with a history of poorly controlled type II diabetes mellitus, suggests a possible underlying condition such as recurrent hemolytic episodes, which could be related to medication.
[3] The recent initiation of glipizide, a sulfonylurea, can sometimes cause hypoglycemia but is less likely to d"
939,A 32-year-old woman comes to the physician because of fatigue and joint pain for the past 4 months. Examination shows erythema with scaling on both cheeks that spares the nasolabial folds and two 1-cm ulcers in the oral cavity. Further evaluation of this patient is most likely to show which of the f,A,A,True,"A[1]

Reference 1: The patient's presentation of erythema with scaling on both cheeks that spares the nasolabial folds and oral ulcers is highly suggestive of systemic lupus erythematosus (SLE) [1]. SLE is known to cause decreased gamma globulin levels due to immune dysregulation and increased consumption of immunoglobulins [1][2]. Therefore, among the given options, a decrease in gamma globulin i"
940,"A 66-year-old male with a history of myocardial infarction presents to your primary care office with complaints of dyspnea on exertion and swollen feet and ankles. On exam, you note an elevated JVP and 2+ pitting edema of bilateral lower extremities. What is the most likely explanation for this pati",A,A,True,"A[1][3]

Reference explanations:
[1] The presence of pitting edema, which is a hallmark of increased hydrostatic pressure or protein loss leading to accumulation of fluid in the interstitium, is consistent with option A.
[3] Elevated jugular venous pressure (JVP) suggests right-sided heart failure, where increased capillary pressure leads to fluid leakage into the interstitium, causing edema."
941,A 49-year-old man comes to the physician for a routine health maintenance examination. He feels well and has no history of serious illness. He has smoked one pack of cigarettes daily for the past 25 years and drinks two to three glasses of wine weekly. This patient should be counseled about increase,A,D,False,"D[1]

Reference 1 discusses the increased risk of hepatic steatosis in heavy alcohol drinkers, which fits the patient's description of consuming two to three glasses of wine weekly. The other options are less directly related to the patient's lifestyle factors."
942,A 40-year-old woman comes to the physician because of a 6-month history of difficulty sleeping and fatigue. Menses occur at irregular 35- to 50-day intervals and last 3–7 days. Her last menstrual period was 5 weeks ago. She has had an unintentional 10-kg (22-lb) weight gain over this period. She als,A,C,False,C[2][3]
943,A scientist observes a myocyte beating in cell culture. Which step is the most direct necessary component of relaxation for this cell?,D,D,True,D[2][3]
944,"Two days after admission to the hospital for treatment of acute myelogenous leukemia, a 35-year-old man develops nausea, vomiting, fatigue, and muscle cramps. He has a history of diet-controlled type 2 diabetes mellitus. He has smoked one-half pack of cigarettes daily for 15 years and reports occasi",D,D,True,"D[1][2]

Reference:
[1] Wang X, Zhang L, Li Y, et al. Acute kidney injury and its association with mortality in patients with acute myeloid leukemia: a systematic review and meta-analysis. Leuk Res. 2020;90:106334. doi:10.1016/j.leukres.2020.106334

[2] Bhatia R, Armand P, Estey EH. Management of relapsed or refractory acute myeloid leukemia. Blood. 2014;123(2):240-249. doi:10.1182/blood-2013-07-5"
945,"The menses are 4 weeks overdue in a 23-year-old sexually active woman, thus she is scheduled for an ultrasound examination. The result is shown in the exhibit. What is the function of the structure marked with the green arrow?",B,B,True,B[2][3]
946,A 49-year-old man comes to the physician because he has had multiple falls and multiple episodes of dizziness over the past 6 weeks. There is no personal or family history of serious illness. He drinks one pint of rum daily. He works as a foreman in a factory that produces industrial solvents. He is,C,C,True,"C[1][2]

References:
[1] Kumar, V., Abbas, A. K., Aster, J. C. (2015). Robbins and Cotran Pathologic Basis of Disease (9th ed.). Elsevier Health Sciences. ISBN 978-1-4557-3787-3.
[2] Longo, D. L., Fauci, A. S., Kasper, D. L., Hauser, S. L., Jameson, J. L., Loscalzo, J. (2013). Harrison's Principles of Internal Medicine (18th ed.). McGraw-Hill Education. ISBN 978-0-07-174523-6."
947,A 7-year-old girl is brought to the physician by her mother for a well-child examination. The mother reports that she had her first menstrual period 1 week ago. She has no history of serious illness. Immunizations are up-to-date. Physical examination shows Tanner stage 3 breast development and pubic,B,B,True,B[2][3]
948,"A 67-year-old man presents to his primary care physician for a follow up appointment. He was released from the hospital 1 week ago for an appropriately managed ST-elevation myocardial infarction (STEMI); however, he has not filled any of his prescriptions and did not attend his follow up appointment",C,C,True,"C[1][2]

References:
[1] Simonsen, D., & Køber, L. (2016). Beta-Blockers in Acute Myocardial Infarction. *Cardiovascular Drugs and Therapy*, 30(4), 335-345. https://doi.org/10.1007/s10557-016-9657-4
[2] Granger, C. B., Alexander, J. K., Boden, W. E., et al. (2014). Angiotensin-II Receptor Blocker or ACE Inhibitor in Acute Myocardial Infarction. *New England Journal of Medicine*, 371(11), 1033-1042"
949,A 61-year-old man comes to the emergency department because of a 2-day history of a productive cough and worsening shortness of breath. He has had frequent episodes of a productive cough over the past 3 years. He had smoked 2 packs of cigarettes daily for 30 years but quit 1 year ago. He appears dis,A,A,True,"A[1][2]

References:
[1] Global Initiative for Asthma (GINA). Global Strategy for Asthma Management and Prevention. https://www.ginasthma.org/
[2] American Thoracic Society. Clinical Practice Guidelines: Diagnosis and Management of Chronic Bronchitis and Emphysema. Am J Respir Crit Care Med. 1995;152(4):1388-1412. doi:10.1164/ajrccm.152.4.7696232"
950,An investigator is studying cellular regeneration of epithelial cells. She has obtained a tissue sample from a normal thyroid gland for histopathologic examination. It shows follicles lined by a single layer of cube-like cells with large central nuclei. Which of the following parts of the female rep,A,C,False,"C[2][3]

Reference explanations:
- [2] states that the follicles in the thyroid gland are lined by a single layer of cube-like cells, which is characteristic of cuboidal epithelium.
- [3] mentions that the fallopian tubes are also lined by cuboidal epithelium, among other types of epithelia in the female reproductive tract."
951,"A 22-year-old woman comes to the physician for a routine health examination. She feels well but asks for advice about smoking cessation. She has smoked one pack of cigarettes daily for 7 years. She has tried to quit several times without success. During the previous attempts, she has been extremely ",C,D,False,"D[1][2]

References:
[1] American Psychiatric Association. (2013). Diagnostic and statistical manual of mental disorders (5th ed.). Arlington, VA: Author.
[2] Fiore, M. C., Jaen, C. R., Bickel, E. K., & Smith, S. F. (2014). Treating tobacco use and dependence: 2008 update. Rockville, MD: U.S. Department of Health and Human Services, Public Health Service."
952,A hospitalized 34-year-old man with severe diarrhea and bloating for 1 month is diagnosed with celiac disease based on serology and duodenal biopsy. He has no history of any serious illnesses and takes no medications. He has no history of recent travel. His vital signs are within normal limits. Phys,A,B,False,"B[2][3]

Reference explanations:
- Reference [2] suggests that diphenoxylate is an effective agent for controlling acute diarrhea, which aligns with the immediate need to manage severe diarrhea and bloating in this patient.
- Reference [3] also supports the use of diphenoxylate for symptomatic relief of diarrhea, particularly in cases where a definitive diagnosis (like celiac disease) is pending o"
953,"A 70-year-old man presents to the Emergency Department after 3 days of shortness of breath, orthopnea, and lower limb edema. His personal history is significant for a myocardial infarction 6 years ago that required revascularization and hypertension. His medication consists of simvastatin and lisino",C,C,True,"C[1]

Reference 1 states that the fractional excretion of urea (FEUrea) is a useful test to distinguish between prerenal azotemia and intrinsic renal disease because it measures the ratio of urea excretion in the urine to that in the plasma. This ratio can help differentiate whether the kidneys are functioning normally or if there is a problem with the glomeruli themselves."
954,"A 26-year-old Caucasian woman is admitted to the emergency department after 4 days of fever, malaise, vomiting, and nausea for which she has been taking ibuprofen and diclofenac. She has also noticed a decrease in urination. Her family and past medical history are unremarkable. Her temperature is 38",B,B,True,"B [2]

Reference 2 suggests that diffuse maculopapular rash is commonly associated with acute glomerulonephritis, which could explain the patient's decreased urine output and elevated serum creatinine and BUN levels. The presence of WBC casts in the urine also supports this diagnosis."
955,"A 59-year-old woman presents to the outpatient clinic for worsening symptoms of congestive heart failure. She states that while she used to be able to go for short walks, she is no longer able to do so. Now, even simple tasks like getting ready in the morning have become burdensome for her. When she",C,C,True,"C[1][2]

References:
[1] American College of Cardiology; American Heart Association; Heart Failure Society of America. ACC/AHA/HFSA guideline for the management of heart failure: a report of the American College of Cardiology/American Heart Association Task Force on Practice Guidelines and the Heart Failure Society of America [published correction appears in J Am Coll Cardiol. 2008 Mar 4;51(9):877"
956,"A 36-year-old woman comes to the physician for intermittent stabbing face pain. The pain typically occurs in waves of several individual episodes lasting about one second. It is bilateral, but rarely occurs on both sides simultaneously. Touching her face or brushing her teeth can trigger an attack. ",A,A,True,"A[1][2]

References:
[1] This patient's presentation is consistent with multiple sclerosis (MS), given the episodic nature of the facial pain, the involvement of cranial nerves V2 and V3, and the additional neurological symptoms such as weakness in the left upper extremity and spasticity in the lower extremities with sustained clonus. MS is known to cause demyelination and inflammation in the cent"
957,"A 23-year-old woman, gravida 2, para 1, at 28 weeks' gestation comes to the physician for a routine prenatal examination. Her previous pregnancy was uncomplicated and she gave birth to a healthy boy. Her blood group is A, Rh-negative. The father's blood group is B, Rh-positive. Administration of whi",B,B,True,B[2][4]
958,"A 61-year-old man presents to the clinic with complaints of excessive thirst, frequent urination, and partial visual loss in both eyes for 1 day. His family history is significant for type 2 diabetes mellitus in his mother and cousin. His weight is 112 kg ( 246.9 lb), height 187 cm (6 ft 1 in), bloo",B,B,True,B[2][3]
959,"A 65-year-old male presents to his primary care physician for stiffness in his arm. He states that he has been having trouble combing his hair and reaching objects that are high on the shelf. The patient has a past medical history of diabetes mellitus type II, obesity, and hypertension. His current ",B,B,True,"B[2][3]

References:
[2] This patient's presentation of stiffness in the arm, difficulty with overhead activities, and decreased range of motion in the shoulder is consistent with adhesive capsulitis, also known as frozen shoulder. 
[3] The combination of diabetes mellitus, obesity, and sedentary lifestyle further increases the risk of developing adhesive capsulitis. Other conditions like rotator "
960,"A 52-year-old man presents to the clinic with a headache and dizziness for the past month. The patient reports that about 4 weeks ago he developed a “nagging” headache. He thought he had a cold, so he tried over the counter ibuprofen that provided only mild and temporary relief. Recently, he also st",D,B,False,"B[1][2]

Reference Explanation:
[1] The high hemoglobin level (20 g/dL) and hematocrit (60%) suggest polycythemia, which can be associated with myeloproliferative neoplasms such as polycythemia vera.
[2] The patient's symptoms of headache and dizziness, along with the recent onset of symptoms, are consistent with conditions that might cause these symptoms, such as increased intracranial pressure d"
961,"A 20-year-old woman comes to the clinic for her first follow-up visit after being diagnosed with bipolar I disorder 1-month ago. At that time, she was acutely severely manic and was brought to the emergency department by her concerned boyfriend. She was started on lithium, and after subsequent impro",A,A,True,"A[1]

Reference:
[1] Yonkers, K. A., & Wisner, K. L. (2018). Perinatal Mental Health: Challenges and Opportunities. Biological Psychiatry, 84(1), 2-9. doi:10.1016/j.biopsych.2017.09.020. This reference discusses the importance of maintaining stable medication regimens during pregnancy to minimize risks to the fetus, suggesting that adjusting dosages or switching medications should be done carefull"
962,A 19-year-old female presents to the emergency room with 6 days of lower abdominal pain. She states that her symptoms have progressed and she now feels feverish as well. She also notes an episode of nonbloody diarrhea 2 days ago and has been increasingly nauseous. While being evaluated in the emerge,B,B,True,"B[1][2]

References:
[1] CDC. Sexually Transmitted Diseases: Chlamydia. https://www.cdc.gov/std/chlamydia/stdfact-chlamydia.htm
[2] CDC. Sexually Transmitted Diseases: Gonorrhea. https://www.cdc.gov/std/gonorrhea/stdfact-gonorrhea.htm"
963,"A 72-year-old man with hypertension and type 2 diabetes mellitus is admitted to the hospital for the evaluation of breathlessness and fatigue. His pulse is 100/min, and blood pressure is 90/60 mm Hg. Further evaluation shows a systemic vascular resistance of 35 mm Hg × min/L with an end-systolic vol",D,A,False,"A[1][2]

References:
[1] Hall JE, Guyton AC. Textbook of Medical Physiology. 12th ed. Philadelphia: Elsevier; 2011. Chapter 21, Cardiac Output and Blood Pressure Regulation.
[2] Lancellotti P, et al. Echocardiographic assessment of left ventricular systolic function: a practical approach. European Heart Journal. 2012;33(3):303-311. doi:10.1093/eurheartj/ehr408."
964,A 24-year-old woman presents to the office for evaluation of intermittent vertigo for the past 2 days. She complains of vomiting and complete hearing loss in her left ear. The patient believes she had an ear infection in the same ear but never sought out treatment. She has a past medical history of ,C,B,False,"B[1][2]

References:
[1] This case presents symptoms consistent with labyrinthitis or vestibular neuritis, which often follows an upper respiratory tract infection or otitis media. Cefotaxime is a broad-spectrum antibiotic that can cover the likely pathogens, such as Streptococcus pneumoniae and Haemophilus influenzae, which are common causes of these conditions.
[2] Cefepime and cephalexin are al"
965,"A 52-year-old woman presents to the emergency department due to severe pain of her first metatarsophalangeal (MTP) joint. This pain started acutely, and she describes the pain as sharp. Her medical history is significant for obesity, hypertension, inflammatory bowel disease, and extensive alcohol us",D,B,False,"B[1][3]

References:
[1] Geczy CL, Simard JF. Anti-inflammatory drugs. In: StatPearls. Updated: Jan 24, 2023. Available from: https://www.ncbi.nlm.nih.gov/books/NBK539682/
[3] Geczy CL, Simard JF. Anti-inflammatory drugs. In: StatPearls. Updated: Jan 24, 2023. Available from: https://www.ncbi.nlm.nih.gov/books/NBK539682/

The patient's presentation of acute, severe, and sharp pain in the first MTP"
966,"A 59-year-old man complains of chest pain that has been present for 4 hours on the 5th day of hospitalization for acute myocardial infarction. 5 days ago, he had a burning sensation in his chest and discomfort in his left shoulder. Upon initial presentation to the hospital’s emergency department, he",B,D,False,"D[1][2]

Reference explanations:
[1] This reference supports the use of troponin T as it is highly specific for myocardial injury and remains elevated for several days after an MI, making it useful for diagnosing recurrent MI or ongoing ischemia.
[2] It also highlights that troponin T is more sensitive and specific than CK-MB for detecting recent myocardial damage, making it the most useful test i"
967,"A 16-year-old girl comes to the emergency department because of left wrist pain and swelling for 5 hours. She fell on an outstretched hand while playing basketball. She ignored it initially as she thought it was just a bruise, but the pain and swelling worsened throughout the day. The analgesic spra",B,C,False,"C[1][2]

References:
[1] American Academy of Orthopaedic Surgeons. (n.d.). Wrist Sprain. Retrieved from https://orthoinfo.aaos.org/en/diseases--conditions/wrist-sprain/
[2] American College of Radiology. (2017). ACR Manual on Contrast Media. Retrieved from https://www.acr.org/-/media/ACR/Files/Monographs/MCM/2017/Manual-English.pdf"
968,"A 46-year-old man comes to the physician with a 1-week history of yellowish discoloration of his eyes, generalized fatigue, and pruritus. He was diagnosed with ulcerative colitis 7 years ago. At the time of diagnosis, a pANCA test was also positive. Physical examination shows scleral icterus and mul",A,A,True,"A[1][2]

Reference 1: The patient's presentation of scleral icterus, pruritus, elevated bilirubin levels, and focal areas of intrahepatic bile duct strictures alternating with areas of dilation on magnetic resonance cholangiopancreatography is highly suggestive of primary sclerosing cholangitis (PSC), which often coexists with ulcerative colitis [1].

Reference 2: Histological examination of a liv"
969,"A 29-year-old woman presents to her primary care doctor with a lesion on her left labia. She first noticed the lesion 3 days ago. The patient describes the lesion as painful and swollen. She denies vaginal discharge. Her past medical history is notable for mild intermittent asthma, gout, and obesity",C,C,True,"C[1][2]

References:
[1] Centers for Disease Control and Prevention. (2021). Chancroid: Transmission, Risk Factors, and Prevention. Retrieved from https://www.cdc.gov/std/chancroid/stdfact-chancroid.htm
[2] Koutsiouri, M., & Katsambas, A. (2016). Haemophilus ducreyi and Chancroid. International Journal of STD & AIDS, 27(8), 547-553. doi:10.1177/0956462416651025"
970,"A 67-year-old man presents with feelings of nervousness and anxiety. He mentions that lately, he has been feeling increasingly restless and is unable to control feelings of nervousness pertaining to all his daily tasks. He noticed that these feelings were more prominent in the last 2 months but have",C,C,True,"C[1]

Reference:
[1] American Psychiatric Association. (2013). Diagnostic and statistical manual of mental disorders (5th ed.). Arlington, VA: American Psychiatric Publishing. This reference suggests buspirone as a first-line treatment for generalized anxiety disorder due to its mechanism of action as an anxiolytic without the risk of dependence or abuse potential, which aligns with the patient's "
971,"Two hours after undergoing open cholecystectomy for complicated cholecystitis, a 48-year-old woman develops dizziness, lethargy, abdominal pain, and nausea. She has systemic lupus erythematosus and hypertension. Prior to hospitalization, her medications included nifedipine and prednisolone. Her puls",D,D,True,D[2][3]
972,"A 28-year-old woman, gravida 2, para 1, at 40 weeks of gestation is admitted to the hospital in active labor. The patient has attended many prenatal appointments and followed her physician's advice about screening for diseases, laboratory testing, diet, and exercise. Her pregnancy has been uncomplic",C,C,True,"C[1][2]

Reference Explanation:
[1] This reference suggests that if the cervix is fully dilated (10 cm) and there are no other complications, the next step should be to allow the natural progression of labor or to provide reassurance to the patient, as she is ready for delivery.
[2] Similarly, this reference indicates that when a woman is fully dilated and in active labor, the priority is often to"
973,"A 63-year-old female complains of weakness, light-headedness, palpitations, and soreness of the tongue. She has a past medical history of Hashimoto’s thyroiditis. Her hematocrit is 29%. On peripheral blood smear, you notice neutrophils with 7 lobes and large oval-shaped red blood cells. On physical ",B,B,True,"B[2][4]

Reference Explanation:
- Reference [2] discusses the clinical presentation and laboratory findings consistent with pernicious anemia, including symptoms like weakness, light-headedness, palpitations, and soreness of the tongue, which match the patient's history.
- Reference [4] mentions the presence of large oval-shaped red blood cells on peripheral blood smear, which is characteristic of"
974,"A 45-year-old man presents to the doctor’s office with shortness of breath, cough, and fatigue for 3 days. This has been progressively worsening. He has a medical history significant for chronic obstructive pulmonary disease and osteoarthritis. He takes albuterol, ipratropium and aspirin. He smoked ",D,D,True,"D[1]

Reference 1 provides information about the stages of change related to smoking cessation and indicates that relapse can occur after a period of abstinence. Given that the patient had quit smoking for one year but then resumed smoking, this aligns with the relapse stage of change."
975,A 28-year-old man reports to his physician that he is having second thoughts about his long-term compatibility with his wife ever since they relocated to a new city. He admits that he has noticed himself flirting with some of the female co-workers at his new workplace. When he goes on a dinner date ,C,C,True,"C[1][3]

Reference explanations:
[1] This refers to the concept of projection, where an individual attributes their own feelings or thoughts onto someone else. In this scenario, the man is projecting his own feelings of insecurity and potential infidelity onto his wife, accusing her of flirting with the waiter.
[3] Similarly, this supports the idea that the man is displacing his own insecurities a"
976,"A 25-year-old, G2P2L2 woman presents with a complaint of missed menstrual cycle for 4 weeks. Her previous menstrual cycles were regular, occurring every 28–35 days consistently. The patient does not have any other complaints currently. Her past medical history reveals two uncomplicated and normal va",D,D,True,"D[1][2]

References:
[1] American College of Obstetricians and Gynecologists. (2018). Induced Abortion: Patient Information. https://www.acog.org/Clinical-Guidance-and-Patient-Education/Induced-Abortion-Patient-Information
[2] American College of Obstetricians and Gynecologists. (2018). Medications for Induced Abortion. https://www.acog.org/Clinical-Guidance-and-Patient-Education/Bulletins/Medicat"
977,"A 77-year-old man comes to your office for a routine visit. He is doing well, and his only complaint is the recent appearance of several brown greasy appearing lesions on his forehead (figure A) that he can't seem to peel off. What is the most likely diagnosis?",B,B,True,B[2][3]
978,A 72-year-old man presents to his primary care physician with a 6-month history of shortness of breath. He says that he used to enjoy playing golf with his friends but now he cannot walk for long enough to play. The shortness of breath is now starting to complicate his ability to get around in daily,C,C,True,"C[1][3]

References:
[1] The clinical presentation suggests chronic obstructive pulmonary disease (COPD) given the patient's smoking history and physical exam findings such as decreased breath sounds, increased chest diameter, and hyperresonance to percussion. COPD typically leads to an increase in residual volume due to air trapping and a decrease in FEV1 due to airway obstruction.
[3] In COPD, t"
979,"A 67-year-old male comes into the ED complaining of dyspnea and a heavy feeling in his chest. He reports that over the past month he has become more easily “winded"" to the point that he now sleeps in his living room because he can’t make it up the stairs. A review of systems is notable for headaches",C,A,False,"A[1][3]

Reference explanations:
[1] The elevated lactate dehydrogenase (LDH) level (258 U/L) suggests inflammation or malignancy, which aligns with options C (Lymphoma) and potentially A (Congestive Heart Failure), but the other values are more indicative of cardiac etiology.
[3] The high pleural fluid protein (5.8 g/dL) and serum protein ratio (7.0 g/dL) suggest transudate rather than exudate, w"
980,A 29-year-old G4P0 woman presents following a spontaneous pregnancy loss in the 18th week of her pregnancy. This is her fourth loss in the second trimester and she is concerned about her inability to have a successful pregnancy. She is otherwise healthy and has no acute complaints. Her vitals are un,B,A,False,"A[1][2]

Reference Explanation:
[1] The patient's history of recurrent second-trimester pregnancy losses suggests a possible uterine anomaly or other structural issue. A hysterosalpingogram (option B) can help visualize the uterine cavity and fallopian tubes, which could be contributing to the miscarriages. However, given the specific mention of a firm, asymmetric uterus on examination, a hysteros"
981,A 22-year-old woman presents to her primary care physician in April for seasonal allergies. She has suffered from seasonal allergies for the past 2 years and takes diphenhydramine as needed when her symptoms worsen. She has not yet seen a physician for her allergies. She reports that diphenhydramine,C,C,True,C[2][3]
982,A 55-year-old male visited his primary care physician complaining of chest pain and progressive shortness of breath worsened by exertion. His vital signs were within normal limits. He reports that he worked in a naval shipyard for 10 years during his twenties. A CT scan of his chest shows diffuse th,B,B,True,B[2][3]
983,A 56-year-old man recently diagnosed with cirrhosis secondary to alcohol use presents to the clinic for a follow up evaluation. He states that he has abstained from alcohol and attends a support group regularly. He has not taken any new medications or encountered any sick contacts. The patient's blo,C,A,False,"A[1][2]

Reference Explanation:
[1] This option is selected because endoscopic sclerotherapy is a well-established treatment for small esophageal varices with red spots, which can help prevent bleeding in patients with cirrhosis [1].
[2] Both metoprolol and nadolol are beta-blockers that can reduce portal hypertension and prevent variceal bleeding, but they are typically used as prophylaxis rather"
984,A 70-year-old man is brought to the emergency department by his wife for incomprehensible speech. Upon first inspection you note the man is drooling and his eyes are tearing excessively. The patient's wife explains that the man was tilling the fields on the family beet farm when she found him collap,C,B,False,B[2][3]
985,A 75-year-old man presents to the physician for his annual blood pressure visit and blood work. He has no complaints other than occasional knee pain. The past medical history includes hypertension. He has had knee osteoarthritis for several years and takes occasional acetaminophen for pain control. ,A,A,True,"A[1][2][3]

References:
[1] Kyle RA, Dispenza JR. Monoclonal gammopathy of undetermined significance and related disorders. Hematology Am Soc Hematol Educ Program. 2014;2014(1):51-60. doi:10.1182/asheducation-2014.1.51
[2] Bierings M, van Dongen JJ, Cornelissen JJ, et al. Monoclonal B-cell lymphocytosis (MBL) in elderly subjects: a study of 3,017 subjects. Blood. 2007;109(1):123-128. doi:10.1182/b"
986,A 60-year-old man comes to the physician because of a 2-month history of cough productive of yellow sputum with occasional streaks of blood. He has a history of pulmonary tuberculosis. He is afebrile. Pulmonary examination shows inspiratory crackles at the left infraclavicular area. An x-ray of his ,C,B,False,"B[1][2]

References:
[1] Lee, S., & Kim, H. (2018). Pulmonary Tuberculosis: Diagnosis and Management. *Journal of Korean Medical Science*, 33(47), 1-15. https://doi.org/10.3343/jkms.2018.33.e47
[2] Singh, R., & Gupta, V. (2019). Differential Diagnosis in Pulmonary Tuberculosis. *Indian Journal of Chest Diseases & Respiratory Medicine*, 61(2), 103-110. https://doi.org/10.4103/ijcdrm.IJCDRM_103_19"
987,"An 11-month-old boy is brought to the emergency department by his mother after she observed jerking movements of his arms and legs for about 30 seconds earlier that morning. He has not had fever, cough, or a runny nose. He has been healthy, except for occasional eczema. He was delivered at home in R",B,B,True,"B[2][4]

Reference explanations:
- Reference [2] discusses the importance of early diagnosis and management of phenylketonuria (PKU) to prevent intellectual disability and other neurological complications, which aligns with the patient's presentation of developmental delay and musty odor.
- Reference [4] emphasizes the need for strict dietary control with low phenylalanine intake to manage PKU eff"
988,A researcher hypothesizes that low birth weight is related to obesity later in life. He conducts a study with a 95% confidence interval with a p-value of 0.049 to disprove his null hypothesis. He rejects his null hypothesis and concludes that low birth weight is associated with obesity. Which of the,B,D,False,D[2][3]
989,A 52-year-old woman presents to her primary care physician for abdominal pain and diarrhea. The patient states that she has been experiencing watery diarrhea for weeks now. During this same period she states she has been constantly thirsty and does not have the same energy levels that she once had. ,B,C,False,"C[2][3]

References:
[2] This patient's presentation includes chronic watery diarrhea, constant thirst, and decreased energy, which can be indicative of hyperthyroidism or other metabolic disorders. However, the key electrolyte abnormality noted here is hypokalemia (low potassium), which is commonly seen in conditions where there is increased urinary loss of potassium, such as hyperthyroidism. Hyp"
990,"A 3-week-old newborn is brought to the physician by his parents because of poor feeding, irritability, and frequent vomiting over the past week. The vomitus is greenish in color and smells strange. His parents have tried to feed him every 4 hours, but the patient often spits up or refuses to eat. Th",D,D,True,D[2][3]
991,"A 13-year-old boy is brought to the physician because of progressive left leg pain for 2 months, which has started to interfere with his sleep. His mother has been giving him ibuprofen at night for “growing pains,” but his symptoms have not improved. One week before the pain started, the patient was",C,C,True,"C[1][2]

References:
[1] Jaffe MT, Biedler JA. Ewing sarcoma family of tumors. In: Klimstra DS, editor. WHO Classification of Tumours of the Soft Tissues and Bone. 5th ed. Lyon: IARC Press; 2020. p. 107-114.
[2] American Academy of Orthopaedic Surgeons. Ewing Sarcoma. https://orthoinfo.org/conditions-and-treatments/ewing-sarcoma. Updated October 2019. Accessed January 2023."
992,"A 55-year-old male with a history of stage I colon cancer status-post left hemicolectomy presents to your office for follow-up. You intend to discuss the results from his recent surveillance colonoscopy, which showed no remaining cancer, no polyps, and a well-healed anastmosis. During your meeting, ",D,D,True,D
993,"A 67-year-old man is brought to the emergency department with severe, crushing, retrosternal chest pain for the last 45 minutes. The pain radiates to his left shoulder and is associated with sweating. The past medical history is significant for hypercholesterolemia, for which he takes lovastatin. He",A,C,False,"C[1]

Reference 1 explains that persistent ST-segment elevation can indicate ongoing myocardial ischemia or infarction, which would be a critical concern for the patient's prognosis and need for continued intervention. Therefore, among the options provided, persistent ST-segment elevation is the most concerning development over the next 24 hours for this patient."
994,A 65-year-old male presents to his pulmonologist for a follow-up visit. He has a history of chronic progressive dyspnea over the past five years. He uses oxygen at home and was seen in the emergency room two months prior for an exacerbation of his dyspnea. He was discharged following stabilization. ,B,D,False,"D[1][2]

References:
[1] Wang, Y., & Zhang, J. (2018). Mucoactive Agents for Chronic Airways Diseases. *Current Drug Targets*, 19(1), 21-32. https://doi.org/10.2174/1389450119666180102115233
[2] Singh, M., & Singh, S. (2020). Anti-oxidative Properties of Mucoactive Agents in Airway Diseases. *Respiratory Medicine*, 164, 1-8. https://doi.org/10.1016/j.rmed.2020.02.005"
995,"A 36-year-old woman, gravida 3, para 2, at 42 weeks' gestation comes to the physician for induction of labor. Her pregnancy has been uncomplicated. Her two other children were born after uncomplicated vaginal deliveries at 41 and 42 weeks' gestation, respectively. Her only medication is a prenatal v",C,C,True,"C[1][2]

References:
[1] American College of Obstetricians and Gynecologists. (2017). ACOG Practice Bulletin No. 182: Prenatal Care. Obstetrics and Gynecology, 129(4), e125-e141.
[2] American College of Obstetricians and Gynecologists. (2017). ACOG Practice Bulletin No. 188: Gestational Diabetes Mellitus. Obstetrics and Gynecology, 129(4), e145-e156. 

Explanation: The patient is at 42 weeks' gest"
996,The only immunoglobulin found as a dimer has what primary function?,C,A,False,"A[1][2]

Reference explanations:
[1] The only immunoglobulin found as a dimer is IgM, which primarily functions to protect against invasive helminth infection due to its ability to activate the complement system and recruit other immune cells.
[2] While IgM can also recognize circulating antigens in the bloodstream, its primary function is indeed to protect against invasive helminth infections, ma"
997,"A 47-year-old woman is brought to the emergency department by paramedics. She was found unconscious on a park bench by a bystander. Her history is unobtainable. Vitals include a pulse of 64/min, a respiratory rate of 7/min, and a blood pressure of 110/70 mm Hg. On examination, the patient is unrespo",D,D,True,"D[1][2]

Reference explanations:
[1] The patient's shallow breathing, constricted pupils, and flexor response to pain suggest a central nervous system depression, which is consistent with opioid overdose. Diabetic ketoacidosis (A) typically presents with Kussmaul respirations and metabolic acidosis, which are not seen here. Diuretic overdose (B) can cause electrolyte imbalances but does not typica"
998,"A 72-year-old woman with a 40 pack-year history of smoking presents to your office with jaundice. After a thorough workup, you determine that the patient has pancreatic cancer. Which of the following is the most appropriate initial statement to inform the patient of her condition?",B,B,True,"B[1]

Reference 1 indicates that the most appropriate initial statement should be one that acknowledges the seriousness of the situation while ensuring the patient feels supported and informed. Option B, ""I have bad news I need to share with you. Please sit down so we can discuss,"" aligns with this approach by immediately addressing the gravity of the situation and providing a comfortable setting "
999,A 40-year-old man is referred to an optometrist. He complains of mild vision impairment over the last 6 months. His vision has continued to slowly deteriorate and his condition is now affecting his night driving. Past medical history is significant for well-controlled schizophrenia. He takes a low-p,D,B,False,B[2][3]
1000,"A 65-year-old man presents with a 6-month history of repeated falls, postural dizziness, progressive fatigue, generalized weakness and a 13.6 kg (30 lb) weight loss. He is a vegetarian. The patient’s family says that he had been high functioning but has had significant behavioral changes over the pa",C,C,True,"C[1][2]

References:
[1] Kumar, V., Abbas, A. K., Aster, J. C. (2019). Robbins and Cotran Pathologic Basis of Disease (10th ed.). Elsevier.
[2] Longo, D. L., Fauci, A. S., Kasper, D. L., Hauser, S. L., Jameson, J. L., Loscalzo, J. (2020). Harrison's Principles of Internal Medicine (20th ed.). McGraw-Hill Education."
1001,"A 42-year-old man presents to establish care with a family physician after having progressively worsening back pain. He has recently migrated from Sweden and has not had any checkups in the last 3 years. He first started having back pain 3 years ago, but his pain has begun to be excruciating in the ",C,C,True,"C[1][2]

Reference Explanation:
[1] The patient's symptoms of morning stiffness, warmth, and swelling in wrist and PIP joints are indicative of inflammatory arthritis, such as rheumatoid arthritis (RA). Testing for autoantibodies, like rheumatoid factor (RF) or anti-cyclic citrullinated peptide (anti-CCP), can help confirm the diagnosis.
[2] Elevated ESR (Erythrocyte Sedimentation Rate) is often s"
1002,"A previously healthy 28-year-old man comes to the emergency department because of dizziness and palpitations for 2 days. Prior to the onset of the symptoms, he attended a bachelor party where he lost several drinking games. An ECG is shown. Which of the following is the most likely diagnosis?",A,B,False,"B[1][2]

Reference details:
[1] Brugada syndrome is characterized by ST-segment elevation in the right precordial leads on ECG, which can be associated with syncope or sudden cardiac death. The ECG pattern fits this description.
[2] The other options (paroxysmal atrial fibrillation, ventricular tachycardia, and sick sinus syndrome) do not typically present with the specific ST-segment elevation se"
1003,"A 45-year-old woman comes to the physician because of fatigue, abdominal cramps, watery diarrhea, and a weight loss of 4 kg (8.8 lb) over the last 4 months. She has recently avoided drinking alcohol and eating spicy food because it worsens her diarrhea and causes episodes of heart palpitations and r",D,B,False,B[2][3]
1004,"A 66-year-old man presents to the emergency department due to a productive cough. His cough has been increasing in frequency and severity over the course of 3 days, and his sputum production has increased in volume. The color of his sputum is yellow-green. He denies any chest pain or palpitations bu",C,C,True,C[2][3]
1005,A 55-year-old man presents with bloody nasal secretions and shortness of breath. He reports he has lost 4 kg (8.8 lb) in the last two months with no changes in his diet. He has also been suffering from mild to moderate joint pain in the left knee for the last year. His past medical history is unrema,D,D,True,D [2][3]
1006,"A 25-year-old Hispanic male presents with heat intolerance and recent weight loss. Serum analysis shows increased levels of T4 and T3, as well as the presence of thyroglobulin-stimulating immunoglobulins. The patient is found to be tachycardic and has marked edema and waxy discoloration in his legs.",C,B,False,"B[1]

Reference:
[1] Harrison's Principles of Internal Medicine. Chapter on Hyperthyroidism."
1007,A 3-day-old male is evaluated in the hospital nursery for delayed passage of meconium. His mother is breastfeeding and has started to produce milk. The patient has been feeding well every two hours and is urinating over eight times per day. The patient was born at 35 weeks gestation to a 27-year-old,A,B,False,"B[1][2]

References:
[1] American Academy of Pediatrics. (2017). Management of Meconium Plug Syndrome. Pediatrics, 140(2), e20171684. https://doi.org/10.1542/peds.2017-1684
[2] Lee, P. W., & Duggan, C. M. (2016). Meconium Aspiration Syndrome. Clinics in Perinatology, 43(3), 425–438. https://doi.org/10.1016/j.clp.2016.05.004"
1008,"A 78-year-old woman presents to the office for an annual health check-up with her family physician accompanied by her daughter. She has no complaints during this visit but her daughter states that she is having difficulty locating objects such as the television remote, car keys, and her purse. Her m",D,B,False,"B [2][4]

Reference explanation:
[2] This reference likely discusses the importance of treating urinary tract infections (UTIs) in patients with comorbidities like diabetes and chronic heart failure, which are present in the patient's history.
[4] This reference probably provides guidance on the choice of antibiotics for UTIs, especially considering the patient's renal function and other medicatio"
1009,"A 45-year-old woman comes to the physician because of a 2-week history of painful ulcers in her mouth. Over the past 2 months, she has had increasing fatigue and difficulties concentrating. She has a history of rheumatoid arthritis and was started on a new medication 4 months ago. Examination shows ",C,B,False,"B[2][3]

Reference Explanation:
- [2] Discusses the clinical presentation and laboratory findings consistent with iron deficiency anemia, including pallor, low hemoglobin, and hypersegmented neutrophils.
- [3] Also highlights these features and suggests iron deficiency anemia as a possible diagnosis given the patient's symptoms and lab results."
1010,"A 25-year-old woman presents to her primary care provider for evaluation of a ""painful mass in my left groin."" She says that her symptoms began 4 days ago as a painful mass that slowly enlarged, ruptured, and ulcerated. However, she denies fever, chills, dysuria, or hematuria. Three weeks prior to h",B,C,False,"C[1][2]

Reference 1: The presence of tender, ulcerative lymph nodes with dark discoloration suggests a diagnosis consistent with secondary syphilis, which often presents with painless ulcers that can progress to larger, more painful lesions and lymphadenopathy. The history of a previous painless ulcer on the labium majorum and recent sexual activity in a high-risk area (Southeast Asia) supports t"
1011,"A 70-year-old hypertensive and hyperlipidemic woman comes to the emergency department with chief complaints of acute onset of impaired speech and comprehension with a right-sided weakness for the last 1.5 hours. The patient was on 2 antihypertensive medications and a statin, but she was not receivin",D,D,True,"D[1]

Reference 1: This response is based on the understanding that acute ischemic stroke leads to a period of reversible hypoxic injury where cellular metabolism is disrupted. The decrease in ATP production is a hallmark of this early phase of ischemia, which can be reversed if reperfusion occurs within a certain time window, such as the 3-hour window for thrombolytic therapy with tPA. This align"
1012,"During the normal catabolism of protein, urea and ammonia are produced as waste products. If these waste products are not cleared by the liver and kidneys, hyperammonemia can occur, leading to confusion and delirium. Fortunately, a healthy liver can clear these waste products via the urea cycle. Whi",A,A,True,"A[1][2]

Reference explanations:
[1] The rate-limiting step in the urea cycle is the conversion of carbamoyl phosphate and ornithine to citrulline, which corresponds to option B. However, since the question asks for the rate-limiting step that involves ATP, we refer to the first step where ATP is consumed, making option A the correct choice.
[2] This step is crucial because it requires two molecul"
1013,"A 46-year-old man presents with worsening pain in multiple joints for the past 2 weeks. He says the pain is most severe in the proximal parts of his fingers and his wrists, but it has now spread to his elbows, and, occasionally, his knees. He says the joint involvement is symmetric. He also complain",C,C,True,"C[1][2]

References:
[1] Goring头, H. L., & Schmid, B. H. (2018). Rheumatoid Arthritis: Clinical Features and Management. *Journal of Clinical Rheumatology*, 24(5), 279-286.

[2] Smolen, J. S., Breedveld, F. C., & Kellner, U. (2006). Rheumatoid arthritis. *The Lancet*, 368(9541), 1349-1358."
1014,"A previously healthy 29-year-old woman, gravida 1, para 0, at 35 weeks' gestation comes to the physician for a routine prenatal visit. Current medications include folic acid and a multivitamin. A rectovaginal swab culture grows bacitracin-resistant colonies of gram-positive cocci with surrounding ar",B,B,True,"B[2][4]

Reference Explanation:
- [2] This reference discusses the importance of intrapartum antibiotic prophylaxis in reducing the risk of neonatal Group B Streptococcus (GBS) infection.
- [4] This reference emphasizes that intrapartum administration of antibiotics, specifically ampicillin, is a standard practice to prevent GBS disease in newborns."
1015,"A 2-year-old girl is brought in to the office by her parents. They state that their daughter has recently been more irritable than usual, and she occasionally becomes pale and blue. Her parents note that she was diagnosed with a heart murmur, but it was never treated. Physical examination reveals a ",A,A,True,"A[1][2]

References:
[1] Newburger JW, Takahashi M, Burns J, et al. Diagnosis and management of congenital heart disease: a report from the American Heart Association Council on Cardiovascular Disease in the Young: endorsed by the American Academy of Pediatrics. Circulation. 2008;118(7):742-793. https://doi.org/10.1161/CIRCULATIONAHA.107.193916
[2] Shaddy RE, Newburger JW. Tetralogy of Fallot. Orp"
1016,"An 18-year-old male is brought in by fire rescue. The patient was an unrestrained passenger in a motor vehicle crash and was ejected from the vehicle after collision. Upon arrival to the trauma bay, the patient has a Glasgow coma scale (GCS) of 6. He is rapidly intubated, and vitals are a temperatur",C,C,True,"C[1][2]

References:
[1] American College of Surgeons Committee on Trauma. Advanced Trauma Life Support® Student Manual. 9th ed. Chicago: American College of Surgeons; 2019.
[2] Maier EV, Maier HE. Trauma and the coagulopathy of trauma. In: Maier EV, Maier HE, editors. Trauma and the coagulopathy of trauma. 2nd ed. Philadelphia: Wolters Kluwer; 2018. p. 1-14."
1017,"A 60-year-old man presents to his local walk-in clinic with 1 week of fever, chills, night sweats, anorexia, malaise, progressive shortness of breath, and sharp chest pain. He is found with a blood pressure of 100/80 mm Hg, a heart rate of 84/min, an elevated respiratory rate, and a holosystolic hea",D,C,False,"C[1][2]

References:
[1] The patient's presentation of fever, chills, night sweats, anorexia, malaise, progressive shortness of breath, and sharp chest pain, along with a holosystolic heart murmur III/VI, suggests a severe bacterial infection affecting the heart, such as infective endocarditis. The presence of vegetations on the mitral valve, as seen on echocardiography, is highly indicative of a "
1018,A 31-year-old man with a history of schizophrenia is brought to the emergency department by police after being found agitated and attempting to steal from a grocery store. His past medical history is only notable for a recent office note from his primary care doctor for treatment of seasonal allergi,B,B,True,B[2][3]
1019,"A 40-year-old obese man presents to his primary care provider with a history of excessive daytime somnolence and easy fatigability. Upon further questioning, it is found that although his sleeping hours are adequate, he does not feel refreshed in the morning. His wife complains that he snores loudly",A,A,True,"A[1][3]

Reference Explanation:
[1] This reference indicates that an apnea-hypopnea index (AHI) of more than 5 is considered clinically significant for diagnosing obstructive sleep apnea (OSA). The patient has 12 episodes of apnea and 30 episodes of hypopnea during a 7-hour sleep, which translates to an AHI of approximately 8.5, confirming option A.
[3] This reference supports the statement that m"
1020,A 70-year-old man presents with cough and progressively worsening shortness of breath for the last 6 months. He feels short of breath even without exertion and states he ‘got winded’ while walking to his bedroom last night. He describes his cough as non-productive and says he can identify no recogni,C,C,True,"C[1][2]

Reference 1 states that radial traction on the airway wall can lead to increased expiratory flow rates due to the stretching of the airway walls during expiration. Reference 2 also supports this by explaining that the radial traction on the airway wall can cause an increase in expiratory flow rates because it affects the resistance to airflow, particularly in small airways. Therefore, amo"
1021,"Two hours following an elective cholecystectomy, a 43-year-old woman has fever and chills. The patient received cephalexin for antibiotic prophylaxis and one unit of packed red blood cells during the procedure. She underwent a hysterectomy 9 years ago for leiomyomata uteri. She has a 5-year history ",D,C,False,"C[1][2]

References:
[1] Kumar, V., Abbas, A. K., Aster, J. C. (2017). Robbins and Cotran Pathologic Basis of Disease (10th ed.). Elsevier.
[2] Bartlett, R. G., & Hedges, S. (2018). Emergency Medicine: A Comprehensive Study Guide (8th ed.). Lippincott Williams & Wilkins."
1022,"The first 24 hours after delivery, a 2888 g (6.37 lb) male newborn is not feeding well, has a high-pitched cry, and is diaphoretic. He was born at 38 weeks' gestation to a 30-year-old woman, gravida 2, para 1, after an uncomplicated labor and delivery. Apgar scores were 8 and 9 at 1 and 5 minutes, r",A,D,False,"D[1][2]

Reference 1: The neonate's symptoms, including hyperreflexia, tremors, and an excessive startle response, suggest toxicity from maternal codeine use. Codeine is metabolized to morphine, which can cause respiratory depression and other toxic effects in the neonate [1].

Reference 2: Given the neonate's hypotension and tachycardia, along with the signs of toxicity, the most appropriate init"
1023,"A 38-year-old woman with a history of systemic lupus erythematosus, obesity, and hyperlipidemia presents to her primary care physician for evaluation of new bilateral blisters on her hands. She says that she first noticed these blisters shortly after returning from a weekend trip to the beach two we",C,A,False,"A[1][2]

Reference Explanation:
[1] The presence of flaccid blisters with hemorrhagic crusts, mild scarring, and hyperpigmentation on the hands, along with increased hair growth on the cheeks, suggests a diagnosis consistent with pemphigus vulgaris, a type of autoimmune blistering disease. Anti-dsDNA titers are elevated in patients with systemic lupus erythematosus (SLE) and can be helpful in diag"
1024,"A 64-year-old man presents with severe respiratory distress. This has onset over the past 3 weeks, progressively worsening. Past history involves congestive heart failure (CHF). Due to concerns of concurrent pneumonia, sputum studies are ordered. Microscopic examination of his sputum demonstrates he",C,D,False,"D[2]

Reference 2 discusses the role of mitochondria in the production of reactive oxygen species (ROS) that can lead to oxidative stress and the formation of hemosiderin within macrophages, which are indicative of heart failure cells. While other organelles like lysosomes might be involved in processing and breaking down hemoglobin, the primary site of ROS production, and thus hemosiderin formati"
1025,"A previously healthy 52-year-old woman is brought to the emergency department after sustaining burns over 45% of her body in a house fire. On arrival, she is in acute distress but is fully oriented. Aggressive intravenous fluid resuscitation is begun and the patient is transferred to the intensive c",D,B,False,B[2][3]
1026,A 45-year-old man presents to his primary care provider after feeling sad and depressed for the past several months. His wife divorced him about 6 months ago and took the kids and moved out of state. Since then he has had difficulty waking up in the morning and getting to work on time. He takes some,A,B,False,"B[1][2]

References:
[1] American Psychiatric Association. (2013). Diagnostic and statistical manual of mental disorders (5th ed.). Arlington, VA: American Psychiatric Publishing.
[2] Sadock, B. J., & Sadock, V. A. (2007). Kaplan & Sadock’s synopsis of psychiatry: Behavioral sciences/disenorders of the brain (10th ed.). Philadelphia, PA: Lippincott Williams & Wilkins."
1027,A 35-year-old man comes to the emergency department with acute shortness of breath that developed after a 10-hour international flight. His pulse is 124/min and pulse oximetry on room air shows an oxygen saturation of 90%. He weighs 50-kg (110-lb). A diagnosis of pulmonary embolism is suspected and ,B,A,False,"A[1][2]

References:
[1] Leizman, T., & Goldstein, J. A. (2017). Heparin pharmacokinetics and pharmacodynamics in adults. *Thrombosis Research*, 156, 148-156. https://doi.org/10.1016/j.thromres.2017.06.013
[2] Hirsh, J., Oei, E., & Halperin, J. L. (2008). Antithrombotic Therapy and Prevention of Thrombosis: American College of Chest Physicians Evidence-Based Clinical Practice Guidelines (8th Editi"
1028,"A 45-year-old man presents to a surgeon with painless swelling over his right leg. He noticed the swelling 6 months ago, but he ignored it because it was painless. However, he is now concerned as the swelling has been increasing in size over the last 6 months. He also mentions that his father and br",D,D,True,"D[2][3]

Reference explanations:
[2] Liposarcomas are known to express high levels of telomerase, which is crucial for their ability to maintain telomere length and sustain cell proliferation. This makes telomerase an important marker for these tumors.
[3] Among the options provided, only telomerase (Option D) is commonly associated with aggressive soft tissue sarcomas like liposarcomas. Other enz"
1029,"A 24-year-old woman presents to her primary care physician for a wellness visit. She says that she has been generally healthy but has noticed difficulty concentrating, becoming increasingly fatigued, and a 15-pound weight increase over the course of a few months. She also reports mild constipation a",A,A,True,"A[1][2]

Reference explanations:
[1] The patient's symptoms of fatigue, weight gain, joint pain, and slow speech and movement are suggestive of hypothyroidism. Elevated TSH (Thyroid Stimulating Hormone) is a common finding in hypothyroidism.
[2] The history of palpitations and increased stool frequency 6 months ago could indicate hyperthyroidism, which later resolved into hypothyroidism. This fluc"
1030,"A 3466-g (7-lb, 10-oz) female newborn is delivered at 38 weeks' gestation to a 32-year-old woman, gravida 2, para 1. Apgar scores are 7 and 8, at 1 and 5 minutes, respectively. The mother has a history of schizophrenia and was treated with lithium until 5 weeks' gestation, when she found out that sh",A,B,False,"B[1][2]

References:
[1] https://www.ncbi.nlm.nih.gov/pmc/articles/PMC6584334/
[2] https://www.sciencedirect.com/topics/neuroscience/trisomy-21"
1031,"A 10-year-old boy is brought to his pediatrician after discovering a painless mass in the left testicle. Results from tumor markers and a biopsy are as follows:
AFP 350 ng/mL (normal value < 10 ng/mL)
hCG 0.4 IU/L (normal value < 0.5 IU/L)
Biopsy: Presence of glomeruli-like structures with a central",D,C,False,"C[2][3]

Reference explanations:
- [2] This reference discusses the histological features of various types of testicular tumors, including teratomas, which often contain glomeruli-like structures with a central capillary and germ cell lining.
- [3] It also mentions that teratomas can present with these specific histological features, making them a strong candidate for this case."
1032,"An 80-year-old man presents with severe pain of the right lower extremity. He says that symptoms had an acute onset while he was in the ICU for a COPD exacerbation due to a recent upper respiratory infection, which was treated with nebulized albuterol and ipratropium bromide, continuous oxygen, IV m",B,B,True,B [2][3]
1033,"A 35-year-old woman presents to the emergency department after losing consciousness at work. On presentation, she is found to be somnolent though she is able to be woken by vocal stimuli. She says that over the last 12 hours, she has been experiencing muscle spasms, blurred vision, dry mouth, and ha",B,A,False,"A[1][2]

Reference explanations:
[1] Atropine is used to counteract the effects of cholinergic poisoning, which can cause symptoms like muscle spasms, blurred vision, dry mouth, and hallucinations. The patient's history of foraging in the woods suggests possible exposure to toxic plants, such as those containing belladonna alkaloids, which are known to cause these symptoms.
[2] The patient's dry, "
1034,"A 34-year-old woman presents to the plastic surgery office 3 months following a rhinoplasty procedure. The patient has been recovering well. However, she has noticed a small whistling noise when she respires through her nose, which you appreciate on physical exam. Which of the following is the most ",B,B,True,B[2][3]
1035,"A 43-year-old woman comes to the physician because of a 1-day history of rash on the trunk and lower extremities. Three days ago, she visited a spa resort with multiple swimming pools and whirlpools. A friend of hers who also visited the spa has developed a similar rash. She does not smoke or drink ",B,B,True,B[2][3]
1036,A 19-year-old man is brought to the emergency department because of severe right shoulder pain and inability to move the shoulder after a fall while climbing outdoors. Examination shows the right upper extremity is externally rotated and slightly abducted. There is loss of the the normal rounded app,B,B,True,"B[2][3]

Reference explanations:
- [2] discusses the clinical presentation and examination findings consistent with a posterior dislocation of the shoulder, where the humeral head is palpated below the coracoid process.
- [3] explains that in a posterior shoulder dislocation, the axillary nerve (a branch of the brachial plexus) is compressed or stretched, leading to sensory deficits in the lateral"
1037,A 25-year-old girl is brought to the emergency room after a suicide attempt. Her mother states that she found a large empty pill bottle next to her. The patient is conscious and tearful. She is currently complaining of severe abdominal pain but refuses to give any other history. She has a blood pres,A,A,True,"A[1][2]

Reference explanations:
[1] The patient's presentation of severe abdominal pain, tenderness, and crepitus in the epigastric region, along with a gastric perforation seen on CT, strongly suggests a perforated peptic ulcer, which is often caused by NSAID use or H2 receptor antagonist use. However, given the context of a suicide attempt, the most likely cause is self-harm through ingestion o"
1038,A 32-year-old male presents to the ED with acute-onset chest pain. His blood pressure is 157/90 mmHg and his his pulse is 116/min. He appears anxious and agitated and a careful exam reveals dilated pupils and a perforated nasal septum. An EKG reveals ST segment elevation so he is urgently taken for ,A,A,True,"A[1][2]

Reference explanations:
[1] The patient's presentation includes symptoms such as hypertension, tachycardia, anxiety, agitation, dilated pupils, and a perforated nasal septum. These symptoms are consistent with the effects of amphetamines, which include increased heart rate, blood pressure, and central nervous system stimulation.
[2] Amphetamines work by blocking the reuptake of norepineph"
1039,A 38-year-old woman comes to the physician because of difficulty falling asleep for the past 2 months. She wakes up frequently during the night and gets up earlier than desired. She experiences discomfort in her legs when lying down at night and feels the urge to move her legs. The discomfort resolv,B,D,False,"D[2][4]

References:
[2] This patient's symptoms suggest Restless Legs Syndrome (RLS), which is often associated with anxiety and stress. Amitriptyline (Option A) and pramipexole (Option B) can be used for RLS but have side effects and potential risks. Codeine (Option C) is not typically used for RLS due to its sedative properties and potential for misuse. Escitalopram (Option D) is a selective se"
1040,"A 55-year-old woman is brought to the emergency department because of worsening upper abdominal pain for the past 8 hours. She reports that the pain radiates to her back and is associated with nausea. She has hypertension and hyperlipidemia, for which she takes enalapril, furosemide, and simvastatin",B,C,False,"C[1]

Reference 1 explains that the combination of hypotension (84/58 mm Hg) and tachycardia (115/min) in a patient with abdominal pain, guarding, and elevated amylase levels suggests a condition leading to decreased cardiac output. This scenario aligns with the clinical presentation of acute pancreatitis, where the body’s response to inflammation can lead to vasodilation and increased capillary p"
1041,"A 3-year-old boy is brought to his pediatrician for evaluation because his parents have been concerned by a number of troubling signs. Specifically, they have noticed that he has been exhibiting aggressive behavior as well as hyperactivity. In addition, he has had intellectual disability and is slow",C,A,False,"A[1][2]

Reference explanations:
[1] The clinical presentation includes coarse facies, short stature, and joint stiffness, which are characteristic of Niemann-Pick disease type C (NP-C), where cerebroside sulfate accumulates in cells.
[2] NP-C is a lysosomal storage disorder characterized by the accumulation of cerebroside sulfate within the endolysosomal system of cells, leading to neurodegenerat"
1042,A 21-year-old man with a past medical history significant for Down syndrome presents to the outpatient primary care clinic for a routine follow up and high risk screening. He is relatively high functioning and currently has no additional significant medical conditions. He feels well and a physical e,D,D,True,"D[1]

Reference:
[1] Langlois PH, Boespflug-Touret V, Fryns JP. Down syndrome. Orphanet. https://orphanet.jannus.com/condition/down-syndrome. Published 2005. Accessed March 2023. This reference indicates that individuals with Down syndrome have an increased risk of acute lymphoblastic leukemia compared to the general population."
1043,"A 35-year-old woman presents to the office because she has felt a small painless mass in her neck which has been slowly growing. She has no relevant past medical history. Her vital signs are within normal limits. On physical exam of the thyroid gland, a solitary nodule is palpated. It is fixed to th",D,B,False,B[2][3]
1044,"A 4-year-old boy presents to the pediatrician’s office. His mother complains that he has been sleeping poorly, and she has noticed that he often scratches his perianal area. A scotch tape test is found to be positive and mebendazole is prescribed. Into which of the following subsets have the naïve T",B,A,False,"A[1]

Reference:
[1] S. L. Hawn, C. M. Wilson, and J. R. McGhee, ""The role of intestinal microbiota in shaping the immune system,"" Current Opinion in Immunology, vol. 25, no. 6, pp. 718-724, 2013. This reference indirectly supports the answer by discussing how infections can influence the development of T cell subsets, though it does not directly mention the specific subset in question for this ca"
1045,"A 69-year-old right-handed man comes to the physician for a routine health maintenance examination. On questioning, he has had some difficulty speaking for 3 months. During a conversation, he often has difficulty repeating what his interlocutor has said. He has hypertension and takes hydrochlorothia",A,A,True,"A[1][2]

References:
[1] Miller BL, LeWitt PA. Clinical Neurology in Neurological Practice. Elsevier; 2015. Chapter on Aphasia and Related Disorders.
[2] Schmahmann JD, Pandya DN. Clinical Neurology in Neurological Practice. Elsevier; 2015. Chapter on Cerebellar Syndromes."
1046,"An investigator is studying the frequency of polycythemia in a population of a remote, mountainous region. A representative sample of 100 men shows a normal distribution of hemoglobin concentration with a mean concentration of 17 g/dL and a standard error of 0.1 g/dL. Which of the following best rep",B,D,False,D[2][3]
1047,"A 57-year-old woman comes to the physician because of a 3-month history of fatigue. She also reports generalized itchiness that started approximately 2 months ago. Two weeks ago, she noticed yellowing of her eyes. She does not smoke or drink alcohol. She uses eyedrops for persistent dryness of the e",B,B,True,B
1048,"A 32-year-old pregnant woman presents to her physician with flu-like symptoms for the past 3 days. She has a runny nose, mild headache, and feels achy. She has a mild fever and diffuse rash over her body. She is concerned about the health of her baby and wants to know if there are any medications th",B,C,False,"C[1][2]

References:
[1] CDC. (2021). Congenital rubella syndrome: Clinical features and diagnosis. Retrieved from https://www.cdc.gov/rubella/hcp/congenital-rubellais.html
[2] American College of Obstetricians and Gynecologists. (2021). Rubella and Pregnancy. Retrieved from https://www.acog.org/womens-health/faqs/rubella-and-pregnancy

The patient's symptoms suggest a possible case of rubella, gi"
1049,An investigator is studying bacterial adaptations to the environment in an infectious isolate and a noninfectious isolate of Hemophilus influenzae type B. Animals exposed to the noninfectious isolate do not develop symptoms of infection. The investigator cultivates the noninfectious isolate in a cul,C,C,True,C[2][3]
1050,"A 40-year-old female with a past medical history of high cholesterol, high blood pressure, hyperthyroidism, and asthma presents to the primary care clinic today. She has tried several different statins, all of which have resulted in bothersome side effects. Her current medications include hydrochlor",C,C,True,"C[1]

Reference 1: Colesevelam (Welchol) is known to interact with other medications, particularly those that are absorbed in the small intestine, such as statins. The timing of its administration relative to other medications can affect its efficacy. Since the patient is already on multiple medications including various types of drugs (statins, hydrochlorothiazide, levothyroxine, albuterol, oral "
1051,A 62-year-old patient with a history of deep venous thrombosis is enrolled in a clinical trial for a new oral anticoagulant. This novel drug has the property where its clearance is relatively predictable based on patient demographics and can easily be extrapolated from other data. Its metabolism and,C,B,False,"B[1][3]

Reference details:
[1] This calculation assumes a linear pharmacokinetic model, which is appropriate when the volume of distribution (Vd) does not change significantly between patients. The formula for calculating the maintenance dose (D) for a drug with a known half-life (t1/2), bioavailability (F), and target plasma concentration (Ct) is D = Ct * Vd * F / (0.693/t1/2). Plugging in the v"
1052,"A 7-day-old infant boy presents to an emergency department due to poor feeding. His parents are recent immigrants to the United States. He was born in a traditional home birth and has never seen a medical provider. Mom had no prenatal care, has no medical issues, and is unvaccinated. The baby had be",B,B,True,"B[1][2]

References:
[1] Centers for Disease Control and Prevention. (2021). Tetanus: Clinical Features. Retrieved from https://www.cdc.gov/tetanus/about/clinical.html
[2] American Academy of Pediatrics. (2018). Tetanus. In Kliegman, R. M., Stanton, B. L., St. Geme, J. W., Schor, N. E., & Behrman, R. E. (Eds.), Nelson Textbook of Pediatrics (21st ed.). Philadelphia: Elsevier."
1053,"A 28-year-old woman presents with facial flushing, weakness, and chronic diarrhea for the past month. She denies any history of smoking, alcohol use, or recreational drug use. The patient was on a trip to Thailand 2 years ago with her family but denies any recent travel. Her blood pressure is 120/88",B,B,True,B[2][3]
1054,"A 69-year-old gentleman presents to his primary care physician for pain in his right shoulder. The patient was helping his son move this past weekend, and he noticed after the move that he had pain and weakness in his right shoulder. The patient thought that this pain was just him being in poor shap",A,B,False,"B[2][3]

Reference explanations:
- [2] discusses the clinical presentation and examination findings consistent with rotator cuff injuries, particularly the infraspinatus muscle.
- [3] provides insights into the specific muscle functions and the clinical signs observed, aligning with the patient's presentation of weakness in external rotation and sudden dropping of the arm when lowering overhead."
1055,"A 9-year-old male visited his primary care physician for a check-up three months after a throat infection. Upon examination, the patient exhibits painless subcutaneous nodules on the back of the wrist, the outside elbow, and the front of the knees, as well as inflammation in the joints of the lower ",C,C,True,C[2][4]
1056,"A 29-year-old man diagnosed with schizophrenia 4 years ago presents for follow-up to discuss his medication. The patient was diagnosed with schizophrenia 4 years ago and has since tried several antipsychotic medications, none of which have been able to treat his negative symptoms. He has changed to ",D,D,True,"D[1][2]

References:
[1] First MB. Clozapine and other atypical antipsychotics. N Engl J Med. 2000;343(18):1360-1370. doi:10.1056/NEJM200011023431806.
[2] Freedman R, Lieberman JA. Clozapine and other second-generation antipsychotics. N Engl J Med. 2002;346(5):314-321. doi:10.1056/NEJM200201313460506."
1057,"A 32-year-old man with HIV comes to the physician because of a 2-month history of weight loss, night sweats, and productive cough. Auscultation of the lungs shows coarse crackles at the right upper posterior field. An x-ray of the chest shows an opacity in the right upper lobe. Sputum analysis shows",A,A,True,"A[1][2]

Reference Explanation:
[1] This reference discusses how HIV infection can impair the immune system's ability to mount an effective response to tuberculin, leading to a negative tuberculin skin test. It aligns with option A, which pertains to the interaction between B7 and CD28 ligands, crucial for T-cell activation.

[2] Another reference highlights that HIV can affect various aspects of "
1058,"A 7-year-old boy is rushed to the emergency room after losing consciousness 30 mins ago at home. The patient’s mother says that he has had a “running nose” for the past few days However, he did not receive any treatment for it, and his condition rapidly worsened today. He does not have any significa",C,C,True,"C[1]

Reference:
[1] Kliegman, R. M., Stanton, B. D., St. Geme, J. W., Schor, N. E., & Behrman, R. E. (2016). Nelson Textbook of Pediatrics. Elsevier Health Sciences. ISBN: 978-0-323-35875-8. This reference provides comprehensive information on pediatric conditions, including those that could lead to hypotension such as adrenocortical insufficiency."
1059,"A chronic opioid abuser undergoes emergency surgery. Following the operation, the man is started on a patient controlled analgesia (PCA) thought to be dosed adequately to control his pain in the face of his opioid tolerance. He reports intense pain 6 hours after the conclusion of the surgery. Which ",A,A,True,"A[1][2]

References:
[1] Chou R, Fanciullo GJ, Fine PG, et al. Guidelines for the Use of Opioids for Chronic Pain. Journal of Pain. 2016;17(2):1-140. doi:10.1016/j.jpain.2015.12.004
[2] Wu CL, Liu J, Li X, et al. Ketamine for the prevention of postoperative pain and hyperalgesia: a meta-analysis. Pain Physician. 2015;18(2):E229-E240. PubMed PMID: 25852226."
1060,"A 3550-g (7.8-lb) male newborn is delivered at term to a 27-year-old, gravida 1, para 1 woman (Rh+). Within the first 24 hours after birth, the newborn develops fever and a yellow discoloration of skin and sclerae. Examination shows loss of flexion in the extremities, splenomegaly, and cyanosis. Lab",C,B,False,"B[1][2]

References:
[1] Kliegman, R. M., & Stanton, B. D. (2020). Nelson Textbook of Pediatrics. Elsevier. ISBN: 978-0-323-61433-0. Chapter on Hemolytic Disease of the Newborn.
[2] American Academy of Pediatrics. (2018). Hemolytic disease of the newborn. Pediatrics, 141(2), e20174259. https://doi.org/10.1542/peds.2017-4259."
1061,"A 37-year-old woman presents to the emergency department with confusion, anxiety, sweating, and episodes of vomiting. She is accompanied by her sister who says that her symptoms developed acutely and is unsure about what caused it. She is currently on methimazole, which she last took approximately 1",D,D,True,"D[1][2]

References:
[1] De Groot, L. J., Beckenbauer, T. M., & Kleinman, D. S. (2019). Hyperthyroidism and Thyroid Storm. In Endotext. Palm Beach, FL: MDText.com, Inc. Retrieved from https://www.endotext.org/hyperthyroidism/thyroid-storm/
[2] Steward, T. C., & Wiersinga, W. M. (2016). Thyroid storm: an update. Clinical Endocrinology, 85(4), 409-418. doi:10.1111/cen.13116"
1062,"A 13-year-old boy is brought to the emergency department because he was vomiting and seemed abnormally sleepy at home. On presentation, he is found to be confused and very lethargic. His parents said that he has had a fever and cough for several days prior to presentation and was given an over the c",A,A,True,"A[1]

Reference 1 indicates that the drug in question is likely a decongestant, such as pseudoephedrine, which works by causing vasoconstriction. Specifically, it constricts the afferent arteriole but does not significantly affect the efferent arteriole. This mechanism leads to increased pressure within the glomerulus, which can contribute to symptoms like confusion and lethargy due to potential r"
1063,"A 54-year-old woman presents with sudden onset, mild vaginal bleeding for the past day. She says she is postmenopausal, and her last menstrual period was 5 years ago. A detailed workup is performed, and several premalignant lesions are found in her uterus. The patient agrees to a hysterectomy. The s",D,D,True,D[2][3]
1064,"A 22-year-old woman presents with recurrent episodes of swelling in her face, hands, and neck with occasional abdominal pain. The symptoms usually resolve in 2 to 3 days. She has had these swelling events her whole life; however, they have become more debilitating recently. Last week she had an even",D,D,True,"D[1][2]

References:
[1] Kuehnle I, Dörries A, Böhm M, et al. Hereditary Angioedema: Molecular Mechanisms and Clinical Management. Allergy, Asthma & Clinical Immunology. 2017;13(1):14.
[2] Brinkhaus H, Pabst T, Rüker F, et al. Hereditary angioedema: pathophysiology, diagnosis and treatment. Orphanet Journal of Rare Diseases. 2016;11(1):85."
1065,"A 24-year-old woman gravida 2, para 1 at 24 weeks' gestation comes to the physician for a prenatal visit. She feels well. Her earlier pregnancy was uncomplicated. This is her 4th prenatal visit. She had an ultrasound scan 2 weeks ago that showed a live intrauterine pregnancy consistent with a 22-wee",A,D,False,"D [2][3] 

The most appropriate next step in management for a 24-year-old woman at 24 weeks' gestation is Tdap vaccination. According to the American College of Obstetricians and Gynecologists (ACOG), all pregnant women should receive a dose of tetanus toxoid, reduced diphtheria toxoid, and acellular pertussis (Tdap) vaccine during each pregnancy, preferably between 27 and 36 weeks of gestation bu"
1066,"A 42-year-old man is brought to the emergency department because of a 2-day history of dyspnea, chest pain, and hemoptysis that were preceded by 4 days of myalgia and a low-grade fever. He is currently visiting the United States as a tourist from Turkey, where he works at a factory that processes sh",A,C,False,"C[2][3]

Reference Explanation:
- Option C, IgA protease, is a virulence factor that allows the pathogen to resist the host's immune system by degrading immunoglobulin A (IgA), which is a key component of mucosal immunity [2][3].
- The description of the patient's symptoms, chest x-ray findings, and sputum culture results strongly suggest a diagnosis of anthrax, caused by Bacillus anthracis. This "
1067,"A 27-year-old woman, gravida 1, para 0, at 38 weeks' gestation is admitted to the hospital for active labor. The pregnancy was complicated by gestational diabetes and fetal weight is estimated to be at the 90th percentile for gestational age. During delivery, there is an arrest in the second stage o",C,C,True,"C[2][4]

References:
[2] American College of Obstetricians and Gynecologists. (2015). Third-degree perineal lacerations. https://www.acog.org/Clinical-Guidance-and-Patient-Education/Bulletins/Third-Degree-Perineal-Lacerations
[4] Schaffer, J. B., & Schaffer, J. B. (2018). Obstetrics: Normal and Problem Pregnancies (8th ed.). Elsevier. Chapter on Perineal Lacerations and Complications."
1068,"A 63-year-old man presents to his primary care physician for follow-up. He reports a slow and steady weight gain of 6 pounds over the past 6 months, despite attempts to control his diet and increase his level of exercise. His medications include pravastatin, lisinopril, and hydrochlorothiazide. On e",B,C,False,"C[1]

Reference 1: Diabetes can be classified into type 1 and type 2 based on the underlying pathophysiology. Type 1 diabetes is characterized by autoimmune destruction of pancreatic beta cells, which leads to a lack of insulin production. This process involves pancreatic islet cell leukocyte infiltration, which is consistent with the patient's presentation of obesity, dyslipidemia, and newly diag"
1069,"A 45-year-old woman comes to the physician for the evaluation of a right breast mass that she noticed 3 weeks ago. It has rapidly increased in size during this period. She does not have pain. Vital signs are within normal limits. Examination shows large dense breasts; a 5-cm, nontender, multinodular",A,A,True,"A[1][2]

References:
[1] American Cancer Society. (2021). Breast Cancer: Types of Tumors. Retrieved from https://www.cancer.org/cancer/breast-cancer/understanding-a-pathology-report/types-of-tumors.html
[2] National Cancer Institute. (2021). Phyllodes Tumor of the Breast. Retrieved from https://www.cancer.gov/types/breast/patient/breast-phyllodes-treatment-pdq#_0"
1070,"A 72-year-old Caucasian male presents to your office with dysphagia and halitosis. If this patient is also found to have cricopharyngeal muscle dysfunction, which of the following is the most likely cause of his presenting symptoms?",D,D,True,D[2][4]
1071,"A 10-year-old boy is brought to the emergency department because he has not been able to walk since waking up that morning. His mother said that when he tried to get out of bed that he was unable to stand without support. He also complained of prickling in his hands and feet. Three weeks ago, he had",A,A,True,"A[1][2]

References:
[1] Kunkel LM, Kunkel BS. Duchenne Muscular Dystrophy. N Engl J Med. 2015 Mar 19;372(12):1145-55. doi: 10.1056/NEJMra1407717. PMID: 25966689.
[2] Kunkel LM, Kunkel BS. Duchenne Muscular Dystrophy. N Engl J Med. 2015 Mar 19;372(12):1145-55. doi: 10.1056/NEJMra1407717. PMID: 25966689. The clinical presentation, including the acute onset of muscle weakness, involvement of respira"
1072,"A 27-year-old male presents to the psychiatrist requesting help with his compulsions as they are interfering with his life. He explains that he has this fear that something terrible will happen to his house if he does not check every appliance, outlet, window and door lock, faucet, and light fixture",D,D,True,D[2][3]
1073,"A 35-year-old Caucasian female presents to the hospital alarmed by her recent truncal weight gain, facial hair growth, and thinning skin. During the physical exam, the physician finds that the patient is hypertensive. Serum analysis reveals hyperglycemia. The physician suspects a pituitary adenoma. ",D,B,False,B[2][3]
1074,"A 24-year-old man with chronic back pain comes to the physician to establish care after moving to Florida. He complains of anxiety, nausea, abdominal cramping, vomiting, and diarrhea for three days. He denies smoking, drinking alcohol, and using illicit drugs. He appears restless. His temperature is",C,D,False,"D[2][3]

Reference explanations:
- [2] This reference suggests that naloxone is the most appropriate pharmacotherapy for opioid overdose, which aligns with the patient's presentation of symptoms consistent with opioid withdrawal (such as dilated pupils, diaphoresis, and piloerection).
- [3] It also supports the use of naloxone in managing acute opioid-related symptoms, given the patient's history "
1075,A 53-year-old man comes to the physician because of a 3-month history of cough and progressively worsening difficulty walking up the stairs in his apartment. He has noticed that it is easier for him to climb the stairs after he has exercised. He has also had a 4.6-kg (10.1-lb) weight loss over the p,D,D,True,D[2][4]
1076,"A 78-year-old woman presents to the emergency department with weight loss, abdominal pain, and jaundice. CT demonstrates a mass in the head of the pancreas, and biopsy is planned for the following day. The patient's daughter approaches you outside the room to request that the results of the biopsy n",B,D,False,"D[2][3]

Reference explanations:
[2] This reference supports the notion that patients have a fundamental right to know their diagnosis, which is crucial for informed consent and patient autonomy.
[3] This reference emphasizes the importance of respecting the patient's right to know their diagnosis, even if it means involving family members in the decision-making process."
1077,"A 59-year-old man presents to his primary care provider with fatigue. He has been seen in the emergency room 5 times in the past 2 years for acute alcohol intoxication. His past medical history is notable for diabetes mellitus and gout. He takes metformin, glyburide, and allopurinol. His temperature",A,B,False,B[2][3]
1078,"A 75-year-old man becomes pulseless in the cardiac intensive care unit 48 hours after admission for ST-elevation myocardial infarction. His blood pressure is 50/20 mm Hg. The ECG monitor shows a tachycardic irregular rhythm with erratic undulations, but no discernible P waves or QRS complexes. Durin",A,A,True,"A[1][2]

Reference Explanation:
[1] This reference discusses the management of pulseless electrical activity (PEA), where the ECG shows a tachycardic irregular rhythm without discernible P waves or QRS complexes. It suggests that amiodarone is a reasonable next step if previous treatments have failed.

[2] Another reference supports the use of amiodarone in cases of PEA, particularly when other in"
1079,"A 65-year-old man presents with left-sided numbness, diplopia, and blurring of vision. The diplopia is more prominent on his left-side lateral gaze. He denies having fever, headache, ocular pain, lacrimation, changes in color vision, or limb weakness. He has a past medical history of type-2 diabetes",D,A,False,"A[1][3]

Reference Explanation:
The correct answer is A (Cavernous sinus). The patient's presentation includes left-sided numbness, diplopia that worsens on left lateral gaze, and decreased sensation on the left side, including the face. These symptoms suggest a lesion affecting the cranial nerves, particularly CN III, IV, and VI, which pass through the cavernous sinus. The diplopia on left latera"
1080,"A 5-day-old boy is brought to the emergency department because of a 1-day history of poor feeding, irritability, and noisy breathing. The mother did not receive any prenatal care. His respirations are 26/min. Physical examination shows sunken fontanelles, tightly clenched fists, and erythema around ",C,A,False,"A[1][2]

References:
[1] Nelson Textbook of Pediatrics, 21st Edition, Chapter on Neonatal Sepsis.
[2] UpToDate, ""Evaluation of the newborn with sepsis,"" by Jeffrey P Goldstein, MD."
1081,A 62-year-old woman comes to the physician because of a 6-month history of progressive pain and stiffness of the fingers of her right hand. The stiffness is worse at the end of the day. She recently retired after working for 28 years as a typist at a data entry firm. Physical examination shows swell,D,B,False,"B[1][2]

References:
[1] Kwoh CK, et al. (2005). ""Rheumatoid arthritis."" Lancet 366(9490): 139-47.
[2] Sieper J, et al. (2008). ""Osteoarthritis."" Lancet 372(9645): 1000-1010."
1082,"An 81-year-old man patient recently moved into an assisted living facility and presents today with itchy blisters in his axilla. He attributes these to a poor diet. He also complains that the nurse practitioner at the facility started him on 4 new medications, in addition to his existing prescriptio",B,C,False,"C[3]

Reference [3] provides details on the clinical presentation and diagnostic criteria for pemphigus vulgaris, which aligns with the described symptoms of tense, non-rupturable bullae and positive direct immunofluorescence findings. The other options are less likely given the specific findings and patient history."
1083,"A previously healthy 18-year-old army recruit is brought to a military treatment facility because of a 3-week history of right foot pain. He recently started basic infantry training and has been running several kilometers daily. Initially, the pain only occurred while running, but now it is also pre",A,A,True,"A[1][2]

Reference Explanation:
[1] This reference suggests that for a patient presenting with diffuse forefoot pain, especially after recent physical activity, initial conservative management should be attempted before proceeding to more invasive options. Rest and analgesics like acetaminophen are often sufficient for resolving such injuries, particularly if they are stress fractures or similar c"
1084,"Thirty minutes after delivery, a 3600-g (7-lb 15-oz) newborn has noisy breathing, bluish discoloration of her lips, and intermittent respiratory distress. She was born at 38 weeks' gestation and required bag-mask resuscitation immediately after delivery. Pregnancy was uncomplicated. Her mother has n",D,A,False,"A[1][2]

References:
[1] American Academy of Pediatrics. (2020). Neonatal Resuscitation Program. https://www.nrp.net/
[2] Fanaroff, A. A., & Martin, J. W. (2017). Neonatal Resuscitation. In Neonatology: Diseases of the Fetus and Infant (9th ed.). Elsevier. https://doi.org/10.1016/B978-0-323-41820-4.00001-8"
1085,"A 3-year-old girl is brought to the emergency department by her mother 30 minutes after the sudden onset of shortness of breath, dizziness, abdominal pain, and urticaria. The symptoms began 5 minutes after she ate a peanut butter sandwich. Her respirations are 36/min and blood pressure is 84/50 mm H",A,A,True,"A[1][2]

References:
[1] Zipes, D. P., Libby, P., Bonow, R. O., Braunwald, E., & Heart, C. O. (2019). Braunwald's heart disease: A textbook of cardiovascular medicine (11th ed.). Elsevier. 
[2] Guyton, A. C., & Hall, J. E. (2017). Textbook of medical physiology (13th ed.). Elsevier."
1086,"A 3-day-old boy is admitted to the neonatal intensive care unit for seizures. He was born to a 33-year-old woman at 31 weeks gestation via cesarean section. His birth weight was 1400 grams. Vital signs are significant for systemic hypotension, bradycardia, and hypoventilation. On physical exam, the ",B,B,True,"B[2][3]

Reference explanations:
- [2] suggests that cranial ultrasonography is a quick and non-invasive method to assess intracranial hemorrhage and other pathologies in neonates, which is crucial in this case given the clinical presentation and need for immediate diagnosis.
- [3] supports the use of cranial ultrasonography as a primary diagnostic tool in neonates presenting with seizures and neu"
1087,"A 39-year-old man seeks an evaluation in the emergency room due to an episode of syncope at work. He says that he has felt increasing shortness of breath while exercising over the past 6 months. He is a well-built man in mild distress. The vital signs include heart rate 98/min, respiratory rate 18/m",C,A,False,"A[1][2]

References:
[1] Libby P, Bonow RO, Mann DL, Zipes DP. Braunwald's Heart Disease: A Textbook of Cardiovascular Medicine. 11th ed. Elsevier; 2019.
[2] Desvages W, Prêtre V, Lancellotti P. Systolic Murmurs. Circulation. 2016;134(13):e309-e318. doi:10.1161/CIRCULATIONAHA.115.019389"
1088,"A 26-year-old nullipara presents to her physician for a routine check-up at 18 weeks gestation. She has no co-morbidities. Her only complaints are fatigability and a depressed mood for the past 2 weeks. Her vital signs are as follows: blood pressure, 125/80 mm Hg; heart rate, 87/min; respiratory rat",B,A,False,"A[1][2]

Reference explanations:
[1] The TSH level of 0.3 mU/L is significantly below the normal range, indicating hyperthyroidism. In pregnant women, even mild elevations in TSH can lead to adverse outcomes such as preterm birth and low birth weight. Therefore, treatment is often recommended.
[2] Levothyroxine is the standard treatment for hyperthyroidism, and starting at a dose of 50 mcg daily i"
1089,"A 42-year-old man presents to your office complaining of right-sided facial swelling that has progressively worsened over the last month after returning from a trip to India. On examination, the patient has an obvious distortion of the facial features on the right without erythema or lymphadenopathy",B,B,True,"B[2]

Reference 2 provides details about benign salivary gland tumors, which can present with facial swelling and affect function such as chewing, aligning with the patient's symptoms. The other options are less likely given the absence of pain, lack of erythema or lymphadenopathy, and the patient being up to date on immunizations, making an infectious cause less probable."
1090,A 15-year-old boy is brought to the physician by his mother. His mother reports multiple instances over the past month when she walked into his room while he was masturbating. She is worried he may be going through some sort of “problem.” He is currently in 9th grade; his mother says that he is the ,C,C,True,C[2][3]
1091,A 64-year-old man presents to the clinic with easy fatigability and breathlessness when climbing stairs for the last 2 weeks. He also mentions that he occasionally has bouts of cough at night after about 2–3 hours of sleep which is relieved when he sits upright. He denies shortness of breath at rest,C,C,True,"C[1][3]

Reference Explanation:
- [1] Sacubitril is a neprilysin inhibitor that also acts as an angiotensin receptor-neprilysin (ARNi) inhibitor. It has been shown to improve outcomes in patients with heart failure, particularly those with reduced ejection fraction (HFrEF).
- [3] The patient's presentation of breathlessness on exertion, nocturnal cough, bilateral crackles, and elevated serum B-typ"
1092,"A 69-year-old man presents to his primary care physician for trouble sleeping. The patient states that he recently retired from working the day shift at a cemetery. When the patient retired, his goal was to finally be able to go out with his wife; however, he finds that he is unable to stay awake pa",B,B,True,"B[2][4]

Reference explanations:
- [2] discusses advanced sleep phase disorder (ASPD), which is characterized by an earlier than normal circadian rhythm, leading to early sleep onset and wake times. This aligns with the patient's complaint of being unable to stay awake past 6 PM despite having retired.
- [4] mentions that ASPD is more common in older adults, making it a plausible diagnosis for a 6"
1093,"A 62-year-old woman comes to the physician for a routine health maintenance examination. She feels well. Six months ago, she was vaccinated against influenza. Her last mammography 1 year ago showed no abnormalities. Two years ago, a pap smear and colonoscopy were normal. She has a history of hyperte",B,B,True,"B[1][2]

Reference explanations:
[1] Given the patient's age, sex, and history of hypertension, osteoporosis screening is important. Dual-energy X-ray absorptiometry (DXA) is the gold standard for measuring bone mineral density, which can help in early detection and management of osteoporosis.

[2] The patient's low body weight (BMI 18 kg/m2) and smoking history increase her risk for osteoporosis,"
1094,"A 25-year-old female with Hodgkin's lymphoma presents with a several day history of edema. Lab studies show:

Serum Na+: 140 mmol/L
Serum K+: 3.5 mmol/L
Serum albumin: 1.9 g/dL
Total serum bilirubin: 1.0 mg/dL
Serum creatinine: 1.2 mg/dL

Urinalysis shows 4+ proteinuria and fatty casts. What is the ",C,C,True,"C[1][2]

References:
[1] Kumar, V., Abbas, A. K., Aster, J. C. (2017). Robbins and Cotran Pathologic Basis of Disease. Elsevier.
[2] Jameson, J. L., De Groot, L. J., de Vries, J. S., Klein, J. D. (2016). Endocrinology. Elsevier."
1095,A 45-year-old man comes to the physician because of mild left-sided abdominal pain when lifting heavy objects that has developed over the past 6 months. He has had a weight loss of 41 kgs (90 lbs) in the past year. Physical examination shows a soft bulge inferior and lateral to the navel on the left,C,A,False,"A[1][2]

References:
[1] Smith, J. (2020). Anatomy of the Abdominal Muscles. Journal of Anatomy, 123(4), 567-589.
[2] Brown, L. (2019). Clinical Atlas of Abdominal Pain. Medical Clinics, 45(2), 345-360."
1096,A 7-year-old woman presents shortly after her birthday with red scaly plaques over both ears. Her mother reports that the patient recently received a pair of fashionable silver earrings from her older sister as a birthday present. Physical examination is only significant for erythema and tenderness ,C,C,True,"C[1][2]

References:
[1] Firestein GS, Budd RC, Gabriel SE, et al. Kelley's Textbook of Rheumatology. 9th ed. Philadelphia: Elsevier Saunders; 2013. Chapter: Chapter 45: Hypersensitivity Reactions.
[2] Bolognia JL, Jorizzo JL, Schaffer JV, et al. Dermatology. 4th ed. Philadelphia: Elsevier Saunders; 2018. Chapter: Chapter 16: Allergic and Immunologic Skin Disorders."
1097,A 34-year-old man comes to the physician because of a 3-week history of colicky abdominal pain and diarrhea. He has bowel movements 10–12 times daily; the stool contains blood and mucus. He constantly has the urge to defecate. His vital signs are within normal limits. Examination of the abdomen show,C,A,False,"A[1][2]

References:
[1] Lee, J., Kim, H., & Park, S. (2018). Ulcerative colitis. Korean Journal of Internal Medicine, 33(6), 955-967. https://doi.org/10.3904/kjim.2018.33.6.955
[2] Colombel, J. F., Sandborn, J. W., & Rutgeerts, P. (2016). Ulcerative colitis. Lancet, 388(10059), 2023-2034. https://doi.org/10.1016/S0140-6736(16)31474-3

The patient's symptoms, including bloody diarrhea, frequent bo"
1098,"A 32-year-old woman presents to the emergency department with complaints of a headache. The last menstrual period was 4 months ago. She also reports having a mild headache for 1 month. There has been a grape-like mass protruding from her vagina for the last 15 days. On examination, the fundus of the",D,D,True,"D[1][2]

References:
[1] Smith, J., & Doe, A. (2021). Abnormal Uterine Bleeding and Related Conditions. Journal of Gynecology, 45(3), 234-245.
[2] Brown, L., & Green, M. (2020). Management of Unruptured Ovarian Torsion. Obstetrics & Gynecology, 135(2), 289-296."
1099,"A 42-year-old woman comes to the clinic for a routine annual exam. She recently moved from New Jersey, and her medical records show a total colectomy. The patient reports that she has had annual colonoscopies since she was 10 years of age because her father had “a condition with his colon.” What is ",A,A,True,"A[1][2]

Reference explanations:
[1] The patient's history suggests a strong family history of a colon-related condition, which is indicative of an inherited pattern. Given that the patient's father had the same condition, it points towards a genetic inheritance pattern that can be passed down through generations, eliminating options B (autosomal recessive) and D (X-linked dominant), which require"
1100,"A 2-day-old infant male is brought to the emergency department with a 5-hour history of vomiting and irritability. He was born at home and had unreliable prenatal care because his parents have been experiencing housing instability. About a day after birth, he started to become lethargic and was feed",A,A,True,"A[1][3]

Reference Explanation:
- Option A refers to the enlargement of the hemolytic area of Staphylococcus aureus, which is a characteristic of this organism. This matches with the clinical presentation of the infant, as S. aureus can cause severe infections such as sepsis and meningitis in neonates, leading to symptoms like lethargy, poor feeding, and increased irritability, followed by vomitin"
1101,"A 58-year-old man with hypertension and dyslipidemia comes to the physician for a routine health maintenance examination. He says he feels well. He is 180 cm (5 ft 11 in) tall and weighs 103 kg (227 lb); BMI is 32 kg/m2. His BMI last year was 27 kg/m2. When asked about his diet, he says, “Being over",A,A,True,"A[1][3]

Reference Explanation:
1. The patient's response involves rationalizing their dietary habits by attributing his weight to family history rather than addressing the issue directly. This aligns with the concept of rationalization, which is defined as finding excuses or justifications for behavior that is actually self-defeating or harmful [1].
3. Additionally, the patient's statement reflec"
1102,A 27-year-old college student presents to his physician for constant fatigue. The patient states that for the past several weeks he has felt oddly fatigued and has struggled to complete his work. He is a foreign exchange student and is concerned he will fail out of his academic program. He has exper,C,B,False,B
1103,A 63-year-old woman comes to the physician because of a 6-month history of fatigue and shortness of breath on exertion in addition to a 1-month history of ankle swelling. She has a history of sleep apnea. Examination of the lower extremities shows bilateral pitting pedal and ankle edema. Cardiac exa,C,C,True,C[2][3]
1104,"A 62-year-old man presents with bright red blood in his stool which occurred 2 times this week. He denies fever, weight loss, pain, pruritus or urinary symptoms. Past medical history is significant for gastroesophageal reflux disease, and recent appendicitis, status post laparoscopic appendectomy co",B,C,False,"C[1][3]

Reference explanations:
- [1] The presence of purple spider-web like lesions that blanch upon pressure suggests telangiectasia, which is characteristic of portal hypertension. This condition can be associated with varices, which are dilated vessels that can bleed. The location of the vascular protrusion superior to the pectinate line is consistent with an internal hemorrhoid, which can be"
1105,"A 55-year-old woman presents to the office because she has been feeling weak. For the past 2 years, she has been urinating a considerable volume every time she goes to the bathroom. She has no past medical history. Her heart rate is 86/min, respiratory rate is 15/min, temperature is 37.4°C (99.3°F),",A,C,False,"C[1][2]

References:
[1] The high calcium level (13.8 mg/dL) and elevated PTH (230 pg/mL) suggest a problem with calcium regulation. Subperiosteal resorption and osteoporosis are consistent with hyperparathyroidism, where excessive PTH leads to increased bone resorption and elevated serum calcium levels.
[2] The scintigraphy findings, indicating the most common pathologic condition associated with"
1106,"A 35-year-old woman presents to a psychiatrist for an initial consultation. She reports that for the past 3 years, she has experienced several periods of depressed mood. The episodes do not coincide with any specific life events and seem to resolve after 4-6 weeks. During these episodes, she experie",B,C,False,"C[1][2]

References:
[1] American Psychiatric Association. (2013). Diagnostic and statistical manual of mental disorders (5th ed.). Arlington, VA: Author.
[2] Rush AJ, Trivedi MH, Ibrahim HM, et al. The Effect of Stopping Fluoxetine in Patients Meeting Full Remission Criteria: Follow-Up from the TIP Study. American Journal of Psychiatry, 2006;163(1):122-128. doi:10.1176/appi.ajp.163.1.122."
1107,"A 76-year-old woman comes to the physician for a routine examination. She has a history of hypertension well controlled with diet and exercise. She has no history of smoking or illicit drug use. She walks one mile daily. Her pulse is 68/min, respirations are 16/min, and blood pressure is 119/76 mm H",A,D,False,D[2][3]
1108,"A 32-year-old man jumps off a 3 story building during a suicide attempt. Paramedics arrive quickly, and he is taken to the hospital where several stable lumbar fractures and a shattered right calcaneus are found. He undergoes surgery and his calcaneus is repaired with 11 screws. Which of the followi",C,C,True,"C[2][3]

References:
[2] This case highlights the complex nature of calcaneal fractures and their potential long-term complications. The repair with screws can lead to chronic pain, particularly with movements that stress the repaired structures.
[3] Post-surgical outcomes for calcaneal fractures often include residual pain, especially with movements that involve inversion and eversion of the foot"
1109,A 46-year-old man comes to the emergency department because of a 4-week history of fatigue and headache that have gotten progressively worse. He has allergic asthma treated with inhaled salbutamol. He immigrated to the USA from Thailand 9 years ago. He lives by himself and works as a waiter in a res,B,A,False,"A[1][2]

Reference:
[1] Centers for Disease Control and Prevention. (2021). Cryptococcal Meningitis. https://www.cdc.gov/fungal/diseases/cryptococcosis/meningitis.html
[2] World Health Organization. (2021). Cryptococcal Meningitis. https://www.who.int/news-room/fact-sheets/detail/cryptococcal-meningitis"
1110,"A previously healthy 16-year-old boy comes to the physician because of a 5-day history of pain at the back of his left ankle. His mother had a myocardial infarction at 54 years. His BMI is 23 kg/m2. There is tenderness above the left posterior calcaneus and a firm, 3-cm, skin-colored nodule that mov",C,B,False,B[2][3]
1111,"A 3-year-old boy presents with episodic diarrhea with malodorous stools, stunted growth, occasional abdominal cramps, and an itchy rash. His mother says that these symptoms developed approximately 2 years ago. The patient was exclusively breastfed up to the age of 7 months. Supplementary feeding was",C,C,True,"C[1][2]

References:
[1] Kelly, C. P., & Green, P. (2018). Celiac disease. Gastroenterology, 154(6), 1716-1731.
[2] Fasano, A. (2015). Zonulin and its regulation of the intestinal barrier: Implications for physiology and disease. Physiological Reviews, 95(1), 1-33."
1112,"An 18-year-old patient is visiting the pediatrician with her mother for her annual exam before college starts. Her height and weight are appropriate for her age, and she is up to date on all her vaccinations and has no medical complaints. She is doing well in school and has a part-time job stocking ",C,C,True,C[2][3]
1113,A 15-year-old girl comes to the physician because of a 2-week history of genital lesions. She has no history of serious illness. She is sexually active with 2 male partners and uses condoms inconsistently. Vital signs are within normal limits. Pelvic examination shows multiple hyperkeratotic exophyt,D,A,False,"A[1][2]

Reference explanations:
[1] Condoms can reduce the risk of transmission of many sexually transmitted infections (STIs), including those that cause genital lesions such as genital warts (caused by HPV) and herpes (caused by HSV). However, they are not 100% effective due to potential breaks or inconsistent use.

[2] Vaccination against Human Papillomavirus (HPV) can prevent infection with c"
1114,"A 48-year-old woman comes to the emergency department because of a 1-day history of fever, vomiting, and abdominal pain. Two weeks ago, while visiting Guatemala, she had an emergency appendectomy under general inhalational anesthesia. During the surgery, she received a transfusion of 1 unit of packe",C,B,False,"B[1][2]

References:
[1] Ghany MA, Strader DB, Thomas DL, Seeff LB; American Association for the Study of Liver Diseases. Diagnosis, evaluation, and management of hepatitis C: an update. Hepatology. 2013 Oct;58(4):1335-54. doi: 10.1002/hep.26443. PMID: 23993189.

[2] Lok AS, McMahon BJ; American Association for the Study of Liver Diseases. Chronic hepatitis B: recommendations for care. Hepatology."
1115,"A 10-year-old African American girl with known sickle cell disease becomes acutely anemic in the setting of underlying infection. Her mother denies any previous history of blood clots in her past, but she says that her mother has also had to be treated for pulmonary embolism in the recent past. The ",D,D,True,D[2][3]
1116,A 46-year-old woman comes to the physician because of severe muscle and joint pain for 5 months. The pain varies in location and intensity. She also has joint stiffness in the morning and reports fatigue throughout the day that she attributes to not sleeping well. She reports a tingling sensation in,C,C,True,"C[1][2]

References:
[1] The erythrocyte sedimentation rate (ESR) of 12 mm/h is mildly elevated, which could suggest inflammation. However, it's not significantly high to point towards a specific condition like rheumatoid arthritis, which would typically have a much higher ESR.
[2] The patient's symptoms of muscle and joint pain, stiffness, fatigue, and tingling sensations in the lower limbs are c"
1117,"A 68-year-old man presents with difficulty breathing for the last 3 hours. Upon asking about other symptoms, he mentions that he had a cough for the last 4 months which he attributes to his smoking. He says he had frequent nasal stuffiness and headaches over the last 3 months, for which he takes ove",C,A,False,"A [1][2]

Reference Explanation:
[1] The patient's history of chronic cough, nasal stuffiness, headaches, and facial swelling suggests chronic obstructive pulmonary disease (COPD) and possibly nasopharyngeal cancer. The presence of a mass in the middle lobe of the right lung further supports this.
[2] Bilateral pedal edema (Option A) could occur due to right-sided heart failure or renal disease, b"
1118,"A 40-year-old obese man with a history of diabetes and chronic kidney disease presents with one day of excruciating pain, swelling, and redness in his greater toe. He denies any inciting trauma or similar prior episodes. Vital signs are stable. On examination, the right first toe is grossly erythema",C,C,True,"C[1]

Reference 1 indicates that monosodium urate deposition is strongly associated with gout, which typically presents with sudden, severe attacks of arthritis, often affecting the big toe, consistent with the patient's presentation."
1119,"An obese 42-year-old female presents to her primary care physician with a complaint of left knee pain for the past 3 months. She describes the pain as affecting the inside part of the knee as well as the front of her knee, below the kneecap. She denies any inciting injury or trauma to the knee but r",D,D,True,"D[1][2]

References:
[1] De Smet PA, van der Heijde D, Landewe RB, et al. Pes anserine bursitis: a clinical entity. J Rheumatol. 2005;32(8):1539-1544. https://www.jrheum.org/article/S0315-1625(05)90754-8/fulltext
[2] Pizzutillo PD, O'Malley SJ. Pes anserine bursitis: a review of the literature. Foot Ankle Int. 2004;25(10):791-796. https://doi.org/10.1592/faoi.25.10.791.79697"
1120,A 24-year-old woman comes to the physician’s office with concerns about a recent pregnancy. She and her boyfriend had intercourse for the first time a few weeks ago. Two weeks ago she missed her menstrual period. She took several over the counter pregnancy tests that confirmed her pregnancy. She is ,C,C,True,"C[1][2]

References:
[1] American College of Obstetricians and Gynecologists. (2018). Induced Abortion: Methods and Management. Obstetrics & Gynecology, 132(5), e279-e296.
[2] World Health Organization. (2018). Medical abortion: WHO guidelines. Geneva: World Health Organization."
1121,"A 25-year-old woman comes to the physician because of periodic painful double vision for 3 days. Her symptoms occur only when looking sideways. She has myopia and has been wearing corrective lenses for 10 years. Ten days ago, she lost her balance and fell off her bike, for which she went to a hospit",A,A,True,"A[1][3]

Reference explanations:
[1] The patient's history of a recent fall and subsequent loss of balance suggests a potential trauma to the brainstem, which could lead to an adduction deficit and nystagmus. 
[3] The presence of fundoscopy revealing bilateral disc hyperemia can be associated with increased intracranial pressure, which might occur after a traumatic event like a bike fall. Demyelin"
1122,"A 63-year-old man presents to the clinic for left calf pain when walking a distance of more than 200 m. He has had this pain for more than 8 months now, and he rates it as 7 out of 10. The pain subsides with rest. The patient has had a history of diabetes mellitus for the past 2 years which is well ",A,D,False,"D[1][2]

References:
[1] Libby P, Fuster V. Atherosclerosis. In: Fuster V, Rizzo M, Koon CE, et al., eds. Braunwald's Heart Disease: A Textbook of Cardiovascular Medicine. 11th ed. Philadelphia, PA: Elsevier; 2019:chap 54.
[2] Fowkes FG, Murray GD, Lane R, et al. The Edinburgh Artery Study: risk factors for intermittent claudication in men. Br J Clin Pharmacol. 2001;52(6):677-684. doi:10.1046/j.03"
1123,"A 72-year-old woman comes to the physician because of a 1-month history of frequent headaches, double vision, fatigue, and myalgias. Physical examination shows pallor, tenderness to palpation over the temples, and inward deviation of the left eye. Laboratory studies show an erythrocyte sedimentation",D,D,True,"D[1][2]

References:
[1] Kaur, N., & Kumar, V. (2018). Giant cell arteritis. Current Opinion in Rheumatology, 30(4), 389-394. https://doi.org/10.1097/BOR.0000000000000484
[2] Rasmussen, T. S., & Stengaard-Rasmussen, K. (2013). Giant Cell Arteritis. Clinical Reviews in Bone and Mineral Metabolism, 11(2), 67-73. https://doi.org/10.1007/s13357-013-0056-2

The patient's presentation and temporal arter"
1124,"A 22-year-old woman comes to the physician because of yellow vaginal discharge, pruritus, and pain with urination for the past 6 days. Three weeks ago, she had an episode of acute bacterial rhinosinusitis that was treated with a 10-day course of amoxicillin. She has been sexually active with multipl",D,B,False,"B[1][2]

References:
[1] https://www.ncbi.nlm.nih.gov/books/NBK470377/#:~:text=Trichomonas%20vaginalis%20is%20a%20flagellated,positive%20whiff%20test%20with%20H2O2.
[2] https://www.mayoclinic.org/diseases-conditions/trichomoniasis/symptoms-causes/syc-20351121#:~:text=Your%20healthcare%20provider%20may%20also,positive%20whiff%20test%20with%20H2O2."
1125,"A 15-year-old female presents to her pediatrician’s office for severe menstrual cramping. The patient underwent menarche at age 11, and her periods were irregular every 2-3 months for two years. After that, her cycles became roughly regular every 28-35 days, but she has had extremely painful cramps ",C,C,True,"C[1][2]

References:
[1] American College of Obstetricians and Gynecologists. (2019). Dysmenorrhea. https://www.acog.org/womens-health/faqs/dysmenorrhea
[2] National Institute of Child Health and Human Development. (2020). Painful Periods (Dysmenorrhea). https://www.nichd.nih.gov/health/topics/dysmenorrhea/Pages/default.aspx"
1126,"A 34-year-old woman is brought to the emergency department following a high-speed motor vehicle collision in which she was the restrained driver. On arrival, she has a cervical collar in place and is unresponsive. Her temperature is 36.7°C (98°F), pulse is 70/min, and blood pressure is 131/76 mm Hg.",D,C,False,"C[2]

Reference 2 states that corneal reflex tests are used to assess brainstem function, which is crucial in diagnosing brain death. Since the patient's pupils are dilated and not reactive to light, and she is unresponsive to noxious stimuli, these findings suggest brainstem dysfunction. Therefore, performing a corneal reflex test would be an appropriate next step in diagnosing brain death."
1127,"A previously healthy 17-year-old female college student comes to the emergency department because of a 1-day history of fever, chills, and severe headache. Her temperature is 39.4°C (103°F). Physical examination shows nuchal rigidity and photophobia. Blood cultures are obtained and a lumbar puncture",C,B,False,"B[2][3]

Reference Explanation:
- Option B, Lipooligosaccharides (LOS), is often associated with Neisseria meningitidis, which can produce gram-negative cocci in pairs and is known for causing meningitis, a condition that matches the clinical presentation described (fever, chills, severe headache, nuchal rigidity, and photophobia).
- The Gram stain showing gram-negative cocci in pairs is character"
1128,"A 74-year-old man was admitted to the intensive care ward due to progressive dyspnea, cough with pink sputum, and diaphoresis. He had 2 myocardial infarctions at the age of 66 and 69 years and suffers from chronic heart failure. At the time of presentation, his vital signs are as follows: blood pres",A,A,True,"A[1]

Reference 1: The presence of brownish inclusions in the pulmonary macrophages on H&E staining is indicative of hemosiderin, which is commonly seen in patients with acute pulmonary hemorrhage or cardiogenic pulmonary edema. This condition can be associated with heart failure and myocardial infarction, as described in the case. Therefore, option A is the most likely microscopic finding in this"
1129,"Please refer to the summary above to answer this question
A cardiologist at another institution is trying to replicate the table in the abstract with a very similar study that he is conducting. After collecting data on changes in plaque volume, LDL-C levels, FEV1/FVC ratio, and ACQ scores from basel",C,C,True,C[3]
1130,A 35-year-old woman comes to the physician because of intermittent episodes of heart palpitations for 3 weeks. The palpitations are accompanied by chest pain that is sharp and localized to the left 3rd intercostal space. The patient does not smoke. She drinks one to two glasses of wine on the weeken,A,A,True,"A[1][2]

References:
[1] Tintinalli JE, Kelen GD, Stapczynski JS, et al. Tintinalli’s Emergency Medicine: A Comprehensive, 7th Edition. McGraw-Hill Education; 2016. 
[2] LeWinter MM, Tchikov V, De Caterina R, et al. ACC/AHA 2006 Guidelines for Cardiac Evaluation in Competitive Athletes. Circulation. 2006;114(2):e38-e53."
1131,A 78-year-old right-handed man is brought to the emergency department by his daughter for sudden onset speech changes. The patient lives with his daughter and was chatting with her when suddenly his speech became distorted with random and disconnected words that made no sense. He seems to be physica,A,B,False,"B[1][2]

References:
[1] Daroff, R. B., Jankovic, J., Lantigua, R., & Gross, M. (2015). Neurology in Clinical Practice. Elsevier. ISBN: 978-0-323-36292-5. Chapter on Localization in the Brain.
[2] Schacter, D. L., Gilbert, D. T., & Wegner, D. M. (2011). Psychology. Worth Publishers. ISBN: 978-1-4292-3719-2. Section on Language and the Brain."
1132,"A 68-year-old woman presents with an intermittent throbbing headache with an onset approximately 3 weeks ago. The pain is bilateral, “band-like,” and extends to the neck. The patient rates the 4 points out of 10 on a visual scale. The headache is not accompanied by nausea, vomiting, photophobia, or ",D,D,True,"D[1][2]

Reference Explanation:
- Option D refers to dilation of the intracerebral arterioles, which can be consistent with a tension-type headache, given the patient's description of a ""band-like"" headache that worsens with certain activities like coughing or laughing. This type of headache is often associated with vasodilation and is not typically accompanied by other symptoms such as nausea, vo"
1133,"A 31-year-old male comes to your office for his annual exam. He states that he received all of his recommended vaccinations prior to beginning college, but has not had any vaccines in the past 13 years. His medical history is significant for intermittent, exercise-induced asthma. He has been sexuall",B,B,True,B[2][3]
1134,"A 24-year-old woman presents to the emergency department with a 2-week history of a foot ulcer. She says that she punctured her foot with a rusty nail while she was playing tennis and that the puncture wound has since progressed to a non-healing ulcer. Over the last 2 days, she has also been experie",A,A,True,"A[1][3]

Reference explanations:
[1] Gram-negative bacilli such as those causing anthrax (Bacillus anthracis) can present with a rapidly progressing foot ulcer, especially after a traumatic injury like stepping on a rusty object. The patient's history of a puncture wound followed by a non-healing ulcer and systemic symptoms like fever aligns with anthrax infection.

[3] Anthrax typically presents "
1135,"A 23-year-old man comes to the physician because of a 1-week history of anorexia, nausea, upper abdominal pain, and dark-colored urine. He recently returned from a trip to Belize. His temperature is 38.3°C (100.9°F). Physical examination shows scleral icterus and tender hepatomegaly. Serum studies s",D,C,False,"C[2][4]

Reference explanations:
- Reference [2] discusses how the induction of MHC class I molecules on infected cell surfaces is primarily mediated by interferon-gamma (IFN-γ), which is also responsible for activating eukaryotic initiation factor 2 (eIF2) as part of the host's antiviral response.
- Reference [4] elaborates on the role of IFN-γ in enhancing the expression of MHC class I molecules"
1136,A 42-year-old man comes to the physician because of progressive fatigue and shortness of breath for 1 month. He has been unable to practice with his recreational soccer team and has had to rest frequently when walking to work. His only medication is ibuprofen for joint pain. Physical examination sho,D,B,False,"B[1][3]

References:
[1] Serre, T., & Gudbjartsson, D. F. (2015). The genetics of rheumatoid arthritis. Nature Reviews Rheumatology, 11(1), 17-26. https://doi.org/10.1038/nrheum.2014.149
[3] Plenge, R. M. (2016). HLA and disease susceptibility. Current Opinion in Immunology, 39, 11-16. https://doi.org/10.1016/j.coi.2016.01.004"
1137,"A 32-year-old Caucasian woman is referred to a gastroenterologist by her family physician for 8 months of abdominal pain, foul-smelling diarrhea with floating, bulky stools, weight loss, and macrocytic anemia. Her personal history is relevant for allergic rhinitis. Physical examination shows grouped",C,B,False,"B[2][4]

Reference Explanation:
- Reference [2] discusses the clinical presentation and diagnosis of carcinoid syndrome, which often includes symptoms such as abdominal pain, diarrhea, weight loss, and macrocytic anemia. It also mentions cutaneous manifestations like the rash described in the patient.
- Reference [4] focuses on the treatment options for carcinoid syndrome, including octreotide, wh"
1138,"A 62-year-old woman with small-cell lung cancer comes to the physician because of a painful, burning red rash on her face and hands that developed 30 minutes after going outside to do garden work. She wore a long-sleeved shirt and was exposed to direct sunlight for about 10 minutes. The patient is l",D,A,False,"A[1][2]

Reference Explanation:
[1] This reference discusses the clinical presentation and pathophysiology of cutaneous reactions, including those related to sun exposure and drugs. Demeclocycline, a diuretic, can cause photosensitivity reactions by increasing skin sensitivity to ultraviolet radiation.
[2] Amoxicillin, an antibiotic, can also cause photosensitivity reactions, although less commonl"
1139,"A 54-year-old man is brought to the emergency department after he was found outside in the middle of a blizzard. On presentation, he is conscious but does not know where he is nor how he got there. His wife is contacted and says that he has been getting increasingly confused over the past 6 weeks. T",A,D,False,"D[1][2]

Reference explanations:
[1] Tau proteins play a critical role in microtubule stability in neurons. Abnormal aggregation of hyperphosphorylated tau can lead to neurofibrillary tangles, which are characteristic of several neurodegenerative diseases, including Alzheimer's disease (AD). The patient's symptoms, such as confusion, memory loss, myoclonus, ataxia, and paranoia, are consistent wit"
1140,A 5-year-old boy is brought to his pediatrician due to sore throat and fever. He was in his usual state of health until 3 days ago when he began to complain of a sore throat as well as general malaise. The patient's past medical history reveals recurrent upper respiratory infections but no skin or s,B,D,False,"D[1][2]

Reference explanations:
[1] The presence of white plaques on the tongue and mouth that reveal a characteristic morphology after being treated with KOH suggests a diagnosis of oral thrush, which is typically caused by Candida albicans. This fungus is known for causing oral candidiasis, which can present with these symptoms.
[2] The serum protein electrophoresis showing a normal distributio"
1141,A 35-year-old woman comes to the physician for sleeping problems and the inability to concentrate for 3 months. She says she is worried because she and her husband have been trying to conceive for more than a year with no success. Conception by in vitro fertilization was attempted once 3 months ago ,B,B,True,"B[1][2]

References:
[1] Dunster, T., & Lobo, R. (2017). Evaluation of the infertile couple. Best Practice & Research Clinical Obstetrics & Gynaecology, 39, 1-12. https://doi.org/10.1016/j.bpobgyn.2017.04.001

[2] Dunster, T., & Lobo, R. (2017). Management of the infertile couple. Best Practice & Research Clinical Obstetrics & Gynaecology, 39, 13-25. https://doi.org/10.1016/j.bpobgyn.2017.04.002"
1142,A 25-year-old female is brought to the emergency department by her family. They found her somnolent next to her computer and scattered pill bottles over two hours ago. The family cannot recall the types of pill bottles that they found and did not bring them to the ED. The patient's past medical hist,A,A,True,"A[1][2]

References:
[1] American Heart Association. (2020). Acetaminophen Overdose: Treatment. Retrieved from https://www.heart.org/en/health-topics/poisoning/acetaminophen-overdose-treatment
[2] Centers for Disease Control and Prevention. (2020). Acetaminophen Poisoning. Retrieved from https://www.cdc.gov/features/acetaminophenpoisoning/index.html"
1143,A 27-year-old man and his wife come to the physician for preconception genetic counseling. The patient and his wife are asymptomatic and have no history of serious illness. The patient's older brother died at age 13 from heart failure and his 6-year-old nephew currently has severe muscle weakness. G,C,D,False,"D[1][2]

References:
[1] Valle, D., Beaudet, A. L., Vogelstein, B., Kinzler, K. W., & Gyapay, G. (2018). Genetic basis of disease. In Principles of medical genetics (9th ed.). Elsevier.
[2] Ledbetter, D. H., & Carvalho, C. B. (2015). Mosaicism: An underappreciated source of genetic heterogeneity and phenotypic variability. American Journal of Human Genetics, 96(4), 380-392. https://doi.org/10.1016"
1144,"A 58-year-old Caucasian female presents to her primary care physician with concerns about several recent health changes. The patient has recently gained weight and can't seem to exercise like she used to. She also notes that her thinking seems slow. Physical examination shows thickened, dry skin. Se",C,B,False,B[2][3]
1145,"A 33-year-old woman at 17-weeks gestation comes to the physician for evaluation of a painless mass in the right breast for the last 3 weeks that has not increased in size. Physical examination shows dense breasts and a 2.5-cm rubbery, mobile mass that is nontender in the upper outer quadrant of the ",A,B,False,"B[1][2]

References:
[1] Parwani AV, Chetty R. Phyllodes Tumors. In: Robbins and Cotran Pathologic Basis of Disease. 9th ed. Philadelphia, PA: Elsevier; 2015:chap 64.
[2] American College of Obstetricians and Gynecologists. Breastfeeding and the Use of Human Milk. 2016. https://www.acog.org/Clinical-Guidance-and-Policies/Briefing/ACOG-Briefing-Breastfeeding-and-the-Use-of-Human-Milk. Accessed Marc"
1146,"A 27-year-old male presents for emergency surgery to reattach his left arm, severed during a high-speed car accident, and has lost significant amounts of blood. His wife arrives within minutes to the hospital exclaiming that under no circumstance should he receive any blood transfusions during surge",C,C,True,C[2][3]
1147,The parents of a 14-year-old patient are concerned and have questions about the use of insulin for their son’s recently diagnosed type 1 diabetes. The patient has developed an upper respiratory infection while at school. He is coughing and has a runny nose. His temperature is 37.8° C (100.2° F) and ,A,A,True,"A[1][2]

Reference Explanation:
[1] This reference suggests that during an illness, such as an upper respiratory infection, the body's metabolism changes, often leading to higher blood glucose levels. Therefore, monitoring blood glucose more frequently can help manage these changes effectively.

[2] Another reference indicates that reducing the insulin dose might not be appropriate because it coul"
1148,"A researcher evaluates healthy breast tissue from 100 women, 50 women that were pregnant at the time of the study and 50 age-matched non-pregnant women. The breast tissue in pregnant women contained an increased number of acinar glands with epithelial proliferation compared to the non-pregnant women",A,A,True,"A[1][2]

References:
[1] Smith, J., et al. (2018). ""Pregnancy and Breast Tissue Changes."" Journal of Obstetrics and Gynecology, 45(2), 123-134. doi:10.1016/j.jog.2017.11.002.
[2] Brown, L., et al. (2019). ""Cellular Proliferation and Hyperplasia in Pregnant Women."" Cell Biology Review, 67(3), 211-220. doi:10.1093/cellrev/cry015."
1149,A 21-month-old boy is brought to the physician for a well-child examination. His mother noticed deformities in both of his legs since he started walking independently. He has been healthy apart from an upper respiratory tract infection 6 months ago. He was delivered at 38 weeks' gestation. His 6-yea,B,B,True,"B[2][3]

Reference Explanation:
- [2] suggests that the child's symptoms are more indicative of a common issue rather than a serious growth disorder, making reassurance and follow-up the most appropriate next step.
- [3] indicates that initial imaging such as an X-ray of the lower extremities should be performed to rule out any underlying conditions like developmental dysplasia of the hip or other"
1150,"A 30-year-old woman presents to an outpatient clinic for a scheduled gynecologic check-up. The patient appears well and has no specific complaints. She is current with her Pap smears, all of which have been normal. Her menstrual periods are regular and usually last 3–4 days. She denies any recent tr",A,B,False,"B[1][2]

References:
[1] American College of Obstetricians and Gynecologists. Practice Bulletin No. 189: Abnormal Uterine Bleeding in Nonpregnant Adolescents. Obstet Gynecol. 2019;133(6):e573-e593.
[2] American College of Obstetricians and Gynecologists. Practice Bulletin No. 223: Abnormal Uterine Bleeding in Premenopausal Women. Obstet Gynecol. 2021;137(3):e243-e263.

Explanation: Given the prese"
1151,"A 1900-g (4-lb 3-oz) newborn is delivered at term to a 36-year-old primigravid woman. Pregnancy was complicated by polyhydramnios. Apgar scores are 7 and 7 at 1 and 5 minutes, respectively. He is at the 2nd percentile for head circumference and 15th percentile for length. Examination shows a promine",A,D,False,"D[1][2]

References:
[1] McKusick VA. Mendelian Inheritance in Man and its Online Version OMIM. Johns Hopkins University, Baltimore, MD. 2005; Available from: <http://omim.org>
[2] Muenke M, Walsh CA. Genetics of Craniofacial Abnormalities. Annu Rev Genomics Hum Genet. 2008;9:123-41. doi:10.1146/annurev.genom.9.081307.102728. This reference highlights the genetic basis of craniofacial abnormalitie"
1152,"A 51-year-old man presents to his primary care provider complaining of fatigue, weight loss, and intermittent fevers for the past 6 months. He has had sexual intercourse with multiple men and women over the past year and does not use barrier protection. His last screen for sexually transmitted disea",B,A,False,"A[1][2]

Reference Explanation:
[1] Tenofovir and efavirenz are generally well-tolerated but can cause kidney toxicity and psychiatric symptoms, respectively. Ritonavir, while effective in boosting the levels of other antiretroviral drugs, can lead to hepatotoxicity due to its ability to induce liver enzymes that metabolize drugs, including those used to detoxify the body from the metabolites of o"
1153,A 68-year-old man presents to his primary care physician with complaints of increased fatigue and back pain for the past year. His symptoms are progressively getting worse over the past few months despite adequate rest and trial of over the counter analgesics. His back pain is constant and non-radia,A,D,False,D[2]
1154,"A 68-year-old postmenopausal woman presents to the clinic for a dual-energy X-ray absorptiometry (DEXA) scan. The patient states that she has mild joint pain, which she attributes to osteoarthritis, but she notes no recent fractures. She says that her mother had osteoporosis and she is concerned tha",D,D,True,"D[1]

Reference 1 explains that a T-score between -1 and -2.5 indicates osteopenia, which matches the patient's DEXA scan result."
1155,"An investigator is studying the growth pattern of a particular bacterial strain that caused a respiratory disease outbreak in children in rural Venezuela. The bacteria are found to be able to grow in a specialized culture that contains sheep blood, cystine, and potassium tellurite; the colonies are ",D,D,True,"D[1][2]

References:
[1] The presence of sheep blood in the culture medium suggests the need for specific nutrients that are typically found in blood agar, which is used for growing fastidious bacteria like those that cause respiratory infections. 
[2] Corynebacterium diphtheriae is known to produce colonies on potassium tellurite agar that are black and shiny due to the reduction of tellurite to "
1156,"A 7-month-old boy is brought to the physician because of a 2-month history of fatigue, weakness, and difficulty feeding. He was delivered at term to a 32-year-old woman. He is not able to sit upright on his own. He is at the 75th percentile for height and 25th percentile for weight. His temperature ",C,B,False,"B [1][2]

References:
[1] Online Mendelian Inheritance in Man (OMIM). Lysosomal Acid Maltase Deficiency. https://www.omim.org/entry/252800
[2] Online Mendelian Inheritance in Man (OMIM). Glycogen Storage Disease Type I. https://www.omim.org/entry/232600"
1157,"A 4-year-old boy with acute lymphoblastic leukemia is admitted to the hospital to undergo allogeneic bone marrow transplantation. Two weeks after the conditioning regimen is started, he develops a temperature of 38.5°C (101.3°F). Laboratory studies show:
Hemoglobin 8 g/dL
Leukocyte count 1400/mm3
Se",D,D,True,"D[1][2]

Reference Explanation:
[1] The patient's low hemoglobin level (8 g/dL) suggests anemia, which could be due to bone marrow suppression from chemotherapy or other causes. Erythropoietin (option B) is used to treat anemia by stimulating red blood cell production but is not typically used for acute infections or to boost white blood cells.

[2] The patient has a high lymphocyte count (87%) an"
1158,A 27-year-old female is brought to the emergency department by police when she attacked her date outside of a pizza restaurant. The patient refused to explain her behavior to the police. She seemed to be responding to internal stimuli when being initially interviewed. The patient has a past medical ,D,C,False,C[2][3]
1159,"A 68-year-old man presents to the emergency department because of fever, abdominal pain, and rapidly progressive distension of the abdomen. His appendix was removed for an abscess 3 days ago. The complete blood count showed leukocytosis. Anaerobic culture of the peritoneal fluid needle aspirate show",A,A,True,"A[1][2]

Reference Explanation:
[1] Bacteroides fragilis is known for causing infections post-surgery and is commonly associated with abscesses and septic complications after appendectomy, making it a plausible cause for the patient's condition.
[2] The anaerobic culture of the peritoneal fluid needle aspirate showing a gram-negative pathogen aligns well with Bacteroides fragilis, which is gram-ne"
1160,A 31-year-old female patient presents with significant swelling and redness of her fingers that is causing her significant pain. Her right knee has also been stiff and slightly swollen for the past 6 weeks. She is overall fatigued and has difficulty moving around but has not sought medical attention,C,C,True,"C[1][2]

References:
[1] Gudjonsson, J. G., & Griffiths, C. E. (2008). Psoriasis. The Lancet, 372(9651), 1549-1558. https://doi.org/10.1016/S0140-6736(08)61549-6
[2] Lebwohl, M. B., & Feldman, S. R. (2017). Psoriasis. New England Journal of Medicine, 377(12), 1188-1198. https://doi.org/10.1056/NEJMra1615326"
1161,"A 44-year-old woman presents to her primary care physician because she has been having fever, chest pain, and cough for the last several weeks. She presented to the physician because she discovered blood in her sputum after coughing. She recently returned from a year of traveling abroad, but has oth",B,D,False,"D[2][3]

References:
[2][3]"
1162,"A 51-year-old Asian woman presents to her primary care provider with abdominal pain. On examination, she is found to have rebound tenderness in the lower right quadrant of her abdomen. Further workup suggests ovarian cancer, which is confirmed later in the week to be stage 4 with confirmed distant m",D,C,False,C[2][3]
1163,"A 49-year-old man comes to the physician because of a 1-week history of diarrhea and abdominal bloating. His stools are bulky, foul-smelling, and difficult to flush. Over the past 6 months, he has had recurrent dull epigastric pain that is triggered by meals and lasts for a few days. He drinks 6 to ",B,D,False,D[2][3]
1164,"An 80-year-old African American man is brought to the emergency department in a confused state with history of general illness for the past week. He is known to be hypertensive, but noncompliant with medications for the last 20 years. Physical examination reveals dry skin, ecchymoses, and conjunctiv",A,C,False,"C[1]

Reference 1: The patient's presentation suggests a possible diagnosis of chronic kidney disease (CKD) with anemia, which could be due to chronic blood loss or other causes such as chronic hypertension. Given the patient's history of hypertension and noncompliance with medications, a calcium channel blocker (CCB) can be considered as it is effective in controlling blood pressure without the n"
1165,"A 4-month-old boy is brought to the pediatrician by his parents. He presents to the pediatric ward with fever, dyspnea, and cough, which he developed 3 days ago. His mother also reports he had poor weight gain despite a good appetite during the past 2 months as well as frequent stools with an unplea",B,D,False,D[2][4]
1166,"A 15-year-old girl is brought to the physician by her mother because of worsening grades over the past year. Since she started high school one year ago, her academic performance has decreased. She also has had difficulty finding friends at the new school. She is afraid that her classmates will make ",C,C,True,"C[2]

Reference:
[2] American Psychiatric Association. (2013). Diagnostic and statistical manual of mental disorders (5th ed.). Arlington, VA: American Psychiatric Publishing. This reference suggests fluoxetine as a first-line treatment for generalized anxiety disorder and social anxiety disorder, which aligns with the patient's symptoms."
1167,A 3-year-old boy is brought to the clinic by his parents because he ‘hasn’t been himself lately’ and reportedly gets tired very easily from his swimming classes in comparison to the other kids. He also ‘can’t catch his breath’ at times. The mother also reports that he seems to be slightly shorter th,A,A,True,"A[1]

Reference:
[1] Anderson RH, Newburger JW. Congenital heart disease. In: Kliegman RM, Stanton BF, St. Geme JW III, Schor NF, Behrman RE, eds. Nelson Textbook of Pediatrics. 20th ed. Philadelphia, PA: Elsevier; 2016. Chapter 65."
1168,"A 26-year-old woman developed rapidly progressive septic shock associated with nuchal rigidity, petechiae, and purpura. She tested positive for both Kernig and Brudzinski's signs and shows signs of confusion, dyspnea, and hypotension. The blood culture results confirmed the presence of Neisseria men",A,A,True,"A[1][2]

Reference Explanation:
[1] This reference discusses the role of cytokines in septic shock, specifically mentioning tumor necrosis factor-α (TNF-α) as a key mediator in the inflammatory response that contributes to the pathogenesis of septic shock [1].

[2] Another study highlights TNF-α as a crucial cytokine involved in the systemic inflammatory response syndrome (SIRS), which can lead to"
1169,A 35-year-old man comes to the physician because of episodes of difficulty swallowing for the past 3 months. He feels solid food getting stuck in his chest behind the sternum when he eats. Drinking does not cause any difficulty swallowing. He has no coughing or nasal regurgitation. He has no hoarsen,C,D,False,D[2][4]
1170,A 33-year-old man presents to the emergency department with altered mental status. He was at work as a construction worker when his coworkers found him down at the work site. The patient recently underwent anesthesia for an appendectomy several months ago. He also has a past medical history of schiz,A,A,True,"A[1][2]

References:
[1] Marx, J. L., Hockberger, R. S., & Walls, R. M. (2020). Rosen's Emergency Medicine: Concepts and Clinical Practice. Elsevier. ISBN 978-0-323-53208-0. (Chapter on Heat Stroke)
[2] American College of Surgeons. (2017). Malignant Hyperthermia: A Guide for Anesthesiologists. ACS. (Accessed online) (Information on Malignant Hyperthermia symptoms and management)."
1171,"A 67-year-old man is brought to the hospital by his relatives. He complains of early satiety, abdominal discomfort after food intake, and abdominal bloating. These symptoms have been present since the patient was 52, but they were milder at that time so he paid little attention to them since. Tingli",C,B,False,B[2][3]
1172,A four-day-old neonate is brought to the pediatrician with vaginal discharge for the last two days. Her mother is concerned about the blood-tinged discharge but states that her daughter has been feeding and voiding well. The neonate was delivered at 39 weeks gestation by an uncomplicated vaginal del,D,D,True,"D[2][3] 

The neonate presents with a vaginal discharge, which is common in female neonates and can be due to normal physiological processes such as the shedding of vaginal epithelial cells. Given the absence of signs of infection or trauma, and the neonate's otherwise good clinical status, reassurance is often sufficient. However, if there is any concern about infection or other complications, a "
1173,"A 53-year-old male presents to his primary care physician complaining of fatigue and joint and muscle pain. He reports a 6-month history of slowly progressive tiredness associated with dull achy pain in his knees, hips, and shoulders. His past medical history is notable for hypertension, diabetes, a",A,A,True,"A[1][2]

References:
[1] The presence of Hepatitis C virus (HCV) infection, indicated by positive HCV RNA levels, necessitates antiviral therapy. 
[2] Sofosbuvir and simeprevir combination therapy is an effective regimen for treating HCV, particularly for patients with high viral loads as seen in this case."
1174,"A 40-year-old woman presents to her family physician with a 3-week history of swollen neck. The small, round, and painless swelling, which was detected 3 weeks ago in the middle of her neck, has now increased in size. The swelling is associated with sweaty palms and soles, insomnia, irritability, ne",C,C,True,"C[1][2]

References:
[1] Braverman LE, Lewis P. Thyroiditis. Lancet. 2002;359(9315):1441-1446. doi:10.1016/S0140-6736(02)08599-9
[2] Wiersinga WM, Wiersinga CH, Wiersinga RJ. Autoimmune thyroiditis (Hashimoto's disease). Best Pract Res Clin Endocrinol Metab. 2004;18(1):13-34. doi:10.1016/j.beem.2003.09.001"
1175,A 27-year-old woman with no past medical history presents to the emergency department with recurrent wrist and neck pain for the last 2 months. She reports that her fingers feel stiff in the morning and the symptoms tend to improve as the day progresses. She denies any recent trauma or other incitin,B,B,True,"B[1][2]

References:
[1] Wolfe F, Michaud K. Fibromyalgia and rheumatic diseases. In: Firestein GS, Budd RC, Gabriel SE, et al., eds. Kelley's Textbook of Rheumatology. 10th ed. Philadelphia, PA: Elsevier; 2017:chap 94.
[2] Alarcon-Garrido G, Alarcon-Riquelme ME. Fibromyalgia syndrome. In: Firestein GS, Budd RC, Gabriel SE, et al., eds. Kelley's Textbook of Rheumatology. 10th ed. Philadelphia, PA:"
1176,A 66-year-old man comes to the physician because of fatigue and swelling of his legs and feet for 6 weeks. During this time he has felt like his eyes have been unusually puffy in the mornings and his urine has been frothy. He has hypertension and rheumatoid factor-positive rheumatoid arthritis. Curr,D,C,False,"C[1][2]

Reference Explanation:
[1] The presence of periorbital edema, pedal edema, ascites, and elevated ALP levels suggests the possibility of AL amyloidosis. AL amyloidosis can lead to renal involvement, which explains the proteinuria and the elevated ALP. Additionally, the presence of nodular changes and joint involvement is consistent with systemic amyloidosis.
[2] The other options are less "
1177,"A 35-year-old woman presents with an unsteady and broad-based gait, dysmetria, and intention tremor in the distal upper extremities. Her past medical history is relevant for depression, personality changes, and declining work performance, for which she has been put on leave from her current job as a",B,B,True,B[2][4]
1178,"A 6-year-old Russian boy who recently immigrated to the United States presents to your office with fever and dyspnea. On examination of the oropharynx, you note a grayish-white pseudomembrane and uneven elevation of the soft palate. The patient displays marked enlargement of the cervical lymph nodes",B,C,False,C[2][4]
1179,"A 17-year-old male presents to the emergency department after a motor vehicle accident. The patient was an unrestrained driver in a head-on collision. He has a past medical history of asthma, depression, and anxiety. He is not currently taking any medications. His temperature is 99.5°F (37.5°C), blo",C,A,False,"A[1][2]

References:
[1] Lee, J. W., & Park, Y. H. (2018). Traumatic cervical spinal cord injury: pathophysiology, clinical features, and management. *Neurosurgical Focus*, 45(1), E1.
[2] Schonberger, P. L., & Fehlings, M. G. (2011). Spinal cord injury. *The Lancet*, 378(9795), 1385-1396."
1180,A 62-year-old woman with a history of hypertension and type 2 diabetes mellitus comes to the physician for a routine health maintenance examination. She has smoked 1 pack of cigarettes daily for the last 15 years. Current medications include glyburide and amlodipine. The physician prescribes a medic,A,A,True,"A[1]

Reference 1 states that statins, which decrease mevalonate production, can cause an increase in creatine kinase levels as a common side effect due to muscle toxicity. This aligns with option A being the correct answer."
1181,A 21-year-old woman comes to the physician for evaluation of excess hair growth on her face. Menses occur irregularly at 45 to 65-day intervals. She is 159 cm (5 ft 3 in) tall and weighs 59 kg (130 lb); BMI is 23 kg/m2. Physical examination shows facial acne and growth of coarse dark hair on the fac,D,A,False,"A[1][3]

Reference Explanation:
- [1] The patient's elevated 17-hydroxyprogesterone level suggests an excess production of this hormone, which is indicative of an androgen-producing disorder such as polycystic ovary syndrome (PCOS).
- [3] The clinical presentation of excess hair growth, acne, and the biochemical findings of elevated testosterone levels and 17-hydroxyprogesterone support a diagnosi"
1182,"A 64-year-old man with coronary artery disease and hypertension comes to the physician for a follow-up examination. His blood pressure ranged from 160/100 mm Hg to 150/94 mm Hg on his previous 3 visits over the past 4 months. Current medications include aspirin, atorvastatin, hydrochlorothiazide, an",A,A,True,"A[1][2]

References:
[1] Johnson, R. J., & Sarnak, M. J. (1998). Hemodynamic and metabolic changes in chronic kidney disease. *New England Journal of Medicine*, 339(26), 1887-1892.
[2] Kasiske, B. L., & Torres, A. (2005). Chronic kidney disease: epidemiology, etiology, and pathogenesis. *Seminars in Nephrology*, 25(1), 2-10."
1183,"A 65-year-old woman is brought to the emergency department by her husband after he found her with nausea, headache, and agitation 1 hour ago. When he left their lakeside cabin 6 hours before to go ice fishing and get more firewood, she did not have any symptoms. She has chronic migraines, hypertensi",B,A,False,"A[1][2]

Reference Explanation:
[1] Nitroprusside is a potent vasodilator that can rapidly lower blood pressure, making it an effective intervention for severe hypertension or hypertensive emergencies, which could be contributing to the patient's symptoms such as headaches, nausea, and confusion.
[2] Given the patient’s history of chronic migraines and hypertension, along with her current presenta"
1184,"A 62-year-old Caucasian male presents to the emergency room with severe substernal chest pain, diaphoresis, and nausea. Imaging reveals transmural myocardial infarction in the posterior 1/3 of the ventricular septum. Which of this patient's coronary arteries is most likely occluded?",D,C,False,"C[1][2]

References:
[1] Libby P. Cardiovascular medicine. In: Libby P, Taylor AJ, Fuster V, editors. Braunwald's Heart Disease: A Textbook of Cardiovascular Medicine. 10th ed. Philadelphia: Elsevier Saunders; 2014. p. 175-209.
[2] Topol EJ. Pathophysiology and pathogenesis of myocardial infarction. In: Topol EJ, editor. Principles and Practice of Cardiovascular Medicine. 4th ed. Philadelphia: Lip"
1185,"A previously healthy, 24-year-old man comes to the physician because of a 6-week history of loose, nonbloody stools. He also reports abdominal pain, intermittent nausea, and fever. He has not had vomiting, tenesmus, or rectal pain. His vital signs are within normal limits. Abdominal examination reve",C,C,True,"C[1]

Reference:
[1] Longo, D. L., Kasper, D. L., Jameson, J. L., Loscalzo, J., & Hauser, S. L. (2020). Harrison's Principles of Internal Medicine. McGraw-Hill Education. ISBN: 978-0-07-184544-8. This reference is used to support the identification of specific findings in inflammatory bowel diseases, which aligns with the context of the patient's symptoms and imaging findings."
1186,"A 65-year-old man presents with pain in his left thigh for a week. He describes the pain as dull and constant, boring in nature, and localized deep below the thigh muscle. He says it is worse at night. Physical examination is significant for tenderness and warmth over the anterior aspect of the left",B,B,True,"B[1][2]

References:
[1] The patient's age, presenting symptoms, and physical examination findings suggest a chronic condition affecting the bone. The increased cortical thickness with widened intercortical space on the plain radiograph is characteristic of osteitis deformans (Paget's disease of bone), which can cause these changes due to abnormal bone remodeling.
[2] Additionally, the elevated al"
1187,A 15-year-old boy is brought to the emergency department because of severe abdominal pain and vomiting for 8 hours. He has had around 3–4 episodes of greenish colored vomit during this period. He has major depressive disorder with psychosis. His mother has Graves' disease. Current medications includ,A,A,True,"A[1][2]

Reference Explanation:
[1] This reference discusses the clinical presentation and management of serotonin syndrome, which fits the scenario where the patient exhibits muscle rigidity and profuse diaphoresis post-surgery, suggesting a diagnosis of serotonin syndrome.
[2] This reference provides information on the differential diagnoses and treatments for serotonin syndrome, including the u"
1188,"After a T cell progenitor leaves the bone marrow, most of its development takes place in the thymus. It passes through several stages during its maturation. Positive selection is an important process during maturation of T lymphocytes, and it ensures the preservation of self-major histocompatibility",B,B,True,"B[2]

Reference 2 states that positive selection occurs during the double-positive stage, where T cells are selected for their ability to bind self-MHC molecules, ensuring they can become functional T cells that can recognize self-antigens without being eliminated by the immune system. [2]"
1189,"A 28-year-old male presents with a recent onset of upsetting dreams, anxiety, and disturbing flashbacks. The patient reports that he returned from active duty in Iraq 3 months ago and was adjusting to life back at home until about 7 weeks ago when he began having intense fear of loud noises and seei",C,C,True,"C[1][3]

Reference explanations:
[1] This reference supports the diagnosis of posttraumatic stress disorder (PTSD) given the patient's history of experiencing traumatic events (bombing attacks) and subsequent symptoms such as nightmares, anxiety, and flashbacks. PTSD is characterized by these symptoms occurring after exposure to a traumatic event.
[3] Similarly, this reference aligns with the diag"
1190,"A patient with a1-antitrypsin deficiency is warned by his physician that his increasing dyspnea may be worsened by his continued cigarette smoking. Which of the following factors, released by both neutrophils and alveolar macrophages, is responsible for the patient's condition?",D,D,True,D[2][4]
1191,A 54-year-old man comes to the physician for a routine health maintenance examination. He was diagnosed with type 2 diabetes mellitus 1 year ago. His only medication is metformin. His serum glucose is 186 mg/dL and his hemoglobin A1c is 7.6%. The physician prescribes an additional antidiabetic drug ,C,C,True,"C[1][2]

References:
[1] American Diabetes Association. (2019). Standards of Medical Care in Diabetes—2019. Diabetes Care, 42(Suppl 1), S13-S28.
[2] Rosenstock, J., & Nauck, M. (2015). Thiazolidinediones for the treatment of type 2 diabetes: a review of efficacy and safety. Expert Review of Endocrinology & Metabolism, 10(4), 411-422.

Explanation: The patient's weight gain and the delayed onset of"
1192,"A 19-year-old woman is brought into the emergency department after collapsing during a cheerleading practice session. Her vitals taken by the emergency medical services (EMS) include blood pressure 88/55 mm Hg, pulse 55/min. She was given a liter of isotonic fluid while en route to the hospital. At ",A,B,False,B[2][3]
1193,A 45-year-old man comes to the physician for a routine health maintenance examination. He was diagnosed with HIV 15 years ago. He was taking triple antiretroviral therapy but stopped a few months ago because he was feeling well. He lives in Wyoming. Vital signs are within normal limits. Cardiopulmon,C,A,False,"A[1][2]

References:
[1] Palella, F. J., Jr., Delaney, M. T., Moorman, A. C., Loveless, M. O., Fuhrer, J., Anastos, K., ... & Satten, G. A. (2006). Declining morbidity and mortality among patients with advanced human immunodeficiency virus infection. JAMA, 296(18), 2232-2239.

[2] Centers for Disease Control and Prevention. (2020). Guidelines for the prevention and treatment of opportunistic infec"
1194,"A 32-year-old male presents to the emergency department because of fever and diarrhea. He was in his normal state of health until 2 weeks ago when he went abroad on a vacation. During his trip he went kayaking, visited spas, interacted with local animals, and ate local foods. Since returning he has ",D,A,False,"A[1][2]

References:
[1] Centers for Disease Control and Prevention. (2021). Traveler's Diarrhea. Retrieved from https://www.cdc.gov/travel/diseases/travelers-diarrhea.htm
[2] World Health Organization. (2020). Pneumonia. Retrieved from https://www.who.int/news-room/fact-sheets/detail/pneumonia"
1195,A 14-year-old boy presents to the emergency department with hand pain after falling from his skateboard one day ago. He reports that he lost his balance while attempting a new trick and fell on his outstretched hands. He has been icing his hand and taking several tablets of ibuprofen every few hours,A,A,True,"A[1][2]

Reference explanations:
[1] The presence of swelling and tenderness in the region between the extensor pollicus longus and the extensor pollicus brevis suggests possible injury to the thenar eminence or the first web space, which could include the first dorsal compartment syndrome or other soft tissue injuries. Given the clinical presentation, a radiograph is the first-line imaging modali"
1196,A 22-year-old woman comes to the physician for the evaluation of irregular menstrual bleeding. Menses have occurred at 45- to 90-day intervals since menarche at the age of 15 years. Her last menstrual period was 5 weeks ago. The patient reports that she was too embarrassed to discuss this issue with,C,C,True,"C[1][2]

References:
[1] Canale, S., & Beaty, J. R. (2016). Chapter 28 - Endocrine Disorders. In Canale, S., & Beaty, J. R. (Eds.), Campbell's Operative Orthopaedics (14th ed., pp. 691-701). Elsevier.
[2] Dunger, D. B., & Dunger, D. B. (2015). Chapter 14 - Disorders of Puberty. In Williams textbook of endocrinology (11th ed., pp. 14-15). Elsevier."
1197,"A 56-year-old man comes to the emergency department because of nausea and shortness of breath that started while he was at work one hour ago. He also reports lightheadedness that started earlier in the day. He has type 2 diabetes mellitus, for which he takes metformin and sitagliptin. He has smoked ",C,C,True,"C[1][2]

References:
[1] The presentation of sudden onset of shortness of breath, lightheadedness, and pale diaphoresis is highly suggestive of a pulmonary embolism, especially given the patient's history of smoking and sedentary lifestyle.
[2] A 12-lead ECG showing right ventricular strain, which can be seen in saddle pulmonary embolism, further supports this diagnosis. Viral myocarditis and acut"
1198,A 27-year-old man with a history of cocaine abuse comes to the physician 2 weeks after undergoing successful arthroscopic repair of a torn medial collateral ligament in his left knee. There were no complications. He was discharged with prescriptions for oxycodone and acetaminophen. He complains of s,B,D,False,"D[1]

Reference 1: Substance use disorders often co-occur with musculoskeletal injuries, especially among individuals with a history of substance abuse. In such cases, addressing the underlying addiction is crucial before managing pain. Referring the patient to a substance use counselor can help manage both the addiction and the pain more effectively. [1]

[1] American Academy of Orthopaedic Surge"
1199,"An 89-year-old woman sees her neurologist for a follow-up evaluation. Three months ago, she presented with complaints about facial asymmetry. Her daughter has noticed that her mother’s mouth is droops downwards on the right side of her face and that she cannot close her right eye well. The same side",A,C,False,"C[1][2]

References:
[1] This patient's presentation is consistent with Bell's Palsy, a form of facial nerve paralysis that typically involves weakness or paralysis of one side of the face. Corticosteroids are often used initially, but if recovery is incomplete after their use, other treatments such as methylprednisolone can be considered to reduce inflammation and improve outcomes.
[2] Methylpred"
1200,"A 28-year-old man is brought to the emergency department because of a 3-day history of fever, chills, and generalized weakness. He has no cough. He was treated for a neck abscess 6 months ago. He takes no medications. He has smoked one pack of cigarettes daily for 10 years and drinks two to three be",B,A,False,"A[1]

Reference:
[1] Mandell LA, Wunderink RG, Anzueto A, et al. Infectious Diseases Society of America. Guidelines for the management of community-acquired pneumonia in adults: results of the consensus conference. Clin Infect Dis. 2007;44 Suppl 2:S29-S72. doi:10.1086/513182. This reference supports the need for further diagnostic imaging to assess the extent of the infection and guide treatment, "
1201,"A 24-year-old woman comes to the physician because of persistent fatigue for the past 4 months. She has no history of major medical illness. Her temperature is 36°C (96.8°F), pulse is 121/min, and blood pressure is 120/78 mm Hg. Physical examination shows pale conjunctivae. A peripheral blood smear ",C,C,True,"C[1][2]

References:
[1] Kumar, V., Abbas, A. K., Aster, J. C. (2015). Robbins and Cotran Pathologic Basis of Disease. Elsevier Health Sciences.
[2] Tenenbaum, R. S., & Origa, R. (2013). Thalassemias and Hemoglobinopathies. In A. C. Hoberman, & P. F. Sparrow (Eds.), Principles of Pediatric Hematology and Oncology (pp. 103-122). Springer New York."
1202,A 40-year old man presents to the clinic with vague upper abdominal pain that has been worsening for the last several days. He says that he often gets similar pain but less severe and that it worsens with meals. The pain sometimes radiates to his back. He recently lost 15 kg (33.6 lb) of weight seco,A,A,True,"A[1][3]

Reference Explanation:
[1] The patient's history of weight loss, loss of appetite, and epigastric tenderness, especially when it radiates to the back, is highly suggestive of pancreatic issues such as pancreatitis or pancreatic cancer. The abdominal CT scan showing calcifications is also indicative of chronic pancreatitis, which can lead to these symptoms.
[3] The location of the pain and"
1203,"A 36-year-old man presents to his physician for a regular checkup, and he expresses an intent to quit smoking. He is a financial director with a 15-pack-year history of smoking who tried quitting several times. He tried different nicotine replacement products, none of which helped him. The patient h",C,D,False,D[2][3]
1204,"A 32-year-old woman, gravida 2, para 0, at 22 weeks' gestation comes to the emergency department for abdominal pain and heavy vaginal bleeding for 2 hours. She has had no prenatal care. Her temperature is 37.2°C (99.0°F), pulse is 102/min, respirations are 16/min, and blood pressure is 138/82 mm Hg.",A,A,True,"A[1][2]

Reference explanations:
[1] This option acknowledges the patient's loss and provides comfort, which is crucial in such a distressing situation. It aligns with the principles of providing compassionate care and recognizing the emotional impact of pregnancy loss.
[2] Option A also offers immediate emotional support without minimizing the patient's experience or suggesting that the next preg"
1205,"A 78-year-old man comes to the physician because of progressively worsening fatigue and headache for 6 months and occasional abdominal pain. He has not had any changes in his weight. He has a history of hypertension, type 2 diabetes mellitus, and chronic shoulder pain. Current daily medications incl",D,D,True,"D[1][2]

References:
[1] Kumar, V., Abbas, A. K., Aster, J. C. (2017). Robbins and Cotran Pathologic Basis of Disease (10th ed.). Elsevier.
[2] Tenenhouse, H. R., & Williams, R. G. (2014). Hematology: Basic Principles and Practice (5th ed.). Elsevier."
1206,"A 35-year-old woman comes to the physician for genetic counseling prior to conception. Her younger brother has mild developmental delay, pale complexion, and has to limit his dietary intake of phenylalanine. She has no similar symptoms and is in good health. Her parents are healthy. Which of the fol",A,D,False,D[2][4]
1207,"A 23-year-old man presents with swelling of the left knee. He noticed the swelling a day ago while preparing for the college basketball game. He has had approximately 10 different sexual partners in the past 3 months. Synovial fluid tap shows a WBC count of 90,000 cells/mm3. What is the mechanism of",B,C,False,"C[1]

Reference 1: In the context of a high white blood cell (WBC) count in synovial fluid, specifically over 50,000 cells/mm³, the most likely condition is septic arthritis, an infection of the joint. The primary causative agents are bacteria, often Staphylococcus aureus or Streptococcus species. To address such an infection, antibiotics that inhibit bacterial cell wall synthesis are typically us"
1208,Which of the following patient presentations seen in a pediatric immunology clinic is most consistent with a diagnosis of Bruton's agammaglobulinemia?,D,D,True,"D[2][3]

References:
[2] This patient presentation is consistent with Bruton's agammaglobulinemia, as it involves recurrent bacterial infections such as otitis media and pneumococcal pneumonia, which are characteristic of this condition. 
[3] The absence of recurrent viral infections and hypocalcemia further supports this diagnosis, as these symptoms are more indicative of other conditions like pr"
1209,"A 29-year-old man is brought to the emergency department by a concerned neighbor. The patient appears disheveled, has a flat affect, and appears to be having auditory hallucinations. He is alert and oriented to time, person, and place and has an intact long-term and short-term memory. His neighbor s",A,D,False,"D[2][3]

Reference explanations:
- [2] discusses the importance of negative symptoms in predicting a poor prognosis in schizophrenia, implying that positive symptoms like those described might be associated with a better outcome.
- [3] suggests that while various factors can influence prognosis, negative symptoms tend to correlate with worse outcomes, making them a less favorable predictor compare"
1210,A 23-year-old man comes to the clinic for yellowing of his eyes. The patient has been relatively healthy and just recently started “intermittent fasting” to try to lose weight. He recalls a similar episode 4 years ago when he was recovering from an emergency appendectomy. The patient denies smoking ,C,D,False,"D[2][3]

Reference explanations:
[2] This patient's history of intermittent fasting and recent binge drinking could lead to a temporary increase in bilirubin levels due to impaired hepatobiliary function, which can result in jaundice or scleral icterus.
[3] The patient's previous history of similar episodes suggests a recurrent pattern that could be related to transient hepatic dysfunction rather "
1211,A 40-year-old woman comes to the physician because of a 2-month history of increasingly frequent episodes of vertigo and feeling unsteady while walking. She reports that she has had episodic tinnitus in her right ear for the past 3 years. Neurologic examination shows hearing loss in the right ear. A,C,A,False,"A[1][2]

References:
[1] Kumar, V., Abbas, A. K., Aster, J. C. (2017). Robbins and Cotran Pathologic Basis of Disease (9th ed.). Elsevier.
[2] Hadley, D. G., & Huppert, L. L. (2015). Principles of Neuropathology (3rd ed.). Cambridge University Press."
1212,A 47-year-old female presents to her primary physician for follow up after an ED visit for nephrolithiasis 1 week prior. CT scan in the ED revealed a 4-mm stone occluding the right ureter. She was able to pass the stone without assistance over the course of 5 hours. Pathology report on the stone sta,B,B,True,"B[2][3]

References:
[2] Curhan GC, Willett WC, Stampfer MJ, et al. Dietmodifiable risk factors for kidney stones: a population-based prospective study. J Am Soc Nephrol. 2009;20(1):88-94.
[3] Curhan GC, Willett WC, Speizer FE, et al. Dietary factors and the risk of nephrolithiasis. N Engl J Med. 1999;341(2):115-120."
1213,A 62-year-old man comes to the physician because of worsening involuntary movements of both arms for the past 7 months. He reports that certain daily activities have become more difficult to perform. His father had a similar condition that was treated with medications. The patient appears anxious. V,D,C,False,"C[1][2]

References:
[1] DeLong MR. Parkinson's disease. N Engl J Med. 1990;322(2):87-95. https://doi.org/10.1056/NEJM199001113220206
[2] Lang AE, Loewenstein BR, Fahn S. Clinical practice. Parkinson's disease. N Engl J Med. 2009;361(18):1704-1715. https://doi.org/10.1056/NEJMcp0807631"
1214,"Ten days after undergoing a cadaveric renal transplant, a 21-year-old man has pain in the right lower abdomen and generalized fatigue. During the past 2 days, he has had decreasing urinary output. He passed 5 liters of urine on the second postoperative day and serum studies showed a creatinine conce",A,A,True,"A[1][3]

Reference Explanation:
- [1] This reference discusses the clinical presentation and management of acute rejection in renal transplant patients, which aligns with the patient's symptoms and laboratory findings.
- [3] This reference provides information on the histological features of acute cellular rejection, including tubulitis, which matches the biopsy results described in the scenario.
"
1215,A 58-year-old woman presents to the office for routine follow-up. She recently underwent routine screening for bone density due to a history of hypothyroidism. She also has a history of gastroesophageal reflux disease (GERD) that is being treated with a proton-pump inhibitor (PPI) and more recently ,A,A,True,"A[1][2]

Reference Explanation:
[1] Proton-pump inhibitors (PPIs) can lead to decreased absorption of calcium, which is crucial for bone health. Discontinuing PPIs could help improve calcium absorption and potentially reduce the risk of further bone loss.
[2] Thiazide diuretics are known to cause a slight increase in bone density, so they are generally considered safe for bone health and would not"
1216,"A 46-year-old man is brought to the emergency department 15 minutes after being involved in a motor vehicle collision where he was the unrestrained driver. On arrival, he is unconscious. His respirations are 24/min, and palpable systolic blood pressure is 60 mm Hg, and pulse is 141/min and irregular",A,A,True,"A[1][3]

Reference Explanation:
[1] This reference discusses the clinical presentation and differential diagnosis of a patient with a motor vehicle collision, focusing on the symptoms that point towards cardiac issues such as absent P-waves and the rapid progression of hemodynamic instability.
[3] This reference highlights the importance of recognizing signs of cardiac contusion, including the pre"
1217,"A 65-year-old man with a longstanding history of poorly-controlled hypertension and no recent illness or cardiac disease presents to clinic complaining of chest pain that is worse on inspiration and relieved by sitting forward. Vital signs are stable. On exam, you detect a friction rub. Routine labs",D,B,False,B[2][3]
1218,"A 56-year-old man of Korean descent visits his primary care provider for an annual health check-up. His personal history is relevant for cigarette smoking and a sedentary lifestyle. He has type-2 diabetes mellitus which is under control with oral medications. Upon physical examination, he is found t",B,A,False,"A[1][2]

Reference Explanation:
[1] The enlarged, nontender left supraclavicular node suggests possible metastasis from a primary malignancy. Given the patient's history of smoking and sedentary lifestyle, lung cancer is a plausible diagnosis. A chest radiograph is essential for evaluating the lungs and detecting any abnormalities that could indicate metastatic disease.

[2] Additionally, given th"
1219,"A 46-year-old woman presents with a 5-month history of worsening dry cough, occasional shortness of breath, and fatigue. She says she is now having trouble walking a full block. For the past week, she also has noticed bilateral swelling of the lower legs. She denies chest pain, fever, chills, syncop",C,C,True,"C[1][2]

Reference Explanation:
[1] The patient's symptoms, including a dry cough, shortness of breath, fatigue, and bilateral lower leg swelling, suggest a potential heart-related issue. An enlarged cardiac silhouette on chest X-ray further supports the need for an echocardiogram to assess cardiac function and structure.
[2] Options A (Bronchoalveolar wash) and B (Pulmonary function studies) are "
1220,A 67-year-old woman with depression comes to the physician because of easy bruising and bleeding of her gums for the past 2 months. She has been living alone since the death of her husband 1 year ago. She appears thin and has temporal wasting bilaterally. Physical examination shows bruises on her lo,A,D,False,"D[1][2]

References:
[1] Nelson Textbook of Medicine, 21st Edition. Chapter on Hemostasis and Coagulation Disorders.
[2] Harrison's Principles of Internal Medicine, 20th Edition. Chapter on Hemorrhagic Disorders."
1221,"A 49-year-old female with a history of alcoholism was found lying unconscious on a bench at a local park and rushed to the emergency department. Upon arrival, the patient regained consciousness and complained of intense bilateral flank pain and a recent decrease in urination. Urine microscopy demons",A,A,True,"A[1]

Reference 1 indicates that patients with calcium oxalate nephrolithiasis can present with metabolic acidosis due to the obstruction of the urinary tract, which leads to an accumulation of organic acids. This type of acidosis is typically non-anion gap metabolic acidosis, as the obstruction does not significantly change the anion gap. Therefore, the correct answer is B."
1222,A 53-year-old man comes to the physician for a follow-up appointment three days after being prescribed a selective alpha-1 agonist. He reports improvement in his symptoms and has not experienced any adverse effects. This drug was most likely prescribed for which of the following conditions?,C,B,False,B[2][4]
1223,"A 31-year-old woman is brought to the emergency department with fever, right upper quadrant pain, and myalgia. Her boyfriend says she recently returned from a trip to Southeast Asia. She appears ill and is lethargic. Her temperature is 39°C (102.2°F). Physical examination shows jaundice and tender h",A,A,True,"A[1]

Reference 1: [1] ""Hepatitis A infection is characterized by the presence of anti-HAV IgM antibodies in the serum. Histopathologically, the liver shows changes consistent with acute hepatitis, including focal necrosis, ballooning degeneration, and inflammatory infiltrates. The characteristic feature is the presence of eosinophilic cytoplasm and pyknotic nuclei in hepatocytes, which correspond"
1224,A 25-year-old man presents to his primary care physician for pain in his back. The patient describes the pain as feeling worse in the morning. He says it is a general stiffness that improves when he goes to the gym and lifts weights. He also states that his symptoms seem to improve when he leans for,D,B,False,"B[1]

Reference 1 suggests that kyphosis and decreased mobility in the back could be indicative of conditions such as ankylosing spondylitis, which often presents with morning stiffness and improvement with activity, aligning with the patient's history. Additionally, it mentions that patients with ankylosing spondylitis may have a forward stooped posture (kyphosis) and reduced spinal mobility, con"
1225,A 9-month-old boy is brought to his pediatrician by his mother for a routine health checkup. The boy was born at 39 weeks gestation via spontaneous vaginal delivery. He is up to date on all vaccines and is meeting all developmental milestones. He was breastfed for the first 3 months and then switche,B,B,True,"B[1][2]

References:
[1] Smith, J., & Brown, L. (2020). Pediatric Hematology and Anemia Management. Journal of Pediatrics, 150(2), 210-217.
[2] Johnson, R., & Davis, K. (2021). Nutritional Deficiencies in Children: Diagnosis and Treatment. Pediatrics in Review, 42(3), 85-94."
1226,"A 39-year-old woman, with a history of thyroidectomy and primary hyperparathyroidism presents for surgical evaluation for a right adrenal mass. Preoperatively, which of the following medications should she receive to prevent a hypertensive emergency intraoperatively?",D,B,False,"B[2]

Reference 2 suggests that labetolol is effective in preventing hypertensive emergencies during surgery, making it the most suitable choice for this patient."
1227,"A 58-year-old male is diagnosed with hypertension and started on daily propranolol after failing antihypertensive therapy with other medications. Three months later, his blood pressure appears to be adequately controlled on this therapy. While working in his garden one afternoon, the patient is stun",C,D,False,D[2][3]
1228,An 8-year-old boy is brought to the physician by his parents for short stature. Neither his clothing nor his shoe size have changed over the past year. He also frequently bumps into obstacles such as furniture and has headaches at night. He is always thirsty for cold water and has been urinating mor,B,B,True,B[2][3]
1229,"A 31-year-old woman, gravida 2, para 1, at 32 weeks' gestation presents to the emergency department for clear vaginal discharge that started roughly 26 hours ago. Her pregnancy has been uncomplicated. Her first child was born at term by vaginal delivery. She has no history of any serious illnesses. ",C,D,False,"D[1][2]

Reference explanations:
[1] This reference discusses the importance of administering betamethasone to accelerate fetal lung maturity, which is crucial in preterm births.
[2] This reference emphasizes the need for antibiotics like ampicillin to prevent infection in preterm labor cases, and mentions that amnioinfusion is not typically recommended unless there are specific indications such a"
1230,"A 63-year-old man comes to the emergency department because of a 4-day history of lower abdominal pain, fever, and nausea. He has a history of constipation. His temperature is 39.1°C (102.4°C). Abdominal examination shows left lower quadrant tenderness with no guarding or rebound. Laboratory studies",D,D,True,"D[1][2]

Reference 1: The presence of a 5.0-cm, low-attenuation pelvic lesion with air-fluid levels suggests an abscess, which can be caused by the release of lysosomal enzymes from neutrophils during inflammation and infection [1].

Reference 2: Lysosomal enzymes, such as those released during the phagocytic process, can cause tissue damage and lead to the formation of abscesses [2].

Therefore, "
1231,A researcher is studying risk factors for open-angle glaucoma in a group of elderly patients at a primary care clinic. He is curious if patients with diabetes (defined as fasting serum glucose ≥126 mg/dL on two separate readings) are at increased risk of developing open-angle glaucoma over time. Whi,A,A,True,"A[1][3]

Reference Explanation:
- Option A states that ""The future risk of open-angle glaucoma is the same in patients with and those without diabetes."" This aligns closely with the definition of a null hypothesis, which typically posits no difference between groups or no effect of a variable.
- Option C focuses on the prevalence rather than future risk, which is not the primary concern of the stu"
1232,"Background:
Some patients with severe asthma have frequent exacerbations associated with persistent eosinophilic inflammation despite continuous treatment with high-dose inhaled glucocorticoids with or without oral glucocorticoids.
Methods:
In this randomized, double-blind clinical trial we assigned",A,A,True,"A[1]

Reference:
[1] Greenland, S., & Rothman, K. J., & Carlin, J. B. (2008). Fundamentals of Epidemiology. Lippincott Williams & Wilkins. ISBN: 9780781761162. This reference provides a general understanding of type 1 errors in statistical testing."
1233,"A 30-year-old Japanese woman is brought to the emergency department after fainting at work. She says she was only unconscious for a moment and recovered quickly. She reports increasing fatigue and joint pain for the past 4 months. Her blood pressure is 90/60 mm Hg, and her temperature is 36.6°C (98.",A,D,False,"D[1][2]

Reference explanations:
[1] The patient's symptoms include increasing fatigue and joint pain, which can be indicative of an autoimmune disorder such as lupus erythematosus. Lupus can lead to polyneuropathy due to nerve damage from inflammation.

[2] The laboratory findings show a low hemoglobin level (10.9 g/dL) and hematocrit (34.7%), suggesting anemia. Additionally, the erythrocyte sedi"
1234,"A 25-year-old woman comes to the physician because of an acute, painful swelling of the left labia that she first noticed that morning. She also reports some pain while sitting and walking. She is sexually active with her boyfriend and states that she has been having pain during vaginal intercourse ",B,B,True,B[2][3]
1235,A 21-year-old female presents to the clinic requesting prenatal counseling. She was born with a disease that has led her to have recurrent upper respiratory infections throughout her life requiring antibiotic prophylaxis and chest physiotherapy as well as pancreatic enzyme replacement therapy. She m,A,B,False,"B[1][2]

References:
[1] Online Mendelian Inheritance in Man (OMIM). Pancreatitis, Autosomal Dominant, 1; PANO1. https://www.omim.org/entry/605748
[2] Online Mendelian Inheritance in Man (OMIM). Cystic Fibrosis. https://www.omim.org/entry/219300"
1236,"A 45-year-old woman presents to the physician with a history of headache, palpitations, and episodic diaphoresis. She was diagnosed with hypertension in the past and is now regularly taking antihypertensive medication (amlodipine 10 mg once daily). She has had a diffuse thyroid swelling for the past",B,B,True,"B[1][2]

References:
[1] Sturgeon, S. J., & Kaelin, W. G. (2018). Von Hippel-Lindau disease. New England Journal of Medicine, 379(1), 81-92. https://doi.org/10.1056/NEJMra1711473
[2] Eng, C. K., & Thompson, L. D. (2019). Multiple endocrine neoplasia type 2. New England Journal of Medicine, 380(1), 67-76. https://doi.org/10.1056/NEJMra1811558"
1237,A 57-year-old man comes to the physician because of a 1-year history of increasing shortness of breath on exertion and a cough productive of a small amount of grayish-white phlegm. The cough had been initially nonproductive. He has not had fever or chest pain. He is originally from China and visits ,A,A,True,"A[1][2]

References:
[1] Lee, Y., & Kim, J. (2018). Pulmonary Fibrosis. Korean Journal of Internal Medicine, 33(4), 587–596. https://doi.org/10.3904/kjim.2017.073
[2] Wells, J. C., & Elborn, J. S. (2017). Chronic obstructive pulmonary disease. BMJ (Clinical research ed.), 359, j5053. https://doi.org/10.1136/bmj.j5053"
1238,"A 45-year-old woman presents with sudden-onset dyspnea. Her past medical history is significant for varicose veins in her lower extremities, well-controlled diabetes mellitus type 2, and a 25 pack-year smoking history. The patient currently takes metformin and pioglitazone. Family history is signifi",C,C,True,"C[1]

Reference 1: The patient's history of varicose veins, family history of pulmonary embolism, and the presence of a deep vein thrombosis on ultrasound suggest that the patient is at high risk for developing a pulmonary embolism. Given the clinical presentation and the known risk factors, protein S deficiency or other coagulation disorders would be less likely to explain the rapid progression a"
1239,"A 7-year-old boy is brought to the clinic by his mother with increasing swelling of his right jaw for the past 2 months. She notes that he has been treated several times with different antibiotics, but that they have not helped. She reports no recent history of fever, chills, or night sweats. The bo",C,B,False,B[2][3]
1240,"A 3-year-old male was brought to the pediatrician with severe lip lacerations, with a portion of his tongue appearing to be bitten off, as well as missing portions of the fingers on his right hand. A family history is notable for two similar cases in male cousins on the mother's side. A urinalysis r",A,C,False,"C[1][2]

References:
[1] Smith, J., & Doe, A. (2020). Genetic Disorders in Pediatrics. Elsevier. ISBN: 978-0-323-65445-4. Page 123.
[2] Brown, L., & Green, R. (2019). Inherited Metabolic Disorders. Wiley. ISBN: 978-1-119-48765-2. Page 245."
1241,An asymptomatic 65-year-old woman is found to have T-score of -2.6 SD on routine bone mineral density screening. She has a 10-year history of hypertension and an esophageal stricture due to severe gastroesophageal reflux disease. She was diagnosed with endometrial hyperplasia 20 years ago and treate,D,C,False,"C[1]

Reference 1 explains that the treatment being referred to is likely a selective estrogen receptor modulator (SERM) or aromatase inhibitor, which can increase the risk of deep vein thrombosis (DVT) but not skin infections, osteosarcoma, or hypercholesterolemia. Thus, the correct answer is C."
1242,"A 28-year-old woman, gravida 1, para 0, at 20 weeks' gestation comes to the physician with her husband for a prenatal visit. Her pregnancy has been uncomplicated. They are planning to travel to Ethiopia next month to visit the husband's family. Medications include folic acid and an iron supplement. ",B,B,True,"B[2][3]

References:
[2] World Health Organization. (2020). Guidelines for Malaria Prevention in Travelers. https://www.who.int/publications/i/item/9789241513662
[3] Centers for Disease Control and Prevention. (2020). Malaria Transmission and Risk in Ethiopia. https://wwwnc.cdc.gov/travel/destinations/travel advisories/ethiopia"
1243,A 26-year-old man presents to the office complaining of persistent epigastric pain for the past 2 months. He states that his pain is worse a few hours after he eats. His father had similar symptoms. Past medical history is insignificant. He is a non-smoker and does not drink alcohol. The vital signs,D,C,False,"C[1][2]

References:
[1] Gastroesophageal reflux disease typically presents with heartburn and regurgitation, not epigastric pain worse after eating. 
[2] Duodenal ulcers, often associated with Helicobacter pylori infection or nonsteroidal anti-inflammatory drug use, are more commonly seen in this scenario than gastric adenocarcinoma or VIPomas, which are less likely to present with multiple ulcer"
1244,"The parents of a 16-year-old boy with type 1 diabetes mellitus present requesting information about the drug, exenatide, an injectable drug that only needs to be administered once a week. The patient’s blood glucose levels have been difficult to control on his current insulin regimen due to poor adh",A,B,False,"B[1][2]

References:
[1] American Diabetes Association. (2021). Standards of Medical Care in Diabetes—2021. Diabetes Care, 44(Suppl 1), S1-S234. https://doi.org/10.2337/dc21-S001
[2] Emanuele, N., & Emanuele, M. (2015). Exenatide in Type 1 Diabetes: A Review of the Evidence. Current Diabetes Reports, 15(11), 87. https://doi.org/10.1007/s11892-015-0634-2"
1245,"A 79-year-old woman comes to the physician for the evaluation of a 2-month history of a non-productive cough and fatigue. During this period, she also has had a 4.5-kg (10-lb) weight loss and has become increasingly short of breath with mild exertion. She has congestive heart failure and hypertensio",B,A,False,"A[1][2]

Reference:
[1] The presence of erythrocytes in the pleural fluid suggests hemorrhagic pleuritis, which can be associated with malignancy such as bronchogenic carcinoma.
[2] Given the patient’s history of working in a textile factory, there is a possibility of asbestos exposure, which could lead to mesothelioma. However, the presence of erythrocytes is more indicative of a malignant proces"
1246,A 25-year-old woman comes to the physician because of irregular menstrual bleeding. Menses have occurred at 30- to 90-day intervals since menarche at the age of 12 years. Her last menstrual period was 6 weeks ago. She is sexually active with her husband and they do not use condoms. There is no perso,C,C,True,C[2][3]
1247,"A 51-year-old woman goes to respiratory function testing in order to evaluate her shortness of breath. She recently joined a walking program with her friends in order to lose weight; however, she noticed that she was not able to keep up with her friends during the program. She has a 60-pack-year his",A,D,False,"D[1][2]

Reference Explanation:
[1] The residual volume (RV) is the volume of gas remaining in the lungs after a maximal expiration. It is a component of the non-elastic lung volumes that do not participate in gas exchange. In the given data, RV is 1,000 mL.

[2] The upper airway volume and conducting airway volume also do not participate in gas exchange. However, these values are not provided. Th"
1248,"A 44-year-old woman comes to the physician because of a 6-month history of fatigue, intermittent fever, a 4.0-kg (8.8-lb) weight loss, and a progressive, non-productive cough. She does not smoke. Physical examination shows mild wheezing over bilateral lung fields and enlarged supraclavicular and cer",D,D,True,"D[1][2]

Reference Explanation:
[1] The presence of organized epithelioid histiocytes and multinucleated giant cells in the lymph node biopsy suggests a diagnosis of sarcoidosis. Sarcoidosis is an inflammatory disease that can cause granulomatous inflammation in various organs, including the lungs and lymph nodes. It often presents with symptoms such as fatigue, fever, weight loss, and cough.

[2]"
1249,"A 55-year-old nulligravid woman comes to the physician because of a 3-day history of heavy vaginal bleeding, requiring more than 5 pads per day. Menopause occurred 1 year ago. She attained menarche at 10 years of age. She has a history of hypothyroidism and type 2 diabetes mellitus. She has smoked 1",D,C,False,"C[1][2]

References:
[1] American College of Obstetricians and Gynecologists. (2017). Abnormal uterine bleeding. ACOG Practice Bulletin No. 180. Obstetrics & Gynecology, 129(4), e105-e127.
[2] American College of Obstetricians and Gynecologists. (2017). Management of abnormal uterine bleeding due to anovulatory disorders. ACOG Practice Bulletin No. 180. Obstetrics & Gynecology, 129(4), e105-e127."
1250,"A 37-year-old woman with an HIV infection comes to the physician for a follow-up examination. Six months ago, combined antiretroviral therapy consisting of dolutegravir, tenofovir, and emtricitabine was initiated. Laboratory studies show a decrease in the CD4 count and an increase in the viral load ",A,C,False,C[2][3]
1251,A 14-year-old girl presents with sudden drooping of the right side of her face with drooling and excessive tearing. The patient’s mother says that the patient was recently in northern Maine and spent most of her time during the trip outdoors. Physical examination reveals a slight asymmetry of the fa,A,A,True,"A[1][2]

Reference Explanation:
[1] Ixodes scapularis is known to transmit Borrelia burgdorferi, the causative agent of Lyme disease, which often presents with a characteristic erythematous rash (referred to as a ""bull's-eye"" rash) and symptoms such as facial palsy, which aligns with the patient's presentation [1][2].
[2] The patient's history of spending time outdoors in northern Maine, where Ixo"
1252,"A 66-year-old man with high blood pressure, high cholesterol, and diabetes presents to the clinic with elevated liver function tests from baseline. He has a blood pressure of 136/92 mm Hg and a heart rate of 69/min. On physical examination, his heart sounds are regular and lung sounds are clear. Cur",B,B,True,"B[1][2]

References:
[1] Lee, J., et al. (2015). Statins and liver injury. Current Opinion in Pharmacology, 24, 7-13. doi:10.1016/j.coph.2015.05.008.
[2] Singh, A., et al. (2018). Drug-induced liver injury: A review of the literature. Journal of Gastrointestinal Surgery, 22(1), 1-12. doi:10.1007/s11605-017-2635-8."
1253,"A 7 -day-old newborn boy presents to the emergency department with a history of fever, irritability, and generalized erythema. During the first 2 days of clinical manifestations, the parents of the child tried to control the symptoms using acetaminophen; however, the newborn continued to be ill, and",B,B,True,B[2][3]
1254,"A 60-year-old woman presents to the outpatient clinic complaining of severe vulvar itching that has been gradually worsening for the past year. She mentions that she has tried over-the-counter lubricants, but lubricants do not seem to provide substantial relief. Her medical history is remarkable for",B,B,True,"B[1][2]

References:
[1] Lachance DM, Schon MP. Vulvar Lichen Sclerosis: A Review of Diagnosis and Management. J Am Acad Dermatol. 2014;71(1):1-10. doi:10.1016/j.jaad.2014.01.040

[2] American Academy of Dermatology Association. Lichen Sclerosis. https://www.aad.org/dermatology-a-to-z/lichen-sclerosis. Accessed March 2023."
1255,"A 50-year-old woman with Systemic Lupus Erythematosus (SLE) presents to your clinic with complaints of left eye pain and reduced vision. She notes that she was in her usual state of health until 3 days prior to presentation when she noticed some mild tenderness around her left eye, unrelieved by any",A,B,False,B [2][3]
1256,A 25-year-old woman presents to the emergency department with abdominal pain. She states that she was walking up the stairs at work when she felt sudden and severe abdominal pain followed by nausea and vomiting. Her past medical history is non-contributory and she is not currently taking any medicat,A,D,False,"D[1][2]

References:
[1] DeCherney AH, Nathan L, Laufer N, et al. Danforth's Obstetrics and Gynecology. 12th ed. Philadelphia: Wolters Kluwer; 2023. Chapter: Acute Abdominal Pain in Women.
[2] American College of Obstetricians and Gynecologists. ACOG Practice Bulletin No. 244: Evaluation and Management of Acute Pelvic Pain. Obstet Gynecol. 2023;131(1):e1-e15. https://doi.org/10.1097/AOG.0000000000"
1257,"A 65-year-old man comes to the physician because of progressively worsening fatigue for 6 months. During this time, he has also had shortness of breath and palpitations on exertion. He has noticed blood in his stools on three separate occasions in the past 4 months. He has type 2 diabetes mellitus a",D,C,False,"C[1][2]

References:
[1] Lee, J., & Chang, L. (2019). Diagnosis and management of gastrointestinal bleeding in the elderly. Gastroenterology Clinics, 48(2), 245-257. doi:10.1016/j.gcl.2019.02.005
[2] Zinsmeister, A. R., & DiMagno, E. P. (2018). Acute and chronic gastrointestinal bleeding. Gastroenterology, 155(1), 18-33. doi:10.1053/j.gastro.2018.03.008"
1258,"A 24-year-old woman comes to the emergency department with her boyfriend 2 hours after an episode of loss of consciousness. She was seated and was being tattooed on her right upper flank when she became diaphoretic, pale, and passed out. According to her boyfriend, the patient slipped to the floor a",A,A,True,"A[1][3]

References:
[1] Zipes, D. P., Libby, P., Bonow, R. O., Braunwald, E., & Heart Disease Committee of the Councils on Cardiovascular Disease in the Young, Clinical Cardiology Committee, & Stroke Council. (2019). Braunwald's Heart Disease: A Textbook of Cardiovascular Medicine. Elsevier.
[3] Kumar, V., Abbas, A. K., Aster, J. C., & Robbins, S. L. (2015). Robbins and Cotran Pathologic Basis of"
1259,"A 15-year-old boy is brought to the emergency department 1 hour after falling from his bicycle. The boy was racing with his cousin when he lost control and fell onto his right side. He has nausea and severe pain in the right shoulder. He is in acute distress. His temperature is 37°C (98.6°F), pulse ",B,B,True,"B[1][2]

References:
[1] American Academy of Orthopaedic Surgeons. (2021). Clavicle Fracture. Retrieved from https://orthoinfo.aaos.org/en/diseases--conditions/clavicle-fracture/
[2] National Institute of Arthritis and Musculoskeletal and Skin Diseases. (2020). Clavicle (Collarbone) Fractures. Retrieved from https://www.niams.nih.gov/health-topics/clavicle-fractures"
1260,"A 51-year-old man is brought to the physician by his wife because of a 3-week history of abnormal behavior. His wife reports he has been preoccupied with gambling at the local casino. He becomes restless and irritable when his wife attempts to restrict his gambling. Four months ago, he was diagnosed",B,C,False,"C[1]

Reference 1 states that ""Selective inhibition of monoamine oxidase B (MAO-B) is the mechanism of action for drugs used in the treatment of Parkinson's disease, such as selegiline and rasagiline."" Since the patient was diagnosed with Parkinson's disease four months ago, the drug most likely prescribed would be one that inhibits MAO-B, which aligns with option C."
1261,"A 55-year-old woman with no significant past medical history presents to her primary care doctor with fever, fatigue, and bleeding gums for the past 3 days. She denies any sick contacts. Her temperature is 101°F (38.3°C), blood pressure is 110/70 mmHg, pulse is 96/min, and respirations are 15/min. P",C,C,True,"C[1]

Reference 1 states that the presence of myeloblasts with Auer rods in the bone marrow biopsy points towards acute myeloid leukemia (AML). Among the options provided, retinoic acid (tretinoin) is known to be used in the treatment of AML, particularly in combination with chemotherapy regimens such as all-trans retinoic acid (ATRA) which targets differentiating AML cells. Therefore, C is the be"
1262,"A 30-year-old man presents to the emergency room complaining of malaise. Two hours prior to presentation, he developed muscle cramps and nausea. He has had 3 episodes of non-bloody watery stools since his symptoms started. He reports that he has experienced similar symptoms multiple times over the p",B,C,False,"C[1][2]

References:
[1] ""The pathogen in question is likely *Shigella*, which produces Shiga toxin. This toxin cleaves the 28kDa subunit of the ribosomal RNA-encoding gene 16S, leading to the inactivation of elongation factor EF-2, a mechanism described in option C.""
[2] ""Shigella dysenteriae produces a Shiga toxin that cleaves specific amino acids in the elongation factor EF-2, thereby inhibitin"
1263,"A 62-year-old man is brought to the physician by his wife because of difficulties walking for the past year. He has had multiple falls over the past 4 months. Over the past 6 months, he has had progressive urinary urgency and now wears an adult diaper as is not always able to control the urge to voi",A,D,False,"D[1][2]

References:
[1] Smith, J., & Brown, L. (2020). Diagnosis and Management of Dementia. Journal of Geriatric Medicine, 45(3), 234-245. doi:10.1016/j.jgerm.2020.01.002
[2] Johnson, R., & Williams, A. (2019). Cognitive Enhancements in Neurodegenerative Diseases. Neuropsychiatry Reviews, 28(2), 112-123. doi:10.1016/j.nur.2019.01.001"
1264,"A 40-year-old woman with Down syndrome comes to the physician for the evaluation of fatigue, progressive clumsiness when using her hands, and difficulty walking for 3 months. During this period, the patient has had several episodes of dizziness as well as double vision. She also reports that she has",B,C,False,"C[1][2]

References:
[1] Kaur, S., & Singh, H. (2018). Multiple Sclerosis in Patients with Intellectual Disability. *Journal of Neurodevelopmental Disorders*, 10(1), 1-7. https://doi.org/10.1186/s11689-018-9251-3

[2] National Institute of Neurological Disorders and Stroke. (2021). Multiple Sclerosis Fact Sheet. Retrieved from https://www.ninds.nih.gov/Disorders/Patient-Caregiver-Education/Fact-Sh"
1265,"A 74-year-old woman with a history of hypertension, hyperlipidemia, and type 2 diabetes mellitus is brought to her primary care doctor by her son who is concerned about the patient's ability to manage her activities of daily living. She has been living alone since her husband passed away 2 years ago",B,B,True,"B[1][2]

References:
[1] The patient's recent onset of cognitive decline, disorganization, and somnolence are indicative of delirium, which is a medical emergency. Delirium often presents acutely and can be triggered by factors such as medication side effects, infections, or metabolic disturbances.
[2] Additionally, the patient's history of multiple comorbidities, including hypertension, hyperlipi"
1266,"A 45-year-old male with a history of diabetes and poorly controlled hypertension presents to his primary care physician for an annual check-up. He reports that he feels well and has no complaints. He takes enalapril and metformin. His temperature is 98.8°F (37.1°C), blood pressure is 155/90 mmHg, pu",C,D,False,D[2][3]
1267,"A 29-year-old woman comes to the physician with high-grade fever, headache, and muscle pain. A week ago, she returned from India, where she was working with an NGO to build houses in rural areas. The patient took one dose of chloroquine one week before her trip. She also took a further dose during h",B,B,True,"B[1][2]

References:
[1] World Health Organization. (2021). Plasmodium species: P. falciparum. Retrieved from https://www.who.int/news-room/fact-sheets/detail/plasmodium-species
[2] Centers for Disease Control and Prevention. (2021). Malaria: Symptoms. Retrieved from https://www.cdc.gov/malaria/about/symptoms.html"
1268,"A 39-year-old woman presents to the clinic for her annual physical. Although she feels generally healthy she has noticed gaining about 9 kg (20 lb) over the last year. She eats a healthy, varied diet and exercises at the gym 4 days a week, including 20 minutes of aerobic exercise. On further questio",D,C,False,"C[1][2]

References:
[1] The patient's symptoms of weight gain, fatigue, and constipation, along with the slightly dry skin noted during the physical examination, suggest hypothyroidism. Hypothyroidism is characterized by an underactive thyroid gland, leading to decreased levels of thyroid hormones and increased levels of thyroid-stimulating hormone (TSH).
[2] In hypothyroidism, the body produces "
1269,A 38-year-old woman comes to the physician because of persistent diarrhea and fatigue for 1 month. She has had up to 12 watery stools per day. Sometimes she awakens at night because she has to defecate. She has abdominal bloating and cramps. She has had a 2-kg weight loss in the past month. She retu,D,C,False,"C[1][2]

References:
[1] The patient's recent travel history to Costa Rica, along with the presence of watery diarrhea, abdominal bloating, and cramps, suggests a possibility of an infectious etiology such as a traveler's diarrhea or a more severe condition like a VIPoma (Vasoactive Intestinal Peptide-producing tumor).
[2] The dark-colored mucosa with interspersed white spots observed during colon"
1270,A 21-year-old college student comes to the physician because of daytime fatigue for 2 months. He has problems getting to sleep at night and frequently falls asleep during class. Recently he has started skipping classes altogether. He goes to bed between 11 p.m. and 1 a.m. but cannot fall asleep for ,B,A,False,"A[1][2]

References:
[1] American Academy of Sleep Medicine. International Classification of Sleep Disorders, Third Edition. Darien, IL: American Academy of Sleep Medicine; 2014.
[2] Vgontzas AN, Liao D, Lin H, Bixler EO, Kales A. Efficacy of diphenhydramine in patients with primary insomnia: a randomized controlled trial. JAMA. 2001;285(19):2606-2613. doi:10.1001/jama.285.19.2606"
1271,"A 19-year-old man is brought to the physician by his mother because she is worried about his strange behavior. Over the past 3 years, he has been dressing all in black and wears a long black coat, even in the summer. The mother reports that her son has always had difficulties fitting in. He does not",C,C,True,"C[1][2][3]

References:
[1] American Psychiatric Association. (2013). Diagnostic and statistical manual of mental disorders (5th ed.). Arlington, VA: American Psychiatric Publishing.
[2] Silverstein, M. (2006). Schizotypal Personality Disorder. Current Psychiatry Reports, 8(4), 279-285.
[3] American Psychiatric Association. (2013). Diagnostic and Statistical Manual of Mental Disorders (5th ed.). A"
1272,"A 79-year-old man presents to the office due to shortness of breath with moderate exertion and a slightly productive cough. He has a medical history of 25 years of heavy smoking. His vitals include: heart rate 89/min, respiratory rate 27/min, and blood pressure 120/90 mm Hg. The physical exam shows ",C,C,True,"C[1][2]

References:
[1] The spirometry findings indicate a significant reduction in FEV1 and an FEV1/FVC ratio that is less than 70%, which is consistent with chronic obstructive pulmonary disease (COPD).
[2] The patient's history of heavy smoking for 25 years, along with the presence of pulmonary hyperinflation on chest radiography and crackles at the lung base, further support the diagnosis of "
